project_id,planning_company,project_name,project_type,record_confidence,parser_type,review_reason,gis,centroid,address,location_method,gis_source,location_confidence,spatial_role,location_evidence,gis_provenance,is_regional_fallback,starting_substation,ending_substation,voltage_kv,approximate_line_mileage,counties_crossed,regulatory_case_number,filing_dates,projected_year,cost,construction_time,projected_locations,source_name,source_url,source_page,source_excerpt,first_seen,last_seen,active
2062b09296d85f20df13,Duke Energy Florida,DeLand West-Dona Vista 230 kV Transmission Line Project,New transmission line,1.000,dep_project_page,accepted_structured_evidence,NA,NA,NA,NA,NA,none,NA,NA,NA,yes,DeLand West,Dona Vista,230,26.26,DeLand West Substation in Volusia County; Dona Vista Substation in Lake County; Volusia County; Lake County,20250078; Managers; 25-004655TL; TA25-20; 20250078; 25-004655TL,8/22/2025; 9/29/2025; 11/3/2025; 11/20/2025; 12/9/2025; 1/20/2026,2026,0,NA,DeLand West; Dona Vista; DeLand West Substation in Volusia County; Dona Vista Substation in Lake County; Volusia County; Lake County,Florida DEP - Siting Coordination Office,https://floridadep.gov/water/siting-coordination-office/content/def-deland-west-dona-vista-230kv-transmission-line-project,0,"DEF DeLand West-Dona Vista 230kV Transmission Line Project | Florida Department of Environmental Protection Skip to main content Florida Department of Environmental Protection A-Z Index Forms News Events Contact Us MENU About DEP How Do I Toggle submenu Apply for a Permit Apply for a Job with DEP Access the DEP Business Portal Clean Up Sites Contaminated by Petroleum Contact Geographic Information Systems (GIS) Contact the GIO Dispose of Unwanted Medicine Find DEP Standard Operating Procedures Find a Permit Find a Spring Find Hurricane Information Find Parks, Trails & Recreation Areas Find Water Supply Plans Florida Beach Access Get GIS Data Get Information About the Volkswagen Settlement, Florida Mitigation Fund Get Training and Certifications Learn about Florida’s Coral Reefs Learn about Septic Tanks Learn about Sinkholes Learn about Wastewater Management Protect the Environment from Solid and Hazardous Wastes Purchase Property Receive Analytical Lab Services Report Algal Blooms Report Suspected Weather Modification Activities Research Florida Geology Review Agency Rules See Pollution Notices Submit a Nondiscrimination Complaint View DEP's Interactive Maps Divisions Toggle submenu Administrative Services Air Resource Management Cabinet Affairs Communications Ecosystems Restoration Environmental Accountability and Transparency Environmental Assessment and Restoration Florida Geological Survey General Counsel Inspector General Intergovernmental Programs Land and Recreation Law Enforcement Legislative Affairs Office of the Secretary Ombudsman and Public Services Recreation and Parks Regulatory Programs Resilience and Coastal Protection Springs State Lands Technology and Information Services Waste Management Water Policy and Ecosystems Restoration Water Resource Management Water Restoration Assistance Districts Central District Northeast District Northwest District South District Southeast District Southwest District Air Lands Parks & Rec Waste Water Search DEF DeLand West-Dona Vista 230kV Transmission Line Project Home Divisions Division of Water Resource Management Siting Coordination Office DEF DeLand West-Dona Vista 230kV Transmission Line Project Siting-Coord",2026-09-27T13:47:19+00:00,2026-09-27T13:47:19+00:00,yes
759505de459dcaae2068,Florida Power & Light,One 230kV transmission line,Substation project,0.650,generic,missing_projected_year,NA,NA,NA,NA,NA,none,NA,Official map found but not machine-georeferenceable: https://www.fpl.com/content/dam/fplgp/us/en/reliability/pdf/andytown-oasis-preliminary-preferred-corridor.pdf,NA,yes,Oasis,Levee,230,0,NA,NA,NA,0,0,NA,Oasis; Levee,FPL - Transmission Projects,https://www.fpl.com/reliability/andytown-oasis-project.html,0,"One 230kV transmission line from FPL’s planned Oasis substation to the existing Levee substation. One 230kV transmission line from FPL’s planned Oasis substation to the existing Quarry substation. FPL evaluated various potential routes for the new transmission line corridor, some of which include existing rights-of-ways, and identified a preliminary preferred corridor. FPL is committed to keeping the community informed throughout the process and we will provide additional information as the project progresses. FPL has filed an application under the Florida’s Electric Transmission Line Siting Act. FPL will work safely and respectfully and abide by applicable environmental and governmental regulations.",2026-09-27T13:47:19+00:00,2026-09-27T13:47:19+00:00,yes
e98d8eaed8ce583320af,Florida Power & Light,Andytown-Oasis 500 kV Transmission Line Project,New transmission line,0.800,dep_project_page,accepted_structured_evidence,NA,NA,NA,NA,NA,none,NA,NA,NA,yes,Andytown,Oasis,500,0,NA,NA,NA,2026,0,NA,Andytown; Oasis,Florida DEP - Siting Coordination Office,https://floridadep.gov/taxonomy/term/454,0,"Siting Coordination Office | Florida Department of Environmental Protection Skip to main content Florida Department of Environmental Protection A-Z Index Forms News Events Contact Us MENU About DEP How Do I Toggle submenu Apply for a Permit Apply for a Job with DEP Access the DEP Business Portal Clean Up Sites Contaminated by Petroleum Contact Geographic Information Systems (GIS) Contact the GIO Dispose of Unwanted Medicine Find DEP Standard Operating Procedures Find a Permit Find a Spring Find Hurricane Information Find Parks, Trails & Recreation Areas Find Water Supply Plans Florida Beach Access Get GIS Data Get Information About the Volkswagen Settlement, Florida Mitigation Fund Get Training and Certifications Learn about Florida’s Coral Reefs Learn about Septic Tanks Learn about Sinkholes Learn about Wastewater Management Protect the Environment from Solid and Hazardous Wastes Purchase Property Receive Analytical Lab Services Report Algal Blooms Report Suspected Weather Modification Activities Research Florida Geology Review Agency Rules See Pollution Notices Submit a Nondiscrimination Complaint View DEP's Interactive Maps Divisions Toggle submenu Administrative Services Air Resource Management Cabinet Affairs Communications Ecosystems Restoration Environmental Accountability and Transparency Environmental Assessment and Restoration Florida Geological Survey General Counsel Inspector General Intergovernmental Programs Land and Recreation Law Enforcement Legislative Affairs Office of the Secretary Ombudsman and Public Services Recreation and Parks Regulatory Programs Resilience and Coastal Protection Springs State Lands Technology and Information Services Waste Management Water Policy and Ecosystems Restoration Water Resource Management Water Restoration Assistance Districts Central District Northeast District Northwest District South District Southeast District Southwest District Air Lands Parks & Rec Waste Water Search Siting Coordination Office Home Siting Coordination Office JEA St. Johns River Power Park Unit 3 Power Plant Project FPL Andytown-Oasis 500kV Transmission Line Project DEF DeLand West-Dona Vista 230kV Transmission Line Project North Broward W",2026-09-27T13:47:19+00:00,2026-09-27T13:47:19+00:00,yes
3fa24ab8c9f6fdd4820c,Florida Power & Light,Andytown-Oasis 500 kV Transmission Line Project,New transmission line,1.000,dep_project_page,accepted_structured_evidence,NA,NA,NA,NA,NA,none,NA,NA,NA,yes,Andytown,Oasis,500,31.2,Andytown Substation in Broward County; Oasis Substation in Miami-Dade County; Miami-Dade County; Broward County,20260020; Managers; 26-002609TL; TA26-21; 20260020; 26-002609TL,5/20/2026; 6/26/2026; 7/10/2026; 7/31/2026; 9/11/2026; 9/22/2026; 9/23/2026; 8/18/2026,2026,0,NA,Andytown; Oasis; Andytown Substation in Broward County; Oasis Substation in Miami-Dade County; Miami-Dade County; Broward County,Florida DEP - Siting Coordination Office,https://floridadep.gov/water/siting-coordination-office/content/fpl-andytown-oasis-500kv-transmission-line-project,0,"FPL Andytown-Oasis 500kV Transmission Line Project | Florida Department of Environmental Protection Skip to main content Florida Department of Environmental Protection A-Z Index Forms News Events Contact Us MENU About DEP How Do I Toggle submenu Apply for a Permit Apply for a Job with DEP Access the DEP Business Portal Clean Up Sites Contaminated by Petroleum Contact Geographic Information Systems (GIS) Contact the GIO Dispose of Unwanted Medicine Find DEP Standard Operating Procedures Find a Permit Find a Spring Find Hurricane Information Find Parks, Trails & Recreation Areas Find Water Supply Plans Florida Beach Access Get GIS Data Get Information About the Volkswagen Settlement, Florida Mitigation Fund Get Training and Certifications Learn about Florida’s Coral Reefs Learn about Septic Tanks Learn about Sinkholes Learn about Wastewater Management Protect the Environment from Solid and Hazardous Wastes Purchase Property Receive Analytical Lab Services Report Algal Blooms Report Suspected Weather Modification Activities Research Florida Geology Review Agency Rules See Pollution Notices Submit a Nondiscrimination Complaint View DEP's Interactive Maps Divisions Toggle submenu Administrative Services Air Resource Management Cabinet Affairs Communications Ecosystems Restoration Environmental Accountability and Transparency Environmental Assessment and Restoration Florida Geological Survey General Counsel Inspector General Intergovernmental Programs Land and Recreation Law Enforcement Legislative Affairs Office of the Secretary Ombudsman and Public Services Recreation and Parks Regulatory Programs Resilience and Coastal Protection Springs State Lands Technology and Information Services Waste Management Water Policy and Ecosystems Restoration Water Resource Management Water Restoration Assistance Districts Central District Northeast District Northwest District South District Southeast District Southwest District Air Lands Parks & Rec Waste Water Search FPL Andytown-Oasis 500kV Transmission Line Project Home Divisions Division of Water Resource Management Siting Coordination Office FPL Andytown-Oasis 500kV Transmission Line Project Siting-Coordination-Office Quick lin",2026-09-27T13:47:19+00:00,2026-09-27T13:47:19+00:00,yes
e7ecd8ec2e60d682fc89,Florida Power & Light,Big Brook Battery Energy Storage System Center (Calhoun County),Battery interconnection,0.910,fpl_schedule10,accepted_structured_evidence,NA,NA,NA,NA,NA,none,NA,NA,NA,yes,Song,NA,230,0,Calhoun County,NA,NA,2026,0,2025-2026,Song; Calhoun County,FPL - Ten-Year Site Plan,https://www.fpl.com/content/dam/fplgp/us/en/about/pdf/ten-year-site-plan.pdf,333,Schedule 10 Status Report and Specifications of Proposed Transmission Lines Big Brook Battery Energy Storage System Center (Calhoun County) The Big Brook Battery Energy Storage Center will be connected to the transmission bus at Song Substation approximately 0.0 miles to connect the BESS. (1) Point of Origin and Termination: Song Substation (2) Number of Lines: 1 (3) Right-of-way FPL - Owned (4) Line Length: 0 miles (5) Voltage: 230 kV (6) Anticipated Construction Timing: Start date: 2025 End date: 2026 (7) Anticipated Capital Investment: Included in total installed cost on Schedule 9 (Trans. and Sub.) (8) Substations: Song Substation (9) Participation with Other Utilities: None Florida Power & Light Company 319,2026-09-27T13:47:19+00:00,2026-09-27T13:47:19+00:00,yes
46211be5e91e4920eb2a,Florida Power & Light,Cedar Trail Battery Energy Storage System Center (Baker County),Battery interconnection,0.910,fpl_schedule10,accepted_structured_evidence,NA,NA,NA,NA,NA,none,NA,NA,NA,yes,Deodar,NA,230,0,Baker County,NA,NA,2026,0,2025-2026,Deodar; Baker County,FPL - Ten-Year Site Plan,https://www.fpl.com/content/dam/fplgp/us/en/about/pdf/ten-year-site-plan.pdf,338,Schedule 10 Status Report and Specifications of Proposed Transmission Lines Cedar Trail Battery Energy Storage System Center (Baker County) The Cedar Trail Battery Energy Storage Center will be connected to the transmission bus at Deodar Substation approximately 0.0 miles to connect the BESS. (1) Point of Origin and Termination: Deodar Substation (2) Number of Lines: 1 (3) Right-of-way FPL - Owned (4) Line Length: 0 miles (5) Voltage: 230 kV (6) Anticipated Construction Timing: Start date: 2025 End date: 2026 (7) Anticipated Capital Investment: Included in total installed cost on Schedule 9 (Trans. and Sub.) (8) Substations: Deodar Substation (9) Participation with Other Utilities: None Florida Power & Light Company 324,2026-09-27T13:47:19+00:00,2026-09-27T13:47:19+00:00,yes
24f7498f7b90674a5fff,Florida Power & Light,Clover Battery Energy Storage System Center (St. Lucie County),Battery interconnection,0.910,fpl_schedule10,accepted_structured_evidence,NA,NA,NA,NA,NA,none,NA,NA,NA,yes,Clover,NA,230,0,St. Lucie County,NA,NA,2026,0,2025-2026,Clover; St. Lucie County,FPL - Ten-Year Site Plan,https://www.fpl.com/content/dam/fplgp/us/en/about/pdf/ten-year-site-plan.pdf,342,Schedule 10 Status Report and Specifications of Proposed Transmission Lines Clover Battery Energy Storage System Center (St. Lucie County) The Clover Battery Energy Storage System Center will be connected to the transmission bus at Clover Substation approximately 0.0 miles to connect the BESS. (1) Point of Origin and Termination: Clover Substation (2) Number of Lines: 1 (3) Right-of-way FPL - Owned (4) Line Length: 0 miles (5) Voltage: 230 kV (6) Anticipated Construction Timing: Start date: 2025 End date: 2026 (7) Anticipated Capital Investment: Included in total installed cost on Schedule 9 (Trans. and Sub.) (8) Substations: Clover Substation (9) Participation with Other Utilities: None Florida Power & Light Company 328,2026-09-27T13:47:19+00:00,2026-09-27T13:47:19+00:00,yes
a57c1114059c646f29bd,Florida Power & Light,Clover Solar Energy Center (St. Lucie County),Generator interconnection,0.990,fpl_schedule10,accepted_structured_evidence,NA,NA,NA,NA,NA,none,NA,NA,NA,yes,Sunbreak,Clover,230,2,St. Lucie County,NA,NA,2026,0,2025-2026,Sunbreak; Clover; St. Lucie County,FPL - Ten-Year Site Plan,https://www.fpl.com/content/dam/fplgp/us/en/about/pdf/ten-year-site-plan.pdf,329,Schedule 10 Status Report and Specifications of Proposed Transmission Lines Clover Solar Energy Center (St. Lucie County) The Clover Solar Energy Center will require extending a transmission line from the new Sunbreak Substation approximately 2.0 miles to connect the new Clover Substation and connect the solar PV inverter array. (1) Point of Origin and Termination: Sunbreak Substation to the new Clover Substation (2) Number of Lines: 1 (3) Right-of-way FPL - Owned (4) Line Length: Approximately 2 miles (5) Voltage: 230 kV (6) Anticipated Construction Timing: Start date: 2025 End date: 2026 (7) Anticipated Capital Investment: Included in total installed cost on Schedule 9 (Trans. and Sub.) (8) Substations: Clover Substation (9) Participation with Other Utilities: None Florida Power & Light Company 315,2026-09-27T13:47:19+00:00,2026-09-27T13:47:19+00:00,yes
7b32465281cd78bff98e,Florida Power & Light,Fawn Battery Energy Storage System Center (Martin County),Battery interconnection,0.910,fpl_schedule10,accepted_structured_evidence,NA,NA,NA,NA,NA,none,NA,NA,NA,yes,Fawn,NA,230,0,Martin County,NA,NA,2026,0,2025-2026,Fawn; Martin County,FPL - Ten-Year Site Plan,https://www.fpl.com/content/dam/fplgp/us/en/about/pdf/ten-year-site-plan.pdf,345,Schedule 10 Status Report and Specifications of Proposed Transmission Lines Fawn Battery Energy Storage System Center (Martin County) The Fawn Battery Energy Storage System Center will be connected to the transmission bus at Fawn Substation approximately 0.0 miles to connect the BESS. (1) Point of Origin and Termination: Fawn Substation (2) Number of Lines: 1 (3) Right-of-way FPL - Owned (4) Line Length: 0 miles (5) Voltage: 230 kV (6) Anticipated Construction Timing: Start date: 2025 End date: 2026 (7) Anticipated Capital Investment: Included in total installed cost on Schedule 9 (Trans. and Sub.) (8) Substations: Fawn Substation (9) Participation with Other Utilities: None Florida Power & Light Company 331,2026-09-27T13:47:19+00:00,2026-09-27T13:47:19+00:00,yes
7b2d85d4d433f6213ba3,Florida Power & Light,Lansing Smith Battery Energy Storage System Center (Bay County),Battery interconnection,0.910,fpl_schedule10,accepted_structured_evidence,NA,NA,NA,NA,NA,none,NA,NA,NA,yes,Parakeet,NA,230,0.26,Bay County,NA,NA,2026,0,2025-2026,Parakeet; Bay County,FPL - Ten-Year Site Plan,https://www.fpl.com/content/dam/fplgp/us/en/about/pdf/ten-year-site-plan.pdf,340,Schedule 10 Status Report and Specifications of Proposed Transmission Lines Lansing Smith Battery Energy Storage System Center (Bay County) The Lansing Smith Battery Energy Storage System Center will be connected to the transmission bus at Lansing Smith Switchyard approximately 0.26 miles to a new Parakeet substation and connect the BESS system. (1) Point of Origin and Termination: Parakeet substation (2) Number of Lines: 1 (3) Right-of-way FPL - Owned (4) Line Length: 0.26 miles (5) Voltage: 230 kV (6) Anticipated Construction Timing: Start date: 2025 End date: 2026 (7) Anticipated Capital Investment: Included in total installed cost on Schedule 9 (Trans. and Sub.) (8) Substations: Parakeet substation (9) Participation with Other Utilities: None Florida Power & Light Company 326,2026-09-27T13:47:19+00:00,2026-09-27T13:47:19+00:00,yes
9cde7c7128b2e7ccfcd3,Florida Power & Light,Nature Trail Battery Energy Storage System Center (Baker County),Battery interconnection,0.910,fpl_schedule10,accepted_structured_evidence,NA,NA,NA,NA,NA,none,NA,NA,NA,yes,Harvey,NA,230,0,Baker County,NA,NA,2026,0,2025-2026,Harvey; Baker County,FPL - Ten-Year Site Plan,https://www.fpl.com/content/dam/fplgp/us/en/about/pdf/ten-year-site-plan.pdf,339,Schedule 10 Status Report and Specifications of Proposed Transmission Lines Nature Trail Battery Energy Storage System Center (Baker County) The Nature Trail Battery Energy Storage Center will be connected to the transmission bus at Harvey Substation approximately 0.0 miles to connect the BESS. (1) Point of Origin and Termination: Harvey Substation (2) Number of Lines: 1 (3) Right-of-way FPL - Owned (4) Line Length: 0 miles (5) Voltage: 230 kV (6) Anticipated Construction Timing: Start date: 2025 End date: 2026 (7) Anticipated Capital Investment: Included in total installed cost on Schedule 9 (Trans. and Sub.) (8) Substations: Harvey Substation (9) Participation with Other Utilities: None Florida Power & Light Company 325,2026-09-27T13:47:19+00:00,2026-09-27T13:47:19+00:00,yes
c24fafbf42fa15e45ea6,Florida Power & Light,North Orange Battery Energy Storage System Center (St. Lucie County),Battery interconnection,0.910,fpl_schedule10,accepted_structured_evidence,NA,NA,NA,NA,NA,none,NA,NA,NA,yes,Apricot,NA,230,0,St. Lucie County,NA,NA,2026,0,2025-2026,Apricot; St. Lucie County,FPL - Ten-Year Site Plan,https://www.fpl.com/content/dam/fplgp/us/en/about/pdf/ten-year-site-plan.pdf,335,Schedule 10 Status Report and Specifications of Proposed Transmission Lines North Orange Battery Energy Storage System Center (St. Lucie County) The North Orange Battery Energy Storage Center will be connected to the transmission bus at Apricot Substation approximately 0.0 miles to connect the BESS. (1) Point of Origin and Termination: Apricot Substation (2) Number of Lines: 1 (3) Right-of-way FPL - Owned (4) Line Length: 0 miles (5) Voltage: 230 kV (6) Anticipated Construction Timing: Start date: 2025 End date: 2026 (7) Anticipated Capital Investment: Included in total installed cost on Schedule 9 (Trans. and Sub.) (8) Substations: Apricot Substation (9) Participation with Other Utilities: None Florida Power & Light Company 321,2026-09-27T13:47:19+00:00,2026-09-27T13:47:19+00:00,yes
7fc3e5be5da820a7a9ad,Florida Power & Light,North Orange Solar Energy Center (St. Lucie County),Generator interconnection,0.910,fpl_schedule10,accepted_structured_evidence,NA,NA,NA,NA,NA,none,NA,NA,NA,yes,Apricot,NA,230,0,St. Lucie County,NA,NA,2026,0,2025-2026,Apricot; St. Lucie County,FPL - Ten-Year Site Plan,https://www.fpl.com/content/dam/fplgp/us/en/about/pdf/ten-year-site-plan.pdf,331,Schedule 10 Status Report and Specifications of Proposed Transmission Lines North Orange Solar Energy Center (St. Lucie County) The North Orange Solar Energy Center will require bifurcating the new FPL Sunbreak - Morrow 230 kV transmission line approximately 0.0 miles to connect a new Apricot substation and connect the solar PV inverter array. (1) Point of Origin and Termination: Sunbreak - Morrow 230 kV transmission line to new Apricot Substation (2) Number of Lines: 1 (3) Right-of-way FPL - Owned (4) Line Length: 0 miles (5) Voltage: 230 kV (6) Anticipated Construction Timing: Start date: 2025 End date: 2026 (7) Anticipated Capital Investment: Included in total installed cost on Schedule 9 (Trans. and Sub.) (8) Substations: Apricot Substation (9) Participation with Other Utilities: None Florida Power & Light Company 317,2026-09-27T13:47:19+00:00,2026-09-27T13:47:19+00:00,yes
16f37fe0786544af675d,Florida Power & Light,Norton Creek Battery Energy Storage System Center (Madison County),Battery interconnection,0.910,fpl_schedule10,accepted_structured_evidence,NA,NA,NA,NA,NA,none,NA,NA,NA,yes,Bandit,NA,161,0,Madison County,NA,NA,2026,0,2025-2026,Bandit; Madison County,FPL - Ten-Year Site Plan,https://www.fpl.com/content/dam/fplgp/us/en/about/pdf/ten-year-site-plan.pdf,336,Schedule 10 Status Report and Specifications of Proposed Transmission Lines Norton Creek Battery Energy Storage System Center (Madison County) The Norton Creek Battery Energy Storage Center will be connected to the transmission bus at Bandit Substation approximately 0.0 miles to connect the BESS. (1) Point of Origin and Termination: Bandit Substation (2) Number of Lines: 1 (3) Right-of-way FPL - Owned (4) Line Length: 0 miles (5) Voltage: 161 kV (6) Anticipated Construction Timing: Start date: 2025 End date: 2026 (7) Anticipated Capital Investment: Included in total installed cost on Schedule 9 (Trans. and Sub.) (8) Substations: Bandit Substation (9) Participation with Other Utilities: None Florida Power & Light Company 322,2026-09-27T13:47:19+00:00,2026-09-27T13:47:19+00:00,yes
a93fa5625468e2014071,Florida Power & Light,Putnam Battery Energy Storage System Center (Putnam County),Battery interconnection,0.910,fpl_schedule10,accepted_structured_evidence,NA,NA,NA,NA,NA,none,NA,NA,NA,yes,Putnam BESS U1,NA,115,0.3,Putnam County,NA,NA,2026,0,2025-2026,Putnam BESS U1; Putnam County,FPL - Ten-Year Site Plan,https://www.fpl.com/content/dam/fplgp/us/en/about/pdf/ten-year-site-plan.pdf,341,Schedule 10 Status Report and Specifications of Proposed Transmission Lines Putnam Battery Energy Storage System Center (Putnam County) The Putnam Battery Energy Storage System Center will be connected to the transmission bus at Putnam Switchyard approximately 0.3 miles to a new Putnam BESS U1 substation and connect the BESS system. (1) Point of Origin and Termination: Putnam BESS U1 substation (2) Number of Lines: 1 (3) Right-of-way FPL - Owned (4) Line Length: 0.3 miles (5) Voltage: 115 kV (6) Anticipated Construction Timing: Start date: 2025 End date: 2026 (7) Anticipated Capital Investment: Included in total installed cost on Schedule 9 (Trans. and Sub.) (8) Substations: Putnam BESS U1 substation (9) Participation with Other Utilities: None (9) Participation with Other Utilities: None Florida Power & Light Company 327,2026-09-27T13:47:19+00:00,2026-09-27T13:47:19+00:00,yes
031865c08a575f56ea02,Florida Power & Light,Sand Pine Battery Energy Storage System Center (Calhoun County),Battery interconnection,0.910,fpl_schedule10,accepted_structured_evidence,NA,NA,NA,NA,NA,none,NA,NA,NA,yes,Quincy,NA,230,0,Calhoun County,NA,NA,2026,0,2025-2026,Quincy; Calhoun County,FPL - Ten-Year Site Plan,https://www.fpl.com/content/dam/fplgp/us/en/about/pdf/ten-year-site-plan.pdf,334,Schedule 10 Status Report and Specifications of Proposed Transmission Lines Sand Pine Battery Energy Storage System Center (Calhoun County) The Sand Pine Battery Energy Storage Center will be connected to the transmission bus at Quincy Substation approximately 0.0 miles to connect the BESS. (1) Point of Origin and Termination: Quincy Substation (2) Number of Lines: 1 (3) Right-of-way FPL - Owned (4) Line Length: 0 miles (5) Voltage: 230 kV (6) Anticipated Construction Timing: Start date: 2025 End date: 2026 (7) Anticipated Capital Investment: Included in total installed cost on Schedule 9 (Trans. and Sub.) (8) Substations: Chinkapin Substation (9) Participation with Other Utilities: None Florida Power & Light Company 320,2026-09-27T13:47:19+00:00,2026-09-27T13:47:19+00:00,yes
584f06ca6a723dfdc6cd,Florida Power & Light,Sand Pine Solar Energy Center (Calhoun County),Generator interconnection,0.910,fpl_schedule10,accepted_structured_evidence,NA,NA,NA,NA,NA,none,NA,NA,NA,yes,Quincy,NA,230,0,Calhoun County,NA,NA,2026,0,2025-2026,Quincy; Calhoun County,FPL - Ten-Year Site Plan,https://www.fpl.com/content/dam/fplgp/us/en/about/pdf/ten-year-site-plan.pdf,332,Schedule 10 Status Report and Specifications of Proposed Transmission Lines Sand Pine Solar Energy Center (Calhoun County) The Sand Pine Solar Energy Center will require extending the transmission bus at Quincy Substation approximately 0.0 miles to connect a new Chinkapin substation and connect the solar PV inverter array. (1) Point of Origin and Termination: Quincy Substation (2) Number of Lines: 1 (3) Right-of-way FPL - Owned (4) Line Length: 0 miles (5) Voltage: 230 kV (6) Anticipated Construction Timing: Start date: 2025 End date: 2026 (7) Anticipated Capital Investment: Included in total installed cost on Schedule 9 (Trans. and Sub.) (8) Substations: Chinkapin Substation (9) Participation with Other Utilities: None Florida Power & Light Company 318,2026-09-27T13:47:19+00:00,2026-09-27T13:47:19+00:00,yes
4ce33fa992400db048f9,Florida Power & Light,Sea Grape Battery Energy Storage System Center (St. Lucie County),Battery interconnection,0.910,fpl_schedule10,accepted_structured_evidence,NA,NA,NA,NA,NA,none,NA,NA,NA,yes,Muscadine,NA,230,0,St. Lucie County,NA,NA,2026,0,2025-2026,Muscadine; St. Lucie County,FPL - Ten-Year Site Plan,https://www.fpl.com/content/dam/fplgp/us/en/about/pdf/ten-year-site-plan.pdf,343,Schedule 10 Status Report and Specifications of Proposed Transmission Lines Sea Grape Battery Energy Storage System Center (St. Lucie County) The Sea Grape Battery Energy Storage System Center will be connected to the transmission bus at Muscadine Substation approximately 0.0 miles to connect the BESS. (1) Point of Origin and Termination: Muscadine Substation (2) Number of Lines: 1 (3) Right-of-way FPL - Owned (4) Line Length: 0 miles (5) Voltage: 230 kV (6) Anticipated Construction Timing: Start date: 2025 End date: 2026 (7) Anticipated Capital Investment: Included in total installed cost on Schedule 9 (Trans. and Sub.) (8) Substations: Muscadine Substation (9) Participation with Other Utilities: None Florida Power & Light Company 329,2026-09-27T13:47:19+00:00,2026-09-27T13:47:19+00:00,yes
81078946949161ae36a7,Florida Power & Light,Sea Grape Solar Energy Center (St. Lucie County),Generator interconnection,0.910,fpl_schedule10,accepted_structured_evidence,NA,NA,NA,NA,NA,none,NA,NA,NA,yes,Muscadine,NA,230,0,St. Lucie County,NA,NA,2026,0,2025-2026,Muscadine; St. Lucie County,FPL - Ten-Year Site Plan,https://www.fpl.com/content/dam/fplgp/us/en/about/pdf/ten-year-site-plan.pdf,330,Schedule 10 Status Report and Specifications of Proposed Transmission Lines Sea Grape Solar Energy Center (St. Lucie County) The Sea Grape Solar Energy Center will require bifurcating the new FPL Sunbreak - Morrow 230 kV transmission line approximately 0.0 miles to connect a new Muscadine substation and connect the solar PV inverter array. (1) Point of Origin and Termination: Sunbreak - Morrow 230 kV transmission line to new Muscadine Substation (2) Number of Lines: 1 (3) Right-of-way FPL - Owned (4) Line Length: 0 miles (5) Voltage: 230 kV (6) Anticipated Construction Timing: Start date: 2025 End date: 2026 (7) Anticipated Capital Investment: Included in total installed cost on Schedule 9 (Trans. and Sub.) (8) Substations: Muscadine Substation (9) Participation with Other Utilities: None Florida Power & Light Company 316,2026-09-27T13:47:19+00:00,2026-09-27T13:47:19+00:00,yes
0199e9d96161666f93d3,Florida Power & Light,Thomas Creek Battery Energy Storage System Center (Nassau County),Battery interconnection,0.910,fpl_schedule10,accepted_structured_evidence,NA,NA,NA,NA,NA,none,NA,NA,NA,yes,Thomas,NA,230,0,Nassau County,NA,NA,2026,0,2025-2026,Thomas; Nassau County,FPL - Ten-Year Site Plan,https://www.fpl.com/content/dam/fplgp/us/en/about/pdf/ten-year-site-plan.pdf,337,Schedule 10 Status Report and Specifications of Proposed Transmission Lines Thomas Creek Battery Energy Storage System Center (Nassau County) The Thomas Creek Battery Energy Storage Center will be connected to the transmission bus at Thomas Substation approximately 0.0 miles to connect the BESS. (1) Point of Origin and Termination: Thomas Substation (2) Number of Lines: 1 (3) Right-of-way FPL - Owned (4) Line Length: 0 miles (5) Voltage: 230 kV (6) Anticipated Construction Timing: Start date: 2025 End date: 2026 (7) Anticipated Capital Investment: Included in total installed cost on Schedule 9 (Trans. and Sub.) (8) Substations: Thomas Substation (9) Participation with Other Utilities: None Florida Power & Light Company 323,2026-09-27T13:47:19+00:00,2026-09-27T13:47:19+00:00,yes
aaf30567a72b9cfae5d9,Florida Power & Light,White Tail Battery Energy Storage System Center (Martin County),Battery interconnection,0.910,fpl_schedule10,accepted_structured_evidence,NA,NA,NA,NA,NA,none,NA,NA,NA,yes,Strawberry,NA,230,0,Martin County,NA,NA,2026,0,2025-2026,Strawberry; Martin County,FPL - Ten-Year Site Plan,https://www.fpl.com/content/dam/fplgp/us/en/about/pdf/ten-year-site-plan.pdf,344,Schedule 10 Status Report and Specifications of Proposed Transmission Lines White Tail Battery Energy Storage System Center (Martin County) The White Tail Battery Energy Storage System Center will be connected to the transmission bus at Strawberry Substation approximately 0.0 miles to connect the BESS. (1) Point of Origin and Termination: Strawberry Substation (2) Number of Lines: 1 (3) Right-of-way FPL - Owned (4) Line Length: 0 miles (5) Voltage: 230 kV (6) Anticipated Construction Timing: Start date: 2025 End date: 2026 (7) Anticipated Capital Investment: Included in total installed cost on Schedule 9 (Trans. and Sub.) (8) Substations: Strawberry Substation (9) Participation with Other Utilities: None Florida Power & Light Company 330,2026-09-27T13:47:19+00:00,2026-09-27T13:47:19+00:00,yes
404a8e4fbb4d4b8e474f,Florida Power & Light,ications in Process Power Plants Transmission Lines Natural Gas Pipelines JEA St. Johns River Power Park Unit 3 Power Plant Project FPL Andytown-Oasis 500/230kV Transmission Line Project,New transmission line,0.580,dep_project_page,missing_starting_substation,NA,NA,NA,NA,NA,none,NA,NA,NA,yes,NA,NA,230,0,NA,NA,NA,2026,0,NA,NA,Florida DEP - Siting Coordination Office,https://floridadep.gov/water/siting-coordination-office/content/projects-process,0,"Projects in Process | Florida Department of Environmental Protection Skip to main content Florida Department of Environmental Protection A-Z Index Forms News Events Contact Us MENU About DEP How Do I Toggle submenu Apply for a Permit Apply for a Job with DEP Access the DEP Business Portal Clean Up Sites Contaminated by Petroleum Contact Geographic Information Systems (GIS) Contact the GIO Dispose of Unwanted Medicine Find DEP Standard Operating Procedures Find a Permit Find a Spring Find Hurricane Information Find Parks, Trails & Recreation Areas Find Water Supply Plans Florida Beach Access Get GIS Data Get Information About the Volkswagen Settlement, Florida Mitigation Fund Get Training and Certifications Learn about Florida’s Coral Reefs Learn about Septic Tanks Learn about Sinkholes Learn about Wastewater Management Protect the Environment from Solid and Hazardous Wastes Purchase Property Receive Analytical Lab Services Report Algal Blooms Report Suspected Weather Modification Activities Research Florida Geology Review Agency Rules See Pollution Notices Submit a Nondiscrimination Complaint View DEP's Interactive Maps Divisions Toggle submenu Administrative Services Air Resource Management Cabinet Affairs Communications Ecosystems Restoration Environmental Accountability and Transparency Environmental Assessment and Restoration Florida Geological Survey General Counsel Inspector General Intergovernmental Programs Land and Recreation Law Enforcement Legislative Affairs Office of the Secretary Ombudsman and Public Services Recreation and Parks Regulatory Programs Resilience and Coastal Protection Springs State Lands Technology and Information Services Waste Management Water Policy and Ecosystems Restoration Water Resource Management Water Restoration Assistance Districts Central District Northeast District Northwest District South District Southeast District Southwest District Air Lands Parks & Rec Waste Water Search Projects in Process Home Divisions Division of Water Resource Management Siting Coordination Office Projects in Process Siting-Coordination-Office Quick links Division of Water Resource Management Division Programs Siting Acts and Programs Ad Valore",2026-09-27T13:47:19+00:00,2026-09-27T13:47:19+00:00,yes
7ddfe1a434b08387290d,Florida Power & Light,Blue Heron Battery Energy Storage System Center (Hendry County),Battery interconnection,0.910,fpl_schedule10,accepted_structured_evidence,NA,NA,NA,NA,NA,none,NA,NA,NA,yes,Citron,NA,138,0,Hendry County,NA,NA,2027,0,2026-2027,Citron; Hendry County,FPL - Ten-Year Site Plan,https://www.fpl.com/content/dam/fplgp/us/en/about/pdf/ten-year-site-plan.pdf,356,Schedule 10 Status Report and Specifications of Proposed Transmission Lines Blue Heron Battery Energy Storage System Center (Hendry County) The Blue Heron Battery Energy Storage Center will be connected to the transmission bus at Citron Substation approximately 0.0 miles to connect the BESS. (1) Point of Origin and Termination: Citron Substation (2) Number of Lines: 1 (3) Right-of-way FPL - Owned (4) Line Length: 0 miles (5) Voltage: 138 kV (6) Anticipated Construction Timing: Start date: 2026 End date: 2027 (7) Anticipated Capital Investment: Included in total installed cost on Schedule 9 (Trans. and Sub.) (8) Substations: Citron Substation (9) Participation with Other Utilities: None Florida Power & Light Company 342,2026-09-27T13:47:19+00:00,2026-09-27T13:47:19+00:00,yes
f9fec14d036e8d1f96e0,Florida Power & Light,Catfish Solar Energy Center (Okeechobee County),Generator interconnection,0.910,fpl_schedule10,accepted_structured_evidence,NA,NA,NA,NA,NA,none,NA,NA,NA,yes,Catfish,NA,230,0,Okeechobee County,NA,NA,2027,0,2026-2027,Catfish; Okeechobee County,FPL - Ten-Year Site Plan,https://www.fpl.com/content/dam/fplgp/us/en/about/pdf/ten-year-site-plan.pdf,368,Schedule 10 Status Report and Specifications of Proposed Transmission Lines Catfish Solar Energy Center (Okeechobee County) The Catfish Solar Energy Center will require extending the transmission bus at Pyrite Substation approximately 0.0 miles to connect a new Catfish substation and connect the solar PV inverter array. (1) Point of Origin and Termination: Catfish Substation (2) Number of Lines: 1 (3) Right-of-way FPL - Owned (4) Line Length: 0 miles (5) Voltage: 230 kV (6) Anticipated Construction Timing: Start date: 2026 End date: 2027 (7) Anticipated Capital Investment: Included in total installed cost on Schedule 9 (Trans. and Sub.) (8) Substations: Catfish Substation (9) Participation with Other Utilities: None Florida Power & Light Company 354,2026-09-27T13:47:19+00:00,2026-09-27T13:47:19+00:00,yes
3b4159a2b80a7132e601,Florida Power & Light,Cocoplum Solar Energy Center (Hendry County),Generator interconnection,0.910,fpl_schedule10,accepted_structured_evidence,NA,NA,NA,NA,NA,none,NA,NA,NA,yes,Mulberry,NA,230,0,Hendry County,NA,NA,2027,0,2026-2027,Mulberry; Hendry County,FPL - Ten-Year Site Plan,https://www.fpl.com/content/dam/fplgp/us/en/about/pdf/ten-year-site-plan.pdf,369,Schedule 10 Status Report and Specifications of Proposed Transmission Lines Cocoplum Solar Energy Center (Hendry County) The Cocoplum Solar Energy Center will require extending the transmission bus at Witt Substation approximately 0.0 miles to connect a new Mulberry substation and connect the solar PV inverter array. (1) Point of Origin and Termination: Mulberry Substation (2) Number of Lines: 1 (3) Right-of-way FPL - Owned (4) Line Length: 0 miles (5) Voltage: 230 kV (6) Anticipated Construction Timing: Start date: 2026 End date: 2027 (7) Anticipated Capital Investment: Included in total installed cost on Schedule 9 (Trans. and Sub.) (8) Substations: Mulberry Substation (9) Participation with Other Utilities: None Florida Power & Light Company 355,2026-09-27T13:47:19+00:00,2026-09-27T13:47:19+00:00,yes
65aaeb23ef308a8296af,Florida Power & Light,County Line Solar Energy Center (DeSoto County),Generator interconnection,0.910,fpl_schedule10,accepted_structured_evidence,"{""type"":""Point"",""coordinates"":[-81.8,27.317]}","27.317000, -81.800000",NA,local_model_search,https://en.wikipedia.org/wiki/DeSoto_Next_Generation_Solar_Energy_Center,medium,llm_grounded_coordinate,Document Provided: ┼─────────────────────────────────────────────────────── Coordinates │27°19′N 81°48′W﻿ / ﻿27.317°N 81.800°W﻿ / 27.317; -81.800 ────────────────────────────────────────┼─────────────────────────────────────────────────── (https://en.wikipedia.org/wiki/DeSoto_Next_Generation_Solar_Energy_Center),NA,yes,Medieval,NA,230,0,DeSoto County; Proposed Transmission Lines County; The County,NA,NA,2027,0,2026-2027,Medieval; DeSoto County; Proposed Transmission Lines County; The County,FPL - Ten-Year Site Plan,https://www.fpl.com/content/dam/fplgp/us/en/about/pdf/ten-year-site-plan.pdf,352,Schedule 10 Status Report and Specifications of Proposed Transmission Lines County Line Solar Energy Center (DeSoto County) The County Line Solar Energy Center will require extending the transmission bus at Notts Substation approximately 0.0 miles to connect a new Medieval substation and connect the solar PV inverter array. (1) Point of Origin and Termination: Medieval Substation (2) Number of Lines: 1 (3) Right-of-way FPL - Owned (4) Line Length: 0 miles (5) Voltage: 230 kV (6) Anticipated Construction Timing: Start date: 2026 End date: 2027 (7) Anticipated Capital Investment: Included in total installed cost on Schedule 9 (Trans. and Sub.) (8) Substations: Medieval Substation (9) Participation with Other Utilities: None Florida Power & Light Company 338,2026-09-27T13:47:19+00:00,2026-09-27T13:47:19+00:00,yes
392b45ad905df89f2361,Florida Power & Light,Green Pasture Battery Energy Storage System Center (Charlotte County),Battery interconnection,0.910,fpl_schedule10,accepted_structured_evidence,NA,NA,NA,NA,NA,none,NA,NA,NA,yes,Zoysia,NA,230,0,Charlotte County,NA,NA,2027,0,2026-2027,Zoysia; Charlotte County,FPL - Ten-Year Site Plan,https://www.fpl.com/content/dam/fplgp/us/en/about/pdf/ten-year-site-plan.pdf,355,Schedule 10 Status Report and Specifications of Proposed Transmission Lines Green Pasture Battery Energy Storage System Center (Charlotte County) The Green Pasture Battery Energy Storage Center will be connected to the transmission bus at Zoysia Substation approximately 0.0 miles to connect the BESS. (1) Point of Origin and Termination: Zoysia Substation (2) Number of Lines: 1 (3) Right-of-way FPL - Owned (4) Line Length: 0 miles (5) Voltage: 230 kV (6) Anticipated Construction Timing: Start date: 2026 End date: 2027 (7) Anticipated Capital Investment: Included in total installed cost on Schedule 9 (Trans. and Sub.) (8) Substations: Zoysia Substation (9) Participation with Other Utilities: None Florida Power & Light Company 341,2026-09-27T13:47:19+00:00,2026-09-27T13:47:19+00:00,yes
9473641b98403192910a,Florida Power & Light,Hardwood Hammock Solar Energy Center (Walton County),Generator interconnection,0.910,fpl_schedule10,accepted_structured_evidence,NA,NA,NA,NA,NA,none,NA,NA,NA,yes,Quail,NA,230,0,Walton County,NA,NA,2027,0,2026-2027,Quail; Walton County,FPL - Ten-Year Site Plan,https://www.fpl.com/content/dam/fplgp/us/en/about/pdf/ten-year-site-plan.pdf,360,Schedule 10 Status Report and Specifications of Proposed Transmission Lines Hardwood Hammock Solar Energy Center (Walton County) The Hardwood Hammock Solar Energy Center will require extending the transmission bus at Quail Substation approximately 0.0 miles to connect a new Pignut substation and connect the solar PV inverter array. (1) Point of Origin and Termination: Quail Substation (2) Number of Lines: 1 (3) Right-of-way FPL - Owned (4) Line Length: 0 miles (5) Voltage: 230 kV (6) Anticipated Construction Timing: Start date: 2026 End date: 2027 (7) Anticipated Capital Investment: Included in total installed cost on Schedule 9 (Trans. and Sub.) (8) Substations: Pignut Substation (9) Participation with Other Utilities: None Florida Power & Light Company 346,2026-09-27T13:47:19+00:00,2026-09-27T13:47:19+00:00,yes
5ce6db2b2fce5898fd3d,Florida Power & Light,Hendry Solar Energy Center (Hendry County),Generator interconnection,0.910,fpl_schedule10,accepted_structured_evidence,NA,NA,NA,NA,NA,none,NA,NA,NA,yes,Ghost,NA,500,0,Hendry County,NA,NA,2027,0,2026-2027,Ghost; Hendry County,FPL - Ten-Year Site Plan,https://www.fpl.com/content/dam/fplgp/us/en/about/pdf/ten-year-site-plan.pdf,349,Schedule 10 Status Report and Specifications of Proposed Transmission Lines Hendry Solar Energy Center (Hendry County) The Hendry Solar Energy Center will require extending the transmission bus at Ghost Substation approximately 0.0 miles to connect the solar PV inverter array. (1) Point of Origin and Termination: Ghost Substation (2) Number of Lines: 0 (3) Right-of-way FPL - Owned (4) Line Length: 0 miles (5) Voltage: 500 kV (6) Anticipated Construction Timing: Start date: 2026 End date: 2027 (7) Anticipated Capital Investment: Included in total installed cost on Schedule 9 (Trans. and Sub.) (8) Substations: Ghost Substation (9) Participation with Other Utilities: None Florida Power & Light Company 335,2026-09-27T13:47:19+00:00,2026-09-27T13:47:19+00:00,yes
b51074b7bc79dfd860cb,Florida Power & Light,Indrio Battery Energy Storage System Center (St. Lucie County),Battery interconnection,0.910,fpl_schedule10,accepted_structured_evidence,NA,NA,NA,NA,NA,none,NA,NA,NA,yes,Estuary,NA,230,0,St. Lucie County,NA,NA,2027,0,2026-2027,Estuary; St. Lucie County,FPL - Ten-Year Site Plan,https://www.fpl.com/content/dam/fplgp/us/en/about/pdf/ten-year-site-plan.pdf,363,Schedule 10 Status Report and Specifications of Proposed Transmission Lines Indrio Battery Energy Storage System Center (St. Lucie County) The Indrio Battery Energy Storage Center will be connected to the transmission bus at Estuary Substation approximately 0.0 miles to connect the BESS. (1) Point of Origin and Termination: Estuary Substation (2) Number of Lines: 1 (3) Right-of-way FPL - Owned (4) Line Length: 0 miles (5) Voltage: 230 kV (6) Anticipated Construction Timing: Start date: 2026 End date: 2027 (7) Anticipated Capital Investment: Included in total installed cost on Schedule 9 (Trans. and Sub.) (8) Substations: Estuary Substation (9) Participation with Other Utilities: None Florida Power & Light Company 349,2026-09-27T13:47:19+00:00,2026-09-27T13:47:19+00:00,yes
cabb4fc7743a3386c24a,Florida Power & Light,Indrio Solar Energy Center (St. Lucie County),Generator interconnection,0.910,fpl_schedule10,accepted_structured_evidence,NA,NA,NA,NA,NA,none,NA,NA,NA,yes,Estuary,NA,230,0,St. Lucie County,NA,NA,2027,0,2026-2027,Estuary; St. Lucie County,FPL - Ten-Year Site Plan,https://www.fpl.com/content/dam/fplgp/us/en/about/pdf/ten-year-site-plan.pdf,346,Schedule 10 Status Report and Specifications of Proposed Transmission Lines Indrio Solar Energy Center (St. Lucie County) The Indrio Solar Energy Center will require bifurcating the new FPL Sunbreak - Heritage 230 kV transmission line approximately 0.0 miles to connect a new Estuary substation and connect the solar PV inverter array. (1) Point of Origin and Termination: Sunbreak - Heritage 230 kV transmission line to new Estuary Substation (2) Number of Lines: 1 (3) Right-of-way FPL - Owned (4) Line Length: 0 miles (5) Voltage: 230 kV (6) Anticipated Construction Timing: Start date: 2026 End date: 2027 (7) Anticipated Capital Investment: Included in total installed cost on Schedule 9 (Trans. and Sub.) (8) Substations: Estuary Substation (9) Participation with Other Utilities: None Florida Power & Light Company 332,2026-09-27T13:47:19+00:00,2026-09-27T13:47:19+00:00,yes
69a3a3d48d3f347126fb,Florida Power & Light,Joshua Creek Solar Energy Center (DeSoto County),Generator interconnection,0.910,fpl_schedule10,accepted_structured_evidence,"{""type"":""Point"",""coordinates"":[-81.8,27.317]}","27.317000, -81.800000",NA,local_model_search,https://en.wikipedia.org/wiki/DeSoto_Next_Generation_Solar_Energy_Center,medium,llm_grounded_coordinate,Document Provided: ┼─────────────────────────────────────────────────────── Coordinates │27°19′N 81°48′W﻿ / ﻿27.317°N 81.800°W﻿ / 27.317; -81.800 ────────────────────────────────────────┼─────────────────────────────────────────────────── (https://en.wikipedia.org/wiki/DeSoto_Next_Generation_Solar_Energy_Center),NA,yes,Stallion,NA,230,0,DeSoto County,NA,NA,2027,0,2026-2027,Stallion; DeSoto County,FPL - Ten-Year Site Plan,https://www.fpl.com/content/dam/fplgp/us/en/about/pdf/ten-year-site-plan.pdf,372,Schedule 10 Status Report and Specifications of Proposed Transmission Lines Joshua Creek Solar Energy Center (DeSoto County) The Joshua Creek Solar Energy Center will require extending a transmission bus at Stallion Substation approximately 0.0 miles to connect the solar PV inverter array. (1) Point of Origin and Termination: Stallion Substation (2) Number of Lines: 1 (3) Right-of-way FPL - Owned (4) Line Length: 0.0 miles (5) Voltage: 230 kV (6) Anticipated Construction Timing: Start date: 2026 End date: 2027 (7) Anticipated Capital Investment: Included in total installed cost on Schedule 9 (Trans. and Sub.) (8) Substations: Stallion Substation (9) Participation with Other Utilities: None (9) Participation with Other Utilities: None Florida Power & Light Company 358,2026-09-27T13:47:19+00:00,2026-09-27T13:47:19+00:00,yes
d9c60d5cd699d53291ce,Florida Power & Light,Maple Trail Battery Energy Storage System Center (Baker County),Battery interconnection,0.910,fpl_schedule10,accepted_structured_evidence,NA,NA,NA,NA,NA,none,NA,NA,NA,yes,Deodar,NA,230,0,Baker County,NA,NA,2027,0,2026-2027,Deodar; Baker County,FPL - Ten-Year Site Plan,https://www.fpl.com/content/dam/fplgp/us/en/about/pdf/ten-year-site-plan.pdf,362,Schedule 10 Status Report and Specifications of Proposed Transmission Lines Maple Trail Battery Energy Storage System Center (Baker County) The Maple Trail Battery Energy Storage Center will be connected to the transmission bus at Deodar Substation approximately 0.0 miles to connect the BESS. (1) Point of Origin and Termination: Deodar Substation (2) Number of Lines: 1 (3) Right-of-way FPL - Owned (4) Line Length: 0 miles (5) Voltage: 230 kV (6) Anticipated Construction Timing: Start date: 2026 End date: 2027 (7) Anticipated Capital Investment: Included in total installed cost on Schedule 9 (Trans. and Sub.) (8) Substations: Deodar Substation (9) Participation with Other Utilities: None Florida Power & Light Company 348,2026-09-27T13:47:19+00:00,2026-09-27T13:47:19+00:00,yes
02ed93bf6d75a1cf717b,Florida Power & Light,Maple Trail Solar Energy Center (Baker County),Generator interconnection,0.910,fpl_schedule10,accepted_structured_evidence,NA,NA,NA,NA,NA,none,NA,NA,NA,yes,Maple,NA,230,0,Baker County,NA,NA,2027,0,2026-2027,Maple; Baker County,FPL - Ten-Year Site Plan,https://www.fpl.com/content/dam/fplgp/us/en/about/pdf/ten-year-site-plan.pdf,361,Schedule 10 Status Report and Specifications of Proposed Transmission Lines Maple Trail Solar Energy Center (Baker County) The Maple Trail Solar Energy Center will require extending the transmission bus at Deodar Substation approximately 0.0 miles to connect a new Maple substation and connect the solar PV inverter array. (1) Point of Origin and Termination: Maple Substation (2) Number of Lines: 1 (3) Right-of-way FPL - Owned (4) Line Length: 0 miles (5) Voltage: 230 kV (6) Anticipated Construction Timing: Start date: 2026 End date: 2027 (7) Anticipated Capital Investment: Included in total installed cost on Schedule 9 (Trans. and Sub.) (8) Substations: Maple Substation (9) Participation with Other Utilities: None Florida Power & Light Company 347,2026-09-27T13:47:19+00:00,2026-09-27T13:47:19+00:00,yes
11b8fc8aa7319e53cd75,Florida Power & Light,Middle Lake Solar Energy Center (Madison County),Generator interconnection,0.910,fpl_schedule10,accepted_structured_evidence,NA,NA,NA,NA,NA,none,NA,NA,NA,yes,Sound,NA,161,0,Madison County,NA,NA,2027,0,2026-2027,Sound; Madison County,FPL - Ten-Year Site Plan,https://www.fpl.com/content/dam/fplgp/us/en/about/pdf/ten-year-site-plan.pdf,350,Schedule 10 Status Report and Specifications of Proposed Transmission Lines Middle Lake Solar Energy Center (Madison County) The Middle Lake Solar Energy Center will require extending the transmission bus at future Bandit Substation approximately 0.0 miles to a new Sound substation and connect the solar PV inverter array. (1) Point of Origin and Termination: Sound Substation (2) Number of Lines: 1 (3) Right-of-way FPL - Owned (4) Line Length: 0 miles (5) Voltage: 161 kV (6) Anticipated Construction Timing: Start date: 2026 End date: 2027 (7) Anticipated Capital Investment: Included in total installed cost on Schedule 9 (Trans. and Sub.) (8) Substations: Sound Substation (9) Participation with Other Utilities: None Florida Power & Light Company 336,2026-09-27T13:47:19+00:00,2026-09-27T13:47:19+00:00,yes
edb5a11a29a62fa66720,Florida Power & Light,Monarch ACES Battery Energy Storage System Center Pilot (Martin County),Battery interconnection,0.910,fpl_schedule10,accepted_structured_evidence,NA,NA,NA,NA,NA,none,NA,NA,NA,yes,Gopher,NA,230,0,Martin County,NA,NA,2027,0,2026-2027,Gopher; Martin County,FPL - Ten-Year Site Plan,https://www.fpl.com/content/dam/fplgp/us/en/about/pdf/ten-year-site-plan.pdf,365,Schedule 10 Status Report and Specifications of Proposed Transmission Lines Monarch ACES Battery Energy Storage System Center Pilot (Martin County) The Monarch ACES Battery Energy Storage Center Pilot will be connected to the transmission bus at Gopher Substation approximately 0.0 miles to connect the BESS. (1) Point of Origin and Termination: Gopher Substation (2) Number of Lines: 1 (3) Right-of-way FPL - Owned (4) Line Length: 0 miles (5) Voltage: 230 kV (6) Anticipated Construction Timing: Start date: 2026 End date: 2027 (7) Anticipated Capital Investment: Included in total installed cost on Schedule 9 (Trans. and Sub.) (8) Substations: Gopher Substation (9) Participation with Other Utilities: None Florida Power & Light Company 351,2026-09-27T13:47:19+00:00,2026-09-27T13:47:19+00:00,yes
9c670b02be1e71b5b8b0,Florida Power & Light,Monarch Battery Energy Storage System Center (Martin County),Battery interconnection,0.910,fpl_schedule10,accepted_structured_evidence,NA,NA,NA,NA,NA,none,NA,NA,NA,yes,Gopher,NA,230,0,Martin County,NA,NA,2027,0,2026-2027,Gopher; Martin County,FPL - Ten-Year Site Plan,https://www.fpl.com/content/dam/fplgp/us/en/about/pdf/ten-year-site-plan.pdf,364,Schedule 10 Status Report and Specifications of Proposed Transmission Lines Monarch Battery Energy Storage System Center (Martin County) The Monarch Battery Energy Storage Center will be connected to the transmission bus at Gopher Substation approximately 0.0 miles to connect the BESS. (1) Point of Origin and Termination: Gopher Substation (2) Number of Lines: 1 (3) Right-of-way FPL - Owned (4) Line Length: 0 miles (5) Voltage: 230 kV (6) Anticipated Construction Timing: Start date: 2026 End date: 2027 (7) Anticipated Capital Investment: Included in total installed cost on Schedule 9 (Trans. and Sub.) (8) Substations: Gopher Substation (9) Participation with Other Utilities: None Florida Power & Light Company 350,2026-09-27T13:47:19+00:00,2026-09-27T13:47:19+00:00,yes
2159048ba9e911da3d16,Florida Power & Light,Myakka Solar Energy Center (Manatee County),Generator interconnection,0.910,fpl_schedule10,accepted_structured_evidence,NA,NA,NA,NA,NA,none,NA,NA,NA,yes,Lemur,NA,230,0,Manatee County,NA,NA,2027,0,2027-2027,Lemur; Manatee County,FPL - Ten-Year Site Plan,https://www.fpl.com/content/dam/fplgp/us/en/about/pdf/ten-year-site-plan.pdf,371,Schedule 10 Status Report and Specifications of Proposed Transmission Lines Myakka Solar Energy Center (Manatee County) The Mayakka Solar Energy Center will require extending the transmission bus at Lemur Substation line approximately 0.0 miles to connect the solar PV inverter array. (1) Point of Origin and Termination: Lemur Substation (2) Number of Lines: 1 (3) Right-of-way FPL - Owned (4) Line Length: 0.0 miles (5) Voltage: 230 kV (6) Anticipated Construction Timing: Start date: 2027 End date: 2027 (7) Anticipated Capital Investment: Included in total installed cost on Schedule 9 (Trans. and Sub.) (8) Substations: Lemur Substation (9) Participation with Other Utilities: None Florida Power & Light Company 357,2026-09-27T13:47:19+00:00,2026-09-27T13:47:19+00:00,yes
de5995f3efc467c756a8,Florida Power & Light,Orange Blossom Battery Energy Storage System Center (Indian River County),Battery interconnection,0.910,fpl_schedule10,accepted_structured_evidence,NA,NA,NA,NA,NA,none,NA,NA,NA,yes,Finca,NA,230,0,Indian River County,NA,NA,2027,0,2026-2027,Finca; Indian River County,FPL - Ten-Year Site Plan,https://www.fpl.com/content/dam/fplgp/us/en/about/pdf/ten-year-site-plan.pdf,359,Schedule 10 Status Report and Specifications of Proposed Transmission Lines Orange Blossom Battery Energy Storage System Center (Indian River County) The Sawgrass Battery Energy Storage Center will be connected to the transmission bus at Finca Substation approximately 0.0 miles to connect the BESS. (1) Point of Origin and Termination: Finca Substation (2) Number of Lines: 1 (3) Right-of-way FPL - Owned (4) Line Length: 0 miles (5) Voltage: 230 kV (6) Anticipated Construction Timing: Start date: 2026 End date: 2027 (7) Anticipated Capital Investment: Included in total installed cost on Schedule 9 (Trans. and Sub.) (8) Substations: Finca Substation (9) Participation with Other Utilities: None Florida Power & Light Company 345,2026-09-27T13:47:19+00:00,2026-09-27T13:47:19+00:00,yes
c430ae72ef924e4240a8,Florida Power & Light,Pinecone Solar Energy Center (Calhoun County),Generator interconnection,0.910,fpl_schedule10,accepted_structured_evidence,NA,NA,NA,NA,NA,none,NA,NA,NA,yes,Chinkapin,NA,230,0,Calhoun County,NA,NA,2027,0,2026-2027,Chinkapin; Calhoun County,FPL - Ten-Year Site Plan,https://www.fpl.com/content/dam/fplgp/us/en/about/pdf/ten-year-site-plan.pdf,370,Schedule 10 Status Report and Specifications of Proposed Transmission Lines Pinecone Solar Energy Center (Calhoun County) The Pinecone Solar Energy Center will require extending the transmission bus at Chinkapin Substation approximately 0.0 miles to connect the solar PV inverter array. (1) Point of Origin and Termination: Chinkapin Substation (2) Number of Lines: 1 (3) Right-of-way FPL - Owned (4) Line Length: 0 miles (5) Voltage: 230 kV (6) Anticipated Construction Timing: Start date: 2026 End date: 2027 (7) Anticipated Capital Investment: Included in total installed cost on Schedule 9 (Trans. and Sub.) (8) Substations: Chinkapin Substation (9) Participation with Other Utilities: None (9) Participation with Other Utilities: None Florida Power & Light Company 356,2026-09-27T13:47:19+00:00,2026-09-27T13:47:19+00:00,yes
f17474a299ae44f99afe,Florida Power & Light,Saddle Solar Energy Center (DeSoto County),Generator interconnection,0.910,fpl_schedule10,accepted_structured_evidence,"{""type"":""Point"",""coordinates"":[-81.8,27.317]}","27.317000, -81.800000",NA,local_model_search,https://en.wikipedia.org/wiki/DeSoto_Next_Generation_Solar_Energy_Center,medium,llm_grounded_coordinate,Document Provided: ┼─────────────────────────────────────────────────────── Coordinates │27°19′N 81°48′W﻿ / ﻿27.317°N 81.800°W﻿ / 27.317; -81.800 ────────────────────────────────────────┼─────────────────────────────────────────────────── (https://en.wikipedia.org/wiki/DeSoto_Next_Generation_Solar_Energy_Center),NA,yes,Cheriot,NA,230,0,DeSoto County,NA,NA,2027,0,2026-2027,Cheriot; DeSoto County,FPL - Ten-Year Site Plan,https://www.fpl.com/content/dam/fplgp/us/en/about/pdf/ten-year-site-plan.pdf,353,Schedule 10 Status Report and Specifications of Proposed Transmission Lines Saddle Solar Energy Center (DeSoto County) The Saddle Solar Energy Center will require extending the transmission bus at Ponna Substation approximately 0.0 miles to a new Cheriot substation and connect the solar PV inverter array. (1) Point of Origin and Termination: Cheriot Substation (2) Number of Lines: 1 (3) Right-of-way FPL - Owned (4) Line Length: 0 miles (5) Voltage: 230 kV (6) Anticipated Construction Timing: Start date: 2026 End date: 2027 (7) Anticipated Capital Investment: Included in total installed cost on Schedule 9 (Trans. and Sub.) (8) Substations: Pignut Substation (9) Participation with Other Utilities: None Florida Power & Light Company 339,2026-09-27T13:47:19+00:00,2026-09-27T13:47:19+00:00,yes
d7c6c4767cbfd1aa2686,Florida Power & Light,Sawgrass Battery Energy Storage System Center (Hendry County),Battery interconnection,0.910,fpl_schedule10,accepted_structured_evidence,NA,NA,NA,NA,NA,none,NA,NA,NA,yes,Ghost,NA,500,0,Hendry County,NA,NA,2027,0,2026-2027,Ghost; Hendry County,FPL - Ten-Year Site Plan,https://www.fpl.com/content/dam/fplgp/us/en/about/pdf/ten-year-site-plan.pdf,357,Schedule 10 Status Report and Specifications of Proposed Transmission Lines Sawgrass Battery Energy Storage System Center (Hendry County) The Sawgrass Battery Energy Storage Center will be connected to the transmission bus at Ghost Substation approximately 0.0 miles to connect the BESS. (1) Point of Origin and Termination: Ghost Substation (2) Number of Lines: 1 (3) Right-of-way FPL - Owned (4) Line Length: 0 miles (5) Voltage: 500 kV (6) Anticipated Construction Timing: Start date: 2026 End date: 2027 (7) Anticipated Capital Investment: Included in total installed cost on Schedule 9 (Trans. and Sub.) (8) Substations: Ghost Substation (9) Participation with Other Utilities: None Florida Power & Light Company 343,2026-09-27T13:47:19+00:00,2026-09-27T13:47:19+00:00,yes
bac3465e73ccbf65152d,Florida Power & Light,Spanish Moss Solar Energy Center (St. Lucie County),Generator interconnection,0.910,fpl_schedule10,accepted_structured_evidence,NA,NA,NA,NA,NA,none,NA,NA,NA,yes,Apricot,NA,230,0,St. Lucie County,NA,NA,2027,0,2026-2027,Apricot; St. Lucie County,FPL - Ten-Year Site Plan,https://www.fpl.com/content/dam/fplgp/us/en/about/pdf/ten-year-site-plan.pdf,351,Schedule 10 Status Report and Specifications of Proposed Transmission Lines Spanish Moss Solar Energy Center (St. Lucie County) The Spanish Moss Solar Energy Center will require extending the transmission bus at Apricot Substation approximately 0.0 miles to connect the solar PV inverter array. (1) Point of Origin and Termination: Apricot Substation (2) Number of Lines: 1 (3) Right-of-way FPL - Owned (4) Line Length: 0 miles (5) Voltage: 230 kV (6) Anticipated Construction Timing: Start date: 2026 End date: 2027 (7) Anticipated Capital Investment: Included in total installed cost on Schedule 9 (Trans. and Sub.) (8) Substations: Apricot Substation (9) Participation with Other Utilities: None Florida Power & Light Company 337,2026-09-27T13:47:19+00:00,2026-09-27T13:47:19+00:00,yes
55b65df4eadc09a44d99,Florida Power & Light,Swallowtail Battery Energy Storage System Center (Walton County),Battery interconnection,0.910,fpl_schedule10,accepted_structured_evidence,NA,NA,NA,NA,NA,none,NA,NA,NA,yes,Swallowtail,NA,230,0,Walton County,NA,NA,2027,0,2026-2027,Swallowtail; Walton County,FPL - Ten-Year Site Plan,https://www.fpl.com/content/dam/fplgp/us/en/about/pdf/ten-year-site-plan.pdf,366,Schedule 10 Status Report and Specifications of Proposed Transmission Lines Swallowtail Battery Energy Storage System Center (Walton County) The Swallowtail Battery Energy Storage Center will be connected to the transmission bus at Swallowtail Substation approximately 0.0 miles to connect the BESS. (1) Point of Origin and Termination: Swallowtail Substation (2) Number of Lines: 1 (3) Right-of-way FPL - Owned (4) Line Length: 0 miles (5) Voltage: 230 kV (6) Anticipated Construction Timing: Start date: 2026 End date: 2027 (7) Anticipated Capital Investment: Included in total installed cost on Schedule 9 (Trans. and Sub.) (8) Substations: Swallowtail Substation (9) Participation with Other Utilities: None Florida Power & Light Company 352,2026-09-27T13:47:19+00:00,2026-09-27T13:47:19+00:00,yes
3b2260ee3a6dedf740f4,Florida Power & Light,Swamp Cabbage Battery Energy Storage System Center (Hendry County),Battery interconnection,0.910,fpl_schedule10,accepted_structured_evidence,NA,NA,NA,NA,NA,none,NA,NA,NA,yes,Swamp,NA,230,0,Hendry County,NA,NA,2027,0,2026-2027,Swamp; Hendry County,FPL - Ten-Year Site Plan,https://www.fpl.com/content/dam/fplgp/us/en/about/pdf/ten-year-site-plan.pdf,354,Schedule 10 Status Report and Specifications of Proposed Transmission Lines Swamp Cabbage Battery Energy Storage System Center (Hendry County) The Swamp Cabbage Battery Energy Storage Center will be connected to the transmission bus at Swamp Substation approximately 0.0 miles to connect the BESS. (1) Point of Origin and Termination: Swamp Substation (2) Number of Lines: 1 (3) Right-of-way FPL - Owned (4) Line Length: 0 miles (5) Voltage: 230 kV (6) Anticipated Construction Timing: Start date: 2026 End date: 2027 (7) Anticipated Capital Investment: Included in total installed cost on Schedule 9 (Trans. and Sub.) (8) Substations: Swamp Substation (9) Participation with Other Utilities: None Florida Power & Light Company 340,2026-09-27T13:47:19+00:00,2026-09-27T13:47:19+00:00,yes
ed481db87b6a6609b8ed,Florida Power & Light,Tangelo Solar Energy Center (Okeechobee County),Generator interconnection,0.910,fpl_schedule10,accepted_structured_evidence,NA,NA,NA,NA,NA,none,NA,NA,NA,yes,Clementine,NA,230,0,Okeechobee County,NA,NA,2027,0,2026-2027,Clementine; Okeechobee County,FPL - Ten-Year Site Plan,https://www.fpl.com/content/dam/fplgp/us/en/about/pdf/ten-year-site-plan.pdf,347,Schedule 10 Status Report and Specifications of Proposed Transmission Lines Tangelo Solar Energy Center (Okeechobee County) The Tangelo Solar Energy Center will require extending the transmission bus at Clementine Substation approximately 0.0 miles to connect the solar PV inverter array. (1) Point of Origin and Termination: Clementine Substation (2) Number of Lines: 1 (3) Right-of-way FPL - Owned (4) Line Length: 0 miles (5) Voltage: 230 kV (6) Anticipated Construction Timing: Start date: 2026 End date: 2027 (7) Anticipated Capital Investment: Included in total installed cost on Schedule 9 (Trans. and Sub.) (8) Substations: Clementine Substation (9) Participation with Other Utilities: None Florida Power & Light Company 333,2026-09-27T13:47:19+00:00,2026-09-27T13:47:19+00:00,yes
8a2d33fac61e8c0dce4d,Florida Power & Light,Terrill Creek Battery Energy Storage System Center (Clay County),Battery interconnection,0.910,fpl_schedule10,accepted_structured_evidence,NA,NA,NA,NA,NA,none,NA,NA,NA,yes,Terrill,NA,230,0,Clay County,NA,NA,2027,0,2026-2027,Terrill; Clay County,FPL - Ten-Year Site Plan,https://www.fpl.com/content/dam/fplgp/us/en/about/pdf/ten-year-site-plan.pdf,358,Schedule 10 Status Report and Specifications of Proposed Transmission Lines Terrill Creek Battery Energy Storage System Center (Clay County) The Terrill Creek Battery Energy Storage Center will be connected to the transmission bus at Terrill Substation approximately 0.0 miles to connect the BESS. (1) Point of Origin and Termination: Terrill Substation (2) Number of Lines: 1 (3) Right-of-way FPL - Owned (4) Line Length: 0 miles (5) Voltage: 230 kV (6) Anticipated Construction Timing: Start date: 2026 End date: 2027 (7) Anticipated Capital Investment: Included in total installed cost on Schedule 9 (Trans. and Sub.) (8) Substations: Terrill Substation (9) Participation with Other Utilities: None Florida Power & Light Company 344,2026-09-27T13:47:19+00:00,2026-09-27T13:47:19+00:00,yes
b3d4a7f32f172927f641,Florida Power & Light,Union Springs Battery Energy Storage System Center (Union County),Battery interconnection,0.910,fpl_schedule10,accepted_structured_evidence,NA,NA,NA,NA,NA,none,NA,NA,NA,yes,Plum,NA,115,0,Union County,NA,NA,2027,0,2026-2027,Plum; Union County,FPL - Ten-Year Site Plan,https://www.fpl.com/content/dam/fplgp/us/en/about/pdf/ten-year-site-plan.pdf,367,Schedule 10 Status Report and Specifications of Proposed Transmission Lines Union Springs Battery Energy Storage System Center (Union County) The Union Springs Battery Energy Storage Center will be connected to the transmission bus at Plum Substation approximately 0.0 miles to connect the BESS. (1) Point of Origin and Termination: Plum Substation (2) Number of Lines: 1 (3) Right-of-way FPL - Owned (4) Line Length: 0 miles (5) Voltage: 115 kV (6) Anticipated Construction Timing: Start date: 2026 End date: 2027 (7) Anticipated Capital Investment: Included in total installed cost on Schedule 9 (Trans. and Sub.) (8) Substations: Plum Substation (9) Participation with Other Utilities: None Florida Power & Light Company 353,2026-09-27T13:47:19+00:00,2026-09-27T13:47:19+00:00,yes
9796361f9b0567811ac3,Florida Power & Light,Vernia Solar Energy Center (Indian River County),Generator interconnection,0.770,fpl_schedule10,missing_starting_substation,NA,NA,NA,NA,NA,none,NA,NA,NA,yes,NA,NA,230,0,Indian River County,NA,NA,2027,0,2026-2027,Indian River County,FPL - Ten-Year Site Plan,https://www.fpl.com/content/dam/fplgp/us/en/about/pdf/ten-year-site-plan.pdf,373,Schedule 10 Status Report and Specifications of Proposed Transmission Lines Vernia Solar Energy Center (Indian River County) The Vernia Solar Energy Center will require bifurcating the FPL Sunbreak - Glint 230 kV transmission line approximately 0.0 miles to connect a new Vernia substation and connect the solar PV inverter array. (1) Point of Origin and Termination: Vernia (2) Number of Lines: 1 (3) Right-of-way FPL - Owned (4) Line Length: 0 miles (5) Voltage: 230 kV (6) Anticipated Construction Timing: Start date: 2026 End date: 2027 (7) Anticipated Capital Investment: Included in total installed cost on Schedule 9 (Trans. and Sub.) (8) Substations: Vernia (9) Participation with Other Utilities: None Florida Power & Light Company 359,2026-09-27T13:47:19+00:00,2026-09-27T13:47:19+00:00,yes
21e47384f79fa1afc40d,Florida Power & Light,Wood Stork Solar Energy Center (St. Lucie County),Generator interconnection,0.910,fpl_schedule10,accepted_structured_evidence,NA,NA,NA,NA,NA,none,NA,NA,NA,yes,Liberty,NA,230,0,St. Lucie County,NA,NA,2027,0,2026-2027,Liberty; St. Lucie County,FPL - Ten-Year Site Plan,https://www.fpl.com/content/dam/fplgp/us/en/about/pdf/ten-year-site-plan.pdf,348,Schedule 10 Status Report and Specifications of Proposed Transmission Lines Wood Stork Solar Energy Center (St. Lucie County) The Wood Stork Solar Energy Center will require extending the transmission bus at Liberty Substation approximately 0.0 miles to connect the solar PV inverter array. (1) Point of Origin and Termination: Liberty Substation (2) Number of Lines: 1 (3) Right-of-way FPL - Owned (4) Line Length: 0 miles (5) Voltage: 230 kV (6) Anticipated Construction Timing: Start date: 2026 End date: 2027 (7) Anticipated Capital Investment: Included in total installed cost on Schedule 9 (Trans. and Sub.) (8) Substations: Liberty Substation (9) Participation with Other Utilities: None Florida Power & Light Company 334,2026-09-27T13:47:19+00:00,2026-09-27T13:47:19+00:00,yes
875930f0303c038595c6,Florida Power & Light,Ambersweet Solar Energy Center (Indian River County),Generator interconnection,0.910,fpl_schedule10,accepted_structured_evidence,"{""type"":""Point"",""coordinates"":[-80.6278,27.5675]}","27.567500, -80.627800",NA,local_model_search,https://www.gem.wiki/Ambersweet_solar_farm,medium,llm_grounded_coordinate,"Purchase: ─┼───────────────────────────────── 1 │Indian River County, Florida, United States^{[1]} │27.5675, -80.6278 (exact)^{[1]} ──────────┴───────────────────────────────────────────────────┴────────────── (https://www.gem.wiki/Ambersweet_solar_farm)",NA,yes,Ambersweet,NA,230,0,Indian River County,NA,NA,2028,0,2027-2028,Ambersweet; Indian River County,FPL - Ten-Year Site Plan,https://www.fpl.com/content/dam/fplgp/us/en/about/pdf/ten-year-site-plan.pdf,374,Schedule 10 Status Report and Specifications of Proposed Transmission Lines Ambersweet Solar Energy Center (Indian River County) The Ambersweet Solar Energy Center will require extending the transmission bus at Vernia Substation line approximately 0.0 miles to connect the solar PV inverter array. (1) Point of Origin and Termination: Ambersweet Substation (2) Number of Lines: 1 (3) Right-of-way FPL - Owned (4) Line Length: 0 miles (5) Voltage: 230 kV (6) Anticipated Construction Timing: Start date: 2027 End date: 2028 (7) Anticipated Capital Investment: Included in total installed cost on Schedule 9 (Trans. and Sub.) (8) Substations: Ambersweet Substation (9) Participation with Other Utilities: None Florida Power & Light Company 360,2026-09-27T13:47:19+00:00,2026-09-27T13:47:19+00:00,yes
78dd19bc45eddfefae87,Florida Power & Light,Beachland Solar Energy Center (Indian River County),Generator interconnection,0.910,fpl_schedule10,accepted_structured_evidence,NA,NA,NA,NA,NA,none,NA,NA,NA,yes,Finance,NA,230,0,Indian River County,NA,NA,2028,0,2027-2028,Finance; Indian River County,FPL - Ten-Year Site Plan,https://www.fpl.com/content/dam/fplgp/us/en/about/pdf/ten-year-site-plan.pdf,377,Schedule 10 Status Report and Specifications of Proposed Transmission Lines Beachland Solar Energy Center (Indian River County) The Beachland Solar Energy Center will require extending the transmission bus at Finance Substation line approximately 0.0 miles to connect the solar PV inverter array. (1) Point of Origin and Termination: Finance Substation (2) Number of Lines: 1 (3) Right-of-way FPL - Owned (4) Line Length: 0.0 miles (5) Voltage: 230 kV (6) Anticipated Construction Timing: Start date: 2027 End date: 2028 (7) Anticipated Capital Investment: Included in total installed cost on Schedule 9 (Trans. and Sub.) (8) Substations: Finance Substation (9) Participation with Other Utilities: None Florida Power & Light Company 363,2026-09-27T13:47:19+00:00,2026-09-27T13:47:19+00:00,yes
30bd6a119eb59f7027c1,Florida Power & Light,Bromeliad Solar Energy Center (Collier County),Generator interconnection,0.910,fpl_schedule10,accepted_structured_evidence,NA,NA,NA,NA,NA,none,NA,NA,NA,yes,Boardwalk,NA,500,0,Collier County,NA,NA,2028,0,2027-2028,Boardwalk; Collier County,FPL - Ten-Year Site Plan,https://www.fpl.com/content/dam/fplgp/us/en/about/pdf/ten-year-site-plan.pdf,382,Schedule 10 Status Report and Specifications of Proposed Transmission Lines Bromeliad Solar Energy Center (Collier County) The Bromeliad Solar Energy Center will require extending the transmission bus at Boardwalk Substation line approximately 0.0 miles to connect the solar PV inverter array. (1) Point of Origin and Termination: Boardwalk Substation (2) Number of Lines: 1 (3) Right-of-way FPL - Owned (4) Line Length: 0.0 miles (5) Voltage: 500 kV (6) Anticipated Construction Timing: Start date: 2027 End date: 2028 (7) Anticipated Capital Investment: Included in total installed cost on Schedule 9 (Trans. and Sub.) (8) Substations: Boardwalk Substation (9) Participation with Other Utilities: None Florida Power & Light Company 368,2026-09-27T13:47:19+00:00,2026-09-27T13:47:19+00:00,yes
421b7bd9e799f123ee2c,Florida Power & Light,Cardinal Solar Energy Center (Brevard County),Generator interconnection,0.910,fpl_schedule10,accepted_structured_evidence,NA,NA,NA,NA,NA,none,NA,NA,NA,yes,Goodwin,NA,230,0,Brevard County,NA,NA,2028,0,2027-2028,Goodwin; Brevard County,FPL - Ten-Year Site Plan,https://www.fpl.com/content/dam/fplgp/us/en/about/pdf/ten-year-site-plan.pdf,395,Schedule 10 Status Report and Specifications of Proposed Transmission Lines Cardinal Solar Energy Center (Brevard County) The Cardinal Solar Energy Center will require extending the transmission bus at Goodwin Substation approximately 0.0 miles to connect the solar PV inverter array. (1) Point of Origin and Termination: Goodwin Substation (2) Number of Lines: 1 (3) Right-of-way FPL - Owned (4) Line Length: 0 miles (5) Voltage: 230 kV (6) Anticipated Construction Timing: Start date: 2027 End date: 2028 (7) Anticipated Capital Investment: Included in total installed cost on Schedule 9 (Trans. and Sub.) (8) Substations: Goodwin Substation (9) Participation with Other Utilities: None Florida Power & Light Company 381,2026-09-27T13:47:19+00:00,2026-09-27T13:47:19+00:00,yes
e766e7f4f4d7ee72c925,Florida Power & Light,Grapefruit Battery Energy Storage System Center (Hendry County),Battery interconnection,0.910,fpl_schedule10,accepted_structured_evidence,NA,NA,NA,NA,NA,none,NA,NA,NA,yes,Towhee,NA,230,0,Hendry County,NA,NA,2028,0,2027-2028,Towhee; Hendry County,FPL - Ten-Year Site Plan,https://www.fpl.com/content/dam/fplgp/us/en/about/pdf/ten-year-site-plan.pdf,401,Schedule 10 Status Report and Specifications of Proposed Transmission Lines Grapefruit Battery Energy Storage System Center (Hendry County) The Grapefruit Battery Energy Storage Center will be connected to the transmission bus at Towhee Substation approximately 0.0 miles to connect the BESS. (1) Point of Origin and Termination: Towhee Substation (2) Number of Lines: 1 (3) Right-of-way FPL - Owned (4) Line Length: 0 miles (5) Voltage: 230 kV (6) Anticipated Construction Timing: Start date: 2027 End date: 2028 (7) Anticipated Capital Investment: Included in total installed cost on Schedule 9 (Trans. and Sub.) (8) Substations: Towhee Substation (9) Participation with Other Utilities: None Florida Power & Light Company 387,2026-09-27T13:47:19+00:00,2026-09-27T13:47:19+00:00,yes
cc614bd22fd30c670f88,Florida Power & Light,Grapefruit Solar Energy Center (Hendry County),Generator interconnection,0.910,fpl_schedule10,accepted_structured_evidence,NA,NA,NA,NA,NA,none,NA,NA,NA,yes,Towhee,NA,230,0,Hendry County,NA,NA,2028,0,2027-2028,Towhee; Hendry County,FPL - Ten-Year Site Plan,https://www.fpl.com/content/dam/fplgp/us/en/about/pdf/ten-year-site-plan.pdf,400,Schedule 10 Status Report and Specifications of Proposed Transmission Lines Grapefruit Solar Energy Center (Hendry County) The Grapefruit Solar Energy Center will require extending the transmission bus at Towhee Substation approximately 0.0 miles to connect the solar PV inverter array. (1) Point of Origin and Termination: Towhee Substation (2) Number of Lines: 1 (3) Right-of-way FPL - Owned (4) Line Length: 0 miles (5) Voltage: 230 kV (6) Anticipated Construction Timing: Start date: 2027 End date: 2028 (7) Anticipated Capital Investment: Included in total installed cost on Schedule 9 (Trans. and Sub.) (8) Substations: Towhee Substation (9) Participation with Other Utilities: None Florida Power & Light Company 386,2026-09-27T13:47:19+00:00,2026-09-27T13:47:19+00:00,yes
72865e26a0e0a86be25c,Florida Power & Light,Honeybee Solar Energy Center (Collier County),Generator interconnection,0.910,fpl_schedule10,accepted_structured_evidence,NA,NA,NA,NA,NA,none,NA,NA,NA,yes,Boardwalk,NA,500,0,Collier County,NA,NA,2028,0,2027-2028,Boardwalk; Collier County,FPL - Ten-Year Site Plan,https://www.fpl.com/content/dam/fplgp/us/en/about/pdf/ten-year-site-plan.pdf,381,Schedule 10 Status Report and Specifications of Proposed Transmission Lines Honeybee Solar Energy Center (Collier County) The Honeybee Solar Energy Center will require extending the transmission bus at Boardwalk Substation line approximately 0.0 miles to connect the solar PV inverter array. (1) Point of Origin and Termination: Boardwalk Substation (2) Number of Lines: 1 (3) Right-of-way FPL - Owned (4) Line Length: 0.0 miles (5) Voltage: 500 kV (6) Anticipated Construction Timing: Start date: 2027 End date: 2028 (7) Anticipated Capital Investment: Included in total installed cost on Schedule 9 (Trans. and Sub.) (8) Substations: Boardwalk Substation (9) Participation with Other Utilities: None Florida Power & Light Company 367,2026-09-27T13:47:19+00:00,2026-09-27T13:47:19+00:00,yes
a50964d23814e90457a1,Florida Power & Light,Inlet Solar Energy Center (Indian River County),Generator interconnection,0.910,fpl_schedule10,accepted_structured_evidence,NA,NA,NA,NA,NA,none,NA,NA,NA,yes,Lumia,NA,230,0,Indian River County,NA,NA,2028,0,2027-2028,Lumia; Indian River County,FPL - Ten-Year Site Plan,https://www.fpl.com/content/dam/fplgp/us/en/about/pdf/ten-year-site-plan.pdf,376,Schedule 10 Status Report and Specifications of Proposed Transmission Lines Inlet Solar Energy Center (Indian River County) The Inlet Solar Energy Center will require bifurcating the new FPL Waveland - Heritage 230 kV transmission line approximately 0.0 miles to connect a new Lumia substation and connect the solar PV inverter array. (1) Point of Origin and Termination: Lumia Substation (2) Number of Lines: 1 (3) Right-of-way FPL - Owned (4) Line Length: 0 miles (5) Voltage: 230 kV (6) Anticipated Construction Timing: Start date: 2027 End date: 2028 (7) Anticipated Capital Investment: Included in total installed cost on Schedule 9 (Trans. and Sub.) (8) Substations: Lumia Substation (9) Participation with Other Utilities: None Florida Power & Light Company 362,2026-09-27T13:47:19+00:00,2026-09-27T13:47:19+00:00,yes
1ba64ae1ddb2018795d1,Florida Power & Light,LaBelle Solar Energy Center (Hendry County),Generator interconnection,0.910,fpl_schedule10,accepted_structured_evidence,NA,NA,NA,NA,NA,none,NA,NA,NA,yes,Swamp,NA,230,0,Hendry County,NA,NA,2028,0,2027-2028,Swamp; Hendry County,FPL - Ten-Year Site Plan,https://www.fpl.com/content/dam/fplgp/us/en/about/pdf/ten-year-site-plan.pdf,394,Schedule 10 Status Report and Specifications of Proposed Transmission Lines LaBelle Solar Energy Center (Hendry County) The Labelle Solar Energy Center will require extending the transmission bus at Swamp Substation approximately 0.0 miles to connect the solar PV inverter array. (1) Point of Origin and Termination: Swamp Substation (2) Number of Lines: 1 (3) Right-of-way FPL - Owned (4) Line Length: 0 miles (5) Voltage: 230 kV (6) Anticipated Construction Timing: Start date: 2027 End date: 2028 (7) Anticipated Capital Investment: Included in total installed cost on Schedule 9 (Trans. and Sub.) (8) Substations: Swamp Substation (9) Participation with Other Utilities: None Florida Power & Light Company 380,2026-09-27T13:47:19+00:00,2026-09-27T13:47:19+00:00,yes
20e4a2914a5e4b369c1a,Florida Power & Light,Ladybug Battery Energy Storage System Center (Desoto County),Battery interconnection,0.910,fpl_schedule10,accepted_structured_evidence,NA,NA,NA,NA,NA,none,NA,NA,NA,yes,Tern,NA,230,0,Desoto County,NA,NA,2028,0,2027-2028,Tern; Desoto County,FPL - Ten-Year Site Plan,https://www.fpl.com/content/dam/fplgp/us/en/about/pdf/ten-year-site-plan.pdf,403,Schedule 10 Status Report and Specifications of Proposed Transmission Lines Ladybug Battery Energy Storage System Center (Desoto County) The Ladybug Battery Energy Storage Center will be connected to the transmission bus at Tern Substation approximately 0.0 miles to connect the BESS. (1) Point of Origin and Termination: Tern Substation (2) Number of Lines: 1 (3) Right-of-way FPL - Owned (4) Line Length: 0 miles (5) Voltage: 230 kV (6) Anticipated Construction Timing: Start date: 2027 End date: 2028 (7) Anticipated Capital Investment: Included in total installed cost on Schedule 9 (Trans. and Sub.) (8) Substations: Tern Substation (9) Participation with Other Utilities: None Florida Power & Light Company 389,2026-09-27T13:47:19+00:00,2026-09-27T13:47:19+00:00,yes
64083f83eefd50b7b3e2,Florida Power & Light,Ladybug Solar Energy Center (Desoto County),Generator interconnection,0.910,fpl_schedule10,accepted_structured_evidence,"{""type"":""Point"",""coordinates"":[-81.8,27.317]}","27.317000, -81.800000",NA,local_model_search,https://en.wikipedia.org/wiki/DeSoto_Next_Generation_Solar_Energy_Center,medium,llm_grounded_coordinate,Document Provided: ┼─────────────────────────────────────────────────────── Coordinates │27°19′N 81°48′W﻿ / ﻿27.317°N 81.800°W﻿ / 27.317; -81.800 ────────────────────────────────────────┼─────────────────────────────────────────────────── (https://en.wikipedia.org/wiki/DeSoto_Next_Generation_Solar_Energy_Center),NA,yes,Tern,NA,230,8,Desoto County,NA,NA,2028,0,2027-2028,Tern; Desoto County,FPL - Ten-Year Site Plan,https://www.fpl.com/content/dam/fplgp/us/en/about/pdf/ten-year-site-plan.pdf,402,Schedule 10 Status Report and Specifications of Proposed Transmission Lines Ladybug Solar Energy Center (Desoto County) The Ladybug Solar Energy Center will require extending the transmission bus at Stallion Substation approximately 8.0 miles to a new Tern substation to connect the solar PV inverter array. (1) Point of Origin and Termination: Tern Substation (2) Number of Lines: 1 (3) Right-of-way FPL - Owned (4) Line Length: 8 miles (5) Voltage: 230 kV (6) Anticipated Construction Timing: Start date: 2027 End date: 2028 (7) Anticipated Capital Investment: Included in total installed cost on Schedule 9 (Trans. and Sub.) (8) Substations: Tern Substation (9) Participation with Other Utilities: None Florida Power & Light Company 388,2026-09-27T13:47:19+00:00,2026-09-27T13:47:19+00:00,yes
0cbda188a3eb94f23cb4,Florida Power & Light,Mango Battery Energy Storage System Center (Hendry County),Battery interconnection,0.910,fpl_schedule10,accepted_structured_evidence,NA,NA,NA,NA,NA,none,NA,NA,NA,yes,Towhee,NA,230,0,Hendry County,NA,NA,2028,0,2027-2028,Towhee; Hendry County,FPL - Ten-Year Site Plan,https://www.fpl.com/content/dam/fplgp/us/en/about/pdf/ten-year-site-plan.pdf,399,Schedule 10 Status Report and Specifications of Proposed Transmission Lines Mango Battery Energy Storage System Center (Hendry County) The Mango Battery Energy Storage Center will be connected to the transmission bus at Towhee Substation approximately 0.0 miles to connect the BESS. (1) Point of Origin and Termination: Towhee Substation (2) Number of Lines: 1 (3) Right-of-way FPL - Owned (4) Line Length: 0 miles (5) Voltage: 230 kV (6) Anticipated Construction Timing: Start date: 2027 End date: 2028 (7) Anticipated Capital Investment: Included in total installed cost on Schedule 9 (Trans. and Sub.) (8) Substations: Towhee Substation (9) Participation with Other Utilities: None Florida Power & Light Company 385,2026-09-27T13:47:19+00:00,2026-09-27T13:47:19+00:00,yes
318bbe58a49edf50ca69,Florida Power & Light,Mango Solar Energy Center (Hendry County),Generator interconnection,0.910,fpl_schedule10,accepted_structured_evidence,NA,NA,NA,NA,NA,none,NA,NA,NA,yes,Towhee,NA,230,0,Hendry County,NA,NA,2028,0,2027-2028,Towhee; Hendry County,FPL - Ten-Year Site Plan,https://www.fpl.com/content/dam/fplgp/us/en/about/pdf/ten-year-site-plan.pdf,398,Schedule 10 Status Report and Specifications of Proposed Transmission Lines Mango Solar Energy Center (Hendry County) The Mango Solar Energy Center will require bifurcating the Puma-Keri 230kV transmission line approximately 0.0 miles to connect a new Towhee substation and connect the solar PV inverter array. (1) Point of Origin and Termination: Towhee Substation (2) Number of Lines: 1 (3) Right-of-way FPL - Owned (4) Line Length: 0 miles (5) Voltage: 230 kV (6) Anticipated Construction Timing: Start date: 2027 End date: 2028 (7) Anticipated Capital Investment: Included in total installed cost on Schedule 9 (Trans. and Sub.) (8) Substations: Towhee Substation (9) Participation with Other Utilities: None Florida Power & Light Company 384,2026-09-27T13:47:19+00:00,2026-09-27T13:47:19+00:00,yes
4972bc1a60928acfef0f,Florida Power & Light,Owen Branch Battery Energy Storage System Center (Manatee County),Battery interconnection,0.910,fpl_schedule10,accepted_structured_evidence,NA,NA,NA,NA,NA,none,NA,NA,NA,yes,Owen,NA,230,0,Manatee County,NA,NA,2028,0,2027-2028,Owen; Manatee County,FPL - Ten-Year Site Plan,https://www.fpl.com/content/dam/fplgp/us/en/about/pdf/ten-year-site-plan.pdf,391,Schedule 10 Status Report and Specifications of Proposed Transmission Lines Owen Branch Battery Energy Storage System Center (Manatee County) The Owen Branch Battery Energy Storage Center will be connected to the transmission bus at Owen Substation approximately 0.0 miles to connect the BESS. (1) Point of Origin and Termination: Owen Substation (2) Number of Lines: 1 (3) Right-of-way FPL - Owned (4) Line Length: 0 miles (5) Voltage: 230 kV (6) Anticipated Construction Timing: Start date: 2027 End date: 2028 (7) Anticipated Capital Investment: Included in total installed cost on Schedule 9 (Trans. and Sub.) (8) Substations: Owen Substation (9) Participation with Other Utilities: None Florida Power & Light Company 377,2026-09-27T13:47:19+00:00,2026-09-27T13:47:19+00:00,yes
26f251843e4a6ee5f2b2,Florida Power & Light,Owen Branch Solar Energy Center (Manatee County),Generator interconnection,0.910,fpl_schedule10,accepted_structured_evidence,NA,NA,NA,NA,NA,none,NA,NA,NA,yes,Owen,NA,230,0,Manatee County,NA,NA,2028,0,2027-2028,Owen; Manatee County,FPL - Ten-Year Site Plan,https://www.fpl.com/content/dam/fplgp/us/en/about/pdf/ten-year-site-plan.pdf,390,Schedule 10 Status Report and Specifications of Proposed Transmission Lines Owen Branch Solar Energy Center (Manatee County) The Owen Branch Solar Energy Center will require extending the transmission bus at Flatford Substation line approximately 0.0 miles to connect a new Owen substation and connect the solar PV inverter array. (1) Point of Origin and Termination: Owen Substation (2) Number of Lines: 1 (3) Right-of-way FPL - Owned (4) Line Length: 0 miles (5) Voltage: 230 kV (6) Anticipated Construction Timing: Start date: 2027 End date: 2028 (7) Anticipated Capital Investment: Included in total installed cost on Schedule 9 (Trans. and Sub.) (8) Substations: Owen Substation (9) Participation with Other Utilities: None Florida Power & Light Company 376,2026-09-27T13:47:19+00:00,2026-09-27T13:47:19+00:00,yes
5ef65407b06f0607fc99,Florida Power & Light,Pine Lily Battery Energy Storage System Center (St. Lucie County),Battery interconnection,0.910,fpl_schedule10,accepted_structured_evidence,NA,NA,NA,NA,NA,none,NA,NA,NA,yes,Lily,NA,230,0,St. Lucie County,NA,NA,2028,0,2027-2028,Lily; St. Lucie County,FPL - Ten-Year Site Plan,https://www.fpl.com/content/dam/fplgp/us/en/about/pdf/ten-year-site-plan.pdf,385,Schedule 10 Status Report and Specifications of Proposed Transmission Lines Pine Lily Battery Energy Storage System Center (St. Lucie County) The Pine Lily Battery Energy Storage Center will be connected to the transmission bus at Lily Substation approximately 0.0 miles to connect the BESS. (1) Point of Origin and Termination: Lily Substation (2) Number of Lines: 1 (3) Right-of-way FPL - Owned (4) Line Length: 0 miles (5) Voltage: 230 kV (6) Anticipated Construction Timing: Start date: 2027 End date: 2028 (7) Anticipated Capital Investment: Included in total installed cost on Schedule 9 (Trans. and Sub.) (8) Substations: Lily Substation (9) Participation with Other Utilities: None Florida Power & Light Company 371,2026-09-27T13:47:19+00:00,2026-09-27T13:47:19+00:00,yes
b4a4485266e7355729c6,Florida Power & Light,Pine Lily Solar Energy Center (St. Lucie County),Generator interconnection,0.910,fpl_schedule10,accepted_structured_evidence,NA,NA,NA,NA,NA,none,NA,NA,NA,yes,Lily,NA,230,0,St. Lucie County,NA,NA,2028,0,2027-2028,Lily; St. Lucie County,FPL - Ten-Year Site Plan,https://www.fpl.com/content/dam/fplgp/us/en/about/pdf/ten-year-site-plan.pdf,384,Schedule 10 Status Report and Specifications of Proposed Transmission Lines Pine Lily Solar Energy Center (St. Lucie County) The Pine Lily Solar Energy Center will require bifurcating the Glint-Seville 230kV transmission line approximately 0.0 miles to connect a new Lily substation and connect the solar PV inverter array. (1) Point of Origin and Termination: Lily Substation (2) Number of Lines: 1 (3) Right-of-way FPL - Owned (4) Line Length: 0 miles (5) Voltage: 230 kV (6) Anticipated Construction Timing: Start date: 2027 End date: 2028 (7) Anticipated Capital Investment: Included in total installed cost on Schedule 9 (Trans. and Sub.) (8) Substations: Lily Substation (9) Participation with Other Utilities: None Florida Power & Light Company 370,2026-09-27T13:47:19+00:00,2026-09-27T13:47:19+00:00,yes
9d7bbbbabb698090185e,Florida Power & Light,Redroot Battery Energy Storage System Center (Hendry County),Battery interconnection,0.910,fpl_schedule10,accepted_structured_evidence,NA,NA,NA,NA,NA,none,NA,NA,NA,yes,Waxweed,NA,230,0,Hendry County,NA,NA,2028,0,2027-2028,Waxweed; Hendry County,FPL - Ten-Year Site Plan,https://www.fpl.com/content/dam/fplgp/us/en/about/pdf/ten-year-site-plan.pdf,397,Schedule 10 Status Report and Specifications of Proposed Transmission Lines Redroot Battery Energy Storage System Center (Hendry County) The Redroot Battery Energy Storage Center will be connected to the transmission bus at Waxweed Substation approximately 0.0 miles to connect the BESS. (1) Point of Origin and Termination: Waxweed Substation (2) Number of Lines: 1 (3) Right-of-way FPL - Owned (4) Line Length: 0 miles (5) Voltage: 230 kV (6) Anticipated Construction Timing: Start date: 2027 End date: 2028 (7) Anticipated Capital Investment: Included in total installed cost on Schedule 9 (Trans. and Sub.) (8) Substations: Waxweed Substation (9) Participation with Other Utilities: None Florida Power & Light Company 383,2026-09-27T13:47:19+00:00,2026-09-27T13:47:19+00:00,yes
6880eb694e2f2cb943b4,Florida Power & Light,Redroot Solar Energy Center (Hendry County),Generator interconnection,0.910,fpl_schedule10,accepted_structured_evidence,NA,NA,NA,NA,NA,none,NA,NA,NA,yes,Waxweed,NA,230,0,Hendry County,NA,NA,2028,0,2027-2028,Waxweed; Hendry County,FPL - Ten-Year Site Plan,https://www.fpl.com/content/dam/fplgp/us/en/about/pdf/ten-year-site-plan.pdf,396,Schedule 10 Status Report and Specifications of Proposed Transmission Lines Redroot Solar Energy Center (Hendry County) The Redroot Solar Energy Center will require extending the transmission bus at Waxweed Substation approximately 0.0 miles to connect the solar PV inverter array. (1) Point of Origin and Termination: Waxweed Substation (2) Number of Lines: 1 (3) Right-of-way FPL - Owned (4) Line Length: 0 miles (5) Voltage: 230 kV (6) Anticipated Construction Timing: Start date: 2027 End date: 2028 (7) Anticipated Capital Investment: Included in total installed cost on Schedule 9 (Trans. and Sub.) (8) Substations: Waxweed Substation (9) Participation with Other Utilities: None Florida Power & Light Company 382,2026-09-27T13:47:19+00:00,2026-09-27T13:47:19+00:00,yes
25e44a69f4d00405173b,Florida Power & Light,Sand Gully Solar Energy Center (DeSoto County),Generator interconnection,0.910,fpl_schedule10,accepted_structured_evidence,"{""type"":""Point"",""coordinates"":[-81.8,27.317]}","27.317000, -81.800000",NA,local_model_search,https://en.wikipedia.org/wiki/DeSoto_Next_Generation_Solar_Energy_Center,medium,llm_grounded_coordinate,Document Provided: ┼─────────────────────────────────────────────────────── Coordinates │27°19′N 81°48′W﻿ / ﻿27.317°N 81.800°W﻿ / 27.317; -81.800 ────────────────────────────────────────┼─────────────────────────────────────────────────── (https://en.wikipedia.org/wiki/DeSoto_Next_Generation_Solar_Energy_Center),NA,yes,Stallion,NA,230,0,DeSoto County,NA,NA,2028,0,2027-2028,Stallion; DeSoto County,FPL - Ten-Year Site Plan,https://www.fpl.com/content/dam/fplgp/us/en/about/pdf/ten-year-site-plan.pdf,383,Schedule 10 Status Report and Specifications of Proposed Transmission Lines Sand Gully Solar Energy Center (DeSoto County) The Sand Gully Solar Energy Center will require extending the transmission bus at Stallion Substation line approximately 0.0 miles to connect the solar PV inverter array. (1) Point of Origin and Termination: Stallion Substation (2) Number of Lines: 1 (3) Right-of-way FPL - Owned (4) Line Length: 0.0 miles (5) Voltage: 230 kV (6) Anticipated Construction Timing: Start date: 2027 End date: 2028 (7) Anticipated Capital Investment: Included in total installed cost on Schedule 9 (Trans. and Sub.) (8) Substations: Stallion Substation (9) Participation with Other Utilities: None Florida Power & Light Company 369,2026-09-27T13:47:19+00:00,2026-09-27T13:47:19+00:00,yes
a6cd0921558187918014,Florida Power & Light,Shell Creek Battery Energy Storage System Center (Desoto County),Battery interconnection,0.910,fpl_schedule10,accepted_structured_evidence,NA,NA,NA,NA,NA,none,NA,NA,NA,yes,Notts,NA,230,0,Desoto County,NA,NA,2028,0,2027-2028,Notts; Desoto County,FPL - Ten-Year Site Plan,https://www.fpl.com/content/dam/fplgp/us/en/about/pdf/ten-year-site-plan.pdf,393,Schedule 10 Status Report and Specifications of Proposed Transmission Lines Shell Creek Battery Energy Storage System Center (Desoto County) The Shell Creek Battery Energy Storage Center will be connected to the transmission bus at Notts Substation approximately 0.0 miles to connect the BESS. (1) Point of Origin and Termination: Notts Substation (2) Number of Lines: 1 (3) Right-of-way FPL - Owned (4) Line Length: 0 miles (5) Voltage: 230 kV (6) Anticipated Construction Timing: Start date: 2027 End date: 2028 (7) Anticipated Capital Investment: Included in total installed cost on Schedule 9 (Trans. and Sub.) (8) Substations: Notts Substation (9) Participation with Other Utilities: None Florida Power & Light Company 379,2026-09-27T13:47:19+00:00,2026-09-27T13:47:19+00:00,yes
d880b2f19394eefe5173,Florida Power & Light,Shell Creek Solar Energy Center (DeSoto County),Generator interconnection,0.910,fpl_schedule10,accepted_structured_evidence,NA,NA,NA,NA,NA,none,NA,NA,NA,yes,Notts,NA,230,0,DeSoto County,NA,NA,2028,0,2027-2028,Notts; DeSoto County,FPL - Ten-Year Site Plan,https://www.fpl.com/content/dam/fplgp/us/en/about/pdf/ten-year-site-plan.pdf,392,Schedule 10 Status Report and Specifications of Proposed Transmission Lines Shell Creek Solar Energy Center (DeSoto County) The Shell Creek Solar Energy Center will require extending the transmission bus at Notts Substation approximately 0.0 miles to connect the solar PV inverter array. (1) Point of Origin and Termination: Notts Substation (2) Number of Lines: 1 (3) Right-of-way FPL - Owned (4) Line Length: 0 miles (5) Voltage: 230 kV (6) Anticipated Construction Timing: Start date: 2027 End date: 2028 (7) Anticipated Capital Investment: Included in total installed cost on Schedule 9 (Trans. and Sub.) (8) Substations: Notts Substation (9) Participation with Other Utilities: None Florida Power & Light Company 378,2026-09-27T13:47:19+00:00,2026-09-27T13:47:19+00:00,yes
eee784061277b78187ba,Florida Power & Light,Shores Solar Energy Center (Indian River County),Generator interconnection,0.910,fpl_schedule10,accepted_structured_evidence,NA,NA,NA,NA,NA,none,NA,NA,NA,yes,Finance,NA,230,0,Indian River County,NA,NA,2028,0,2027-2028,Finance; Indian River County,FPL - Ten-Year Site Plan,https://www.fpl.com/content/dam/fplgp/us/en/about/pdf/ten-year-site-plan.pdf,379,Schedule 10 Status Report and Specifications of Proposed Transmission Lines Shores Solar Energy Center (Indian River County) The Shores Solar Energy Center will require extending the transmission bus at Finance Substation line approximately 0.0 miles to connect the solar PV inverter array. (1) Point of Origin and Termination: Finance Substation (2) Number of Lines: 1 (3) Right-of-way FPL - Owned (4) Line Length: 0.0 miles (5) Voltage: 230 kV (6) Anticipated Construction Timing: Start date: 2027 End date: 2028 (7) Anticipated Capital Investment: Included in total installed cost on Schedule 9 (Trans. and Sub.) (8) Substations: Finance Substation (9) Participation with Other Utilities: None Florida Power & Light Company 365,2026-09-27T13:47:19+00:00,2026-09-27T13:47:19+00:00,yes
b855d778174275f50752,Florida Power & Light,Treefrog Solar Energy Center (Collier County),Generator interconnection,0.910,fpl_schedule10,accepted_structured_evidence,NA,NA,NA,NA,NA,none,NA,NA,NA,yes,Boardwalk,NA,500,0,Collier County,NA,NA,2028,0,2027-2028,Boardwalk; Collier County,FPL - Ten-Year Site Plan,https://www.fpl.com/content/dam/fplgp/us/en/about/pdf/ten-year-site-plan.pdf,380,Schedule 10 Status Report and Specifications of Proposed Transmission Lines Treefrog Solar Energy Center (Collier County) The Treefrog Solar Energy Center will require extending the transmission bus at Boardwalk Substation line approximately 0.0 miles to connect the solar PV inverter array. (1) Point of Origin and Termination: Boardwalk Substation (2) Number of Lines: 1 (3) Right-of-way FPL - Owned (4) Line Length: 0.0 miles (5) Voltage: 500 kV (6) Anticipated Construction Timing: Start date: 2027 End date: 2028 (7) Anticipated Capital Investment: Included in total installed cost on Schedule 9 (Trans. and Sub.) (8) Substations: Boardwalk Substation (9) Participation with Other Utilities: None Florida Power & Light Company 366,2026-09-27T13:47:19+00:00,2026-09-27T13:47:19+00:00,yes
2c531c3d5daadac2e273,Florida Power & Light,Wabasso Solar Energy Center (Indian River County),Generator interconnection,0.910,fpl_schedule10,accepted_structured_evidence,NA,NA,NA,NA,NA,none,NA,NA,NA,yes,Finance,NA,230,4.5,Indian River County,NA,NA,2028,0,2027-2028,Finance; Indian River County,FPL - Ten-Year Site Plan,https://www.fpl.com/content/dam/fplgp/us/en/about/pdf/ten-year-site-plan.pdf,378,Schedule 10 Status Report and Specifications of Proposed Transmission Lines Wabasso Solar Energy Center (Indian River County) The Wabasso Solar Energy Center will require extending the transmission bus at Finca Substation line approximately 4.5 miles to connect a new Finance substation and connect the solar PV inverter array. (1) Point of Origin and Termination: Finance Substation (2) Number of Lines: 1 (3) Right-of-way FPL - Owned (4) Line Length: 4.5 miles (5) Voltage: 230 kV (6) Anticipated Construction Timing: Start date: 2027 End date: 2028 (7) Anticipated Capital Investment: Included in total installed cost on Schedule 9 (Trans. and Sub.) (8) Substations: Finance Substation (9) Participation with Other Utilities: None Florida Power & Light Company 364,2026-09-27T13:47:19+00:00,2026-09-27T13:47:19+00:00,yes
449f573496cd5f40d9f8,Florida Power & Light,Waveland Solar Energy Center (St. Lucie County),Generator interconnection,0.910,fpl_schedule10,accepted_structured_evidence,NA,NA,NA,NA,NA,none,NA,NA,NA,yes,Waveland,NA,230,0,St. Lucie County,NA,NA,2028,0,2027-2028,Waveland; St. Lucie County,FPL - Ten-Year Site Plan,https://www.fpl.com/content/dam/fplgp/us/en/about/pdf/ten-year-site-plan.pdf,375,Schedule 10 Status Report and Specifications of Proposed Transmission Lines Waveland Solar Energy Center (St. Lucie County) The Waveland Solar Energy Center will require bifurcating the new FPL Sunbreak - Heritage 230 kV transmission line approximately 0.0 miles to connect a new Waveland substation and connect the solar PV inverter array. (1) Point of Origin and Termination: Waveland Substation (2) Number of Lines: 1 (3) Right-of-way FPL - Owned (4) Line Length: 0 miles (5) Voltage: 230 kV (6) Anticipated Construction Timing: Start date: 2027 End date: 2028 (7) Anticipated Capital Investment: Included in total installed cost on Schedule 9 (Trans. and Sub.) (8) Substations: Waveland Substation (9) Participation with Other Utilities: None Florida Power & Light Company 361,2026-09-27T13:47:19+00:00,2026-09-27T13:47:19+00:00,yes
ba523eaaff693e4b4dd8,Florida Power & Light,Waxweed Battery Energy Storage System Center (Hendry County),Battery interconnection,0.910,fpl_schedule10,accepted_structured_evidence,NA,NA,NA,NA,NA,none,NA,NA,NA,yes,Waxweed,NA,230,0,Hendry County,NA,NA,2028,0,2027-2028,Waxweed; Hendry County,FPL - Ten-Year Site Plan,https://www.fpl.com/content/dam/fplgp/us/en/about/pdf/ten-year-site-plan.pdf,389,Schedule 10 Status Report and Specifications of Proposed Transmission Lines Waxweed Battery Energy Storage System Center (Hendry County) The Waxweed Battery Energy Storage Center will be connected to the transmission bus at Waxweed Substation approximately 0.0 miles to connect the BESS. (1) Point of Origin and Termination: Waxweed Substation (2) Number of Lines: 1 (3) Right-of-way FPL - Owned (4) Line Length: 0 miles (5) Voltage: 230 kV (6) Anticipated Construction Timing: Start date: 2027 End date: 2028 (7) Anticipated Capital Investment: Included in total installed cost on Schedule 9 (Trans. and Sub.) (8) Substations: Waxweed Substation (9) Participation with Other Utilities: None Florida Power & Light Company 375,2026-09-27T13:47:19+00:00,2026-09-27T13:47:19+00:00,yes
2296f35ddd3dac3ca9bf,Florida Power & Light,Waxweed Solar Energy Center (Hendry County),Generator interconnection,0.910,fpl_schedule10,accepted_structured_evidence,NA,NA,NA,NA,NA,none,NA,NA,NA,yes,Waxweed,NA,230,0,Hendry County,NA,NA,2028,0,2027-2028,Waxweed; Hendry County,FPL - Ten-Year Site Plan,https://www.fpl.com/content/dam/fplgp/us/en/about/pdf/ten-year-site-plan.pdf,388,Schedule 10 Status Report and Specifications of Proposed Transmission Lines Waxweed Solar Energy Center (Hendry County) The Waxweed Solar Energy Center will require bifurcating the Puma-Keri 230kV transmission line approximately 0.0 miles to connect a new Waxweed substation and connect the solar PV inverter array. (1) Point of Origin and Termination: Waxweed Substation (2) Number of Lines: 1 (3) Right-of-way FPL - Owned (4) Line Length: 0 miles (5) Voltage: 230 kV (6) Anticipated Construction Timing: Start date: 2027 End date: 2028 (7) Anticipated Capital Investment: Included in total installed cost on Schedule 9 (Trans. and Sub.) (8) Substations: Waxweed Substation (9) Participation with Other Utilities: None Florida Power & Light Company 374,2026-09-27T13:47:19+00:00,2026-09-27T13:47:19+00:00,yes
e9aba4cbe220668c21dd,Florida Power & Light,Wild Lime Battery Energy Storage System Center (St. Lucie County),Battery interconnection,0.910,fpl_schedule10,accepted_structured_evidence,NA,NA,NA,NA,NA,none,NA,NA,NA,yes,Lily,NA,230,0,St. Lucie County,NA,NA,2028,0,2027-2028,Lily; St. Lucie County,FPL - Ten-Year Site Plan,https://www.fpl.com/content/dam/fplgp/us/en/about/pdf/ten-year-site-plan.pdf,387,Schedule 10 Status Report and Specifications of Proposed Transmission Lines Wild Lime Battery Energy Storage System Center (St. Lucie County) The Wild Lime Battery Energy Storage Center will be connected to the transmission bus at Lily Substation approximately 0.0 miles to connect the BESS. (1) Point of Origin and Termination: Lily Substation (2) Number of Lines: 1 (3) Right-of-way FPL - Owned (4) Line Length: 0 miles (5) Voltage: 230 kV (6) Anticipated Construction Timing: Start date: 2027 End date: 2028 (7) Anticipated Capital Investment: Included in total installed cost on Schedule 9 (Trans. and Sub.) (8) Substations: Lily Substation (9) Participation with Other Utilities: None Florida Power & Light Company 373,2026-09-27T13:47:19+00:00,2026-09-27T13:47:19+00:00,yes
ba25c9e52f70ddd4073e,Florida Power & Light,Wild Lime Solar Energy Center (St. Lucie County),Generator interconnection,0.910,fpl_schedule10,accepted_structured_evidence,NA,NA,NA,NA,NA,none,NA,NA,NA,yes,Lilly,NA,230,0,St. Lucie County,NA,NA,2028,0,2027-2028,Lilly; St. Lucie County,FPL - Ten-Year Site Plan,https://www.fpl.com/content/dam/fplgp/us/en/about/pdf/ten-year-site-plan.pdf,386,Schedule 10 Status Report and Specifications of Proposed Transmission Lines Wild Lime Solar Energy Center (St. Lucie County) The Wild Lime Solar Energy Center will require extending the transmission bus at Lilly Substation approximately 0.0 miles to connect the solar PV inverter array. (1) Point of Origin and Termination: Lilly Substation (2) Number of Lines: 1 (3) Right-of-way FPL - Owned (4) Line Length: 0 miles (5) Voltage: 230 kV (6) Anticipated Construction Timing: Start date: 2027 End date: 2028 (7) Anticipated Capital Investment: Included in total installed cost on Schedule 9 (Trans. and Sub.) (8) Substations: Lilly Substation (9) Participation with Other Utilities: None Florida Power & Light Company 372,2026-09-27T13:47:19+00:00,2026-09-27T13:47:19+00:00,yes
76301570ec51b2c02816,Florida Power & Light,Blanketflower Battery Energy Storage System Center (Desoto County),Battery interconnection,0.910,fpl_schedule10,accepted_structured_evidence,NA,NA,NA,NA,NA,none,NA,NA,NA,yes,Tern,NA,230,0,Desoto County,NA,NA,2029,0,2028-2029,Tern; Desoto County,FPL - Ten-Year Site Plan,https://www.fpl.com/content/dam/fplgp/us/en/about/pdf/ten-year-site-plan.pdf,407,Schedule 10 Status Report and Specifications of Proposed Transmission Lines Blanketflower Battery Energy Storage System Center (Desoto County) The Blanketflower Battery Energy Storage Center will be connected to the transmission bus at Tern Substation approximately 0.0 miles to connect the BESS. (1) Point of Origin and Termination: Tern Substation (2) Number of Lines: 1 (3) Right-of-way FPL - Owned (4) Line Length: 0 miles (5) Voltage: 230 kV (6) Anticipated Construction Timing: Start date: 2028 End date: 2029 (7) Anticipated Capital Investment: Included in total installed cost on Schedule 9 (Trans. and Sub.) (8) Substations: Tern Substation (9) Participation with Other Utilities: None Florida Power & Light Company 393,2026-09-27T13:47:19+00:00,2026-09-27T13:47:19+00:00,yes
bb76945af0d07100831a,Florida Power & Light,Blanketflower Solar Energy Center (DeSoto County),Generator interconnection,0.910,fpl_schedule10,accepted_structured_evidence,NA,NA,NA,NA,NA,none,NA,NA,NA,yes,Tern,NA,230,0,DeSoto County,NA,NA,2029,0,2028-2029,Tern; DeSoto County,FPL - Ten-Year Site Plan,https://www.fpl.com/content/dam/fplgp/us/en/about/pdf/ten-year-site-plan.pdf,406,Schedule 10 Status Report and Specifications of Proposed Transmission Lines Blanketflower Solar Energy Center (DeSoto County) The Blanketflower Solar Energy Center will require will require extending the transmission bus at Tern Substation line approximately 0.0 miles to connect the solar PV inverter array. (1) Point of Origin and Termination: Tern Substation (2) Number of Lines: 1 (3) Right-of-way FPL - Owned (4) Line Length: 0.0 miles (5) Voltage: 230 kV (6) Anticipated Construction Timing: Start date: 2028 End date: 2029 (7) Anticipated Capital Investment: Included in total installed cost on Schedule 9 (Trans. and Sub.) (8) Substations: Tern Substation (9) Participation with Other Utilities: None Florida Power & Light Company 392,2026-09-27T13:47:19+00:00,2026-09-27T13:47:19+00:00,yes
57d0dfe571edf8f5fef9,Florida Power & Light,Caladium Solar Energy Center (Highlands County),Generator interconnection,0.910,fpl_schedule10,accepted_structured_evidence,NA,NA,NA,NA,NA,none,NA,NA,NA,yes,Condor,NA,230,0,Highlands County,NA,NA,2029,0,2028-2029,Condor; Highlands County,FPL - Ten-Year Site Plan,https://www.fpl.com/content/dam/fplgp/us/en/about/pdf/ten-year-site-plan.pdf,412,Schedule 10 Status Report and Specifications of Proposed Transmission Lines Caladium Solar Energy Center (Highlands County) The Caladium Solar Energy Center will require bifurcating the Avon-Waterway 230kV transmission line approximately 0.0 miles to connect a new Condor substation and connect the solar PV inverter array. (1) Point of Origin and Termination: Condor Substation (2) Number of Lines: 1 (3) Right-of-way FPL - Owned (4) Line Length: 0 miles (5) Voltage: 230 kV (6) Anticipated Construction Timing: Start date: 2028 End date: 2029 (7) Anticipated Capital Investment: Included in total installed cost on Schedule 9 (Trans. and Sub.) (8) Substations: Condor Substation (9) Participation with Other Utilities: None Florida Power & Light Company 398,2026-09-27T13:47:19+00:00,2026-09-27T13:47:19+00:00,yes
25ce938c262d59b34d9f,Florida Power & Light,Dove Solar Energy Center (Desoto County),Generator interconnection,0.910,fpl_schedule10,accepted_structured_evidence,"{""type"":""Point"",""coordinates"":[-81.8,27.317]}","27.317000, -81.800000",NA,local_model_search,https://en.wikipedia.org/wiki/DeSoto_Next_Generation_Solar_Energy_Center,medium,llm_grounded_coordinate,Document Provided: ┼─────────────────────────────────────────────────────── Coordinates │27°19′N 81°48′W﻿ / ﻿27.317°N 81.800°W﻿ / 27.317; -81.800 ────────────────────────────────────────┼─────────────────────────────────────────────────── (https://en.wikipedia.org/wiki/DeSoto_Next_Generation_Solar_Energy_Center),NA,yes,Dove,NA,230,0,Desoto County,NA,NA,2029,0,2028-2029,Dove; Desoto County,FPL - Ten-Year Site Plan,https://www.fpl.com/content/dam/fplgp/us/en/about/pdf/ten-year-site-plan.pdf,408,Schedule 10 Status Report and Specifications of Proposed Transmission Lines Dove Solar Energy Center (Desoto County) The Dove Solar Energy Center will require bifurcating the Doorfield-Avon 230kV transmission line approximately 0.0 miles to connect a new Dove substation and connect the solar PV inverter array. (1) Point of Origin and Termination: Dove Substation (2) Number of Lines: 1 (3) Right-of-way FPL - Owned (4) Line Length: 0 miles (5) Voltage: 230 kV (6) Anticipated Construction Timing: Start date: 2028 End date: 2029 (7) Anticipated Capital Investment: Included in total installed cost on Schedule 9 (Trans. and Sub.) (8) Substations: Dove Substation (9) Participation with Other Utilities: None Florida Power & Light Company 394,2026-09-27T13:47:19+00:00,2026-09-27T13:47:19+00:00,yes
c4cd5caae47482efaf7d,Florida Power & Light,Leafcutter Battery Energy Storage System Center (Desoto County),Battery interconnection,0.910,fpl_schedule10,accepted_structured_evidence,"{""type"":""Point"",""coordinates"":[-81.8,27.317]}","27.317000, -81.800000",NA,local_model_search,https://en.wikipedia.org/wiki/DeSoto_Next_Generation_Solar_Energy_Center,medium,llm_grounded_coordinate,Document Provided: ┼─────────────────────────────────────────────────────── Coordinates │27°19′N 81°48′W﻿ / ﻿27.317°N 81.800°W﻿ / 27.317; -81.800 ────────────────────────────────────────┼─────────────────────────────────────────────────── (https://en.wikipedia.org/wiki/DeSoto_Next_Generation_Solar_Energy_Center),NA,yes,Tern,NA,230,0,Desoto County,NA,NA,2029,0,2028-2029,Tern; Desoto County,FPL - Ten-Year Site Plan,https://www.fpl.com/content/dam/fplgp/us/en/about/pdf/ten-year-site-plan.pdf,405,Schedule 10 Status Report and Specifications of Proposed Transmission Lines Leafcutter Battery Energy Storage System Center (Desoto County) The Leafcutter Battery Energy Storage Center will be connected to the transmission bus at Tern Substation approximately 0.0 miles to connect the BESS. (1) Point of Origin and Termination: Tern Substation (2) Number of Lines: 1 (3) Right-of-way FPL - Owned (4) Line Length: 0 miles (5) Voltage: 230 kV (6) Anticipated Construction Timing: Start date: 2028 End date: 2029 (7) Anticipated Capital Investment: Included in total installed cost on Schedule 9 (Trans. and Sub.) (8) Substations: Tern Substation (9) Participation with Other Utilities: None Florida Power & Light Company 391,2026-09-27T13:47:19+00:00,2026-09-27T13:47:19+00:00,yes
2047299db933a45f537f,Florida Power & Light,Leafcutter Solar Energy Center (DeSoto County),Generator interconnection,0.910,fpl_schedule10,accepted_structured_evidence,NA,NA,NA,NA,NA,none,NA,NA,NA,yes,Tern,NA,230,0,DeSoto County,NA,NA,2029,0,2028-2029,Tern; DeSoto County,FPL - Ten-Year Site Plan,https://www.fpl.com/content/dam/fplgp/us/en/about/pdf/ten-year-site-plan.pdf,404,Schedule 10 Status Report and Specifications of Proposed Transmission Lines Leafcutter Solar Energy Center (DeSoto County) The Grapefruit Solar Energy Center will require extending the transmission bus at Tern Substation approximately 0.0 miles to connect the solar PV inverter array. (1) Point of Origin and Termination: Tern Substation (2) Number of Lines: 1 (3) Right-of-way FPL - Owned (4) Line Length: 0 miles (5) Voltage: 230 kV (6) Anticipated Construction Timing: Start date: 2028 End date: 2029 (7) Anticipated Capital Investment: Included in total installed cost on Schedule 9 (Trans. and Sub.) (8) Substations: Tern Substation (9) Participation with Other Utilities: None Florida Power & Light Company 390,2026-09-27T13:47:19+00:00,2026-09-27T13:47:19+00:00,yes
7614437bc89969205dfc,Florida Power & Light,Limkin Solar Energy Center (Collier County),Generator interconnection,0.910,fpl_schedule10,accepted_structured_evidence,NA,NA,NA,NA,NA,none,NA,NA,NA,yes,Boardwalk,NA,500,0,Collier County,NA,NA,2029,0,2028-2029,Boardwalk; Collier County,FPL - Ten-Year Site Plan,https://www.fpl.com/content/dam/fplgp/us/en/about/pdf/ten-year-site-plan.pdf,410,Schedule 10 Status Report and Specifications of Proposed Transmission Lines Limkin Solar Energy Center (Collier County) The Limkin Solar Energy Center will require extending the transmission bus at Boardwalk Substation line approximately 0.0 miles to connect the solar PV inverter array. (1) Point of Origin and Termination: Boardwalk Substation (2) Number of Lines: 1 (3) Right-of-way FPL - Owned (4) Line Length: 0.0 miles (5) Voltage: 500 kV (6) Anticipated Construction Timing: Start date: 2028 End date: 2029 (7) Anticipated Capital Investment: Included in total installed cost on Schedule 9 (Trans. and Sub.) (8) Substations: Boardwalk Substation (9) Participation with Other Utilities: None Florida Power & Light Company 396,2026-09-27T13:47:19+00:00,2026-09-27T13:47:19+00:00,yes
86e60e42832acbd96484,Florida Power & Light,New River Solar Energy Center (Union County),Generator interconnection,0.910,fpl_schedule10,accepted_structured_evidence,NA,NA,NA,NA,NA,none,NA,NA,NA,yes,Damson,NA,115,0,Union County,NA,NA,2029,0,2028-2029,Damson; Union County,FPL - Ten-Year Site Plan,https://www.fpl.com/content/dam/fplgp/us/en/about/pdf/ten-year-site-plan.pdf,411,Schedule 10 Status Report and Specifications of Proposed Transmission Lines New River Solar Energy Center (Union County) The New River Solar Energy Center will require bifurcating the Lake Butler-Plum 115kV transmission line approximately 0.0 miles to connect a new Damson substation and connect the solar PV inverter array. (1) Point of Origin and Termination: Damson Substation (2) Number of Lines: 1 (3) Right-of-way FPL - Owned (4) Line Length: 0 miles (5) Voltage: 115 kV (6) Anticipated Construction Timing: Start date: 2028 End date: 2029 (7) Anticipated Capital Investment: Included in total installed cost on Schedule 9 (Trans. and Sub.) (8) Substations: Damson Substation (9) Participation with Other Utilities: None Florida Power & Light Company 397,2026-09-27T13:47:19+00:00,2026-09-27T13:47:19+00:00,yes
ab0540aed42702d602e1,Florida Power & Light,Spoonbill Solar Energy Center (Collier County),Generator interconnection,0.910,fpl_schedule10,accepted_structured_evidence,NA,NA,NA,NA,NA,none,NA,NA,NA,yes,Boardwalk,NA,500,0,Collier County,NA,NA,2029,0,2028-2029,Boardwalk; Collier County,FPL - Ten-Year Site Plan,https://www.fpl.com/content/dam/fplgp/us/en/about/pdf/ten-year-site-plan.pdf,409,Schedule 10 Status Report and Specifications of Proposed Transmission Lines Spoonbill Solar Energy Center (Collier County) The Spoonbill Solar Energy Center will require extending the transmission bus at Boardwalk Substation line approximately 0.0 miles to connect the solar PV inverter array. (1) Point of Origin and Termination: Boardwalk Substation (2) Number of Lines: 1 (3) Right-of-way FPL - Owned (4) Line Length: 0.0 miles (5) Voltage: 500 kV (6) Anticipated Construction Timing: Start date: 2028 End date: 2029 (7) Anticipated Capital Investment: Included in total installed cost on Schedule 9 (Trans. and Sub.) (8) Substations: Boardwalk Substation (9) Participation with Other Utilities: None Florida Power & Light Company 395,2026-09-27T13:47:19+00:00,2026-09-27T13:47:19+00:00,yes
61e79d41a120d924c2cd,Florida Power & Light,One 500kV transmission line,Substation project,0.790,generic,accepted_structured_evidence,NA,NA,NA,NA,NA,none,NA,Official map found but not machine-georeferenceable: https://www.fpl.com/content/dam/fplgp/us/en/reliability/pdf/andytown-oasis-preliminary-preferred-corridor.pdf,NA,yes,Andytown,Oasis,500,0,Broward to Miami-Dade County,NA,NA,2033,0,NA,Andytown; Oasis; Broward to Miami-Dade County,FPL - Transmission Projects,https://www.fpl.com/reliability/andytown-oasis-project.html,0,"FPL is committed to delivering reliable service to our customers and properly planning for anticipated growth throughout the state. To do so, the company continues to invest in our energy grid. FPL is proposing to construct four new transmission lines extending approximately 30-miles from Broward to Miami-Dade County. The proposed transmission lines would maintain system reliability for our customers and support growth in the area. Over the next eight years, from 2026 to 2033, we anticipate an increase of approximately 220,000 new customers and/or approximately 11% increase in load in the Miami-Dade Area. Quick Facts The Andytown-Oasis project includes four transmission lines: One 500kV transmission line from FPL’s existing Andytown substation to the planned Oasis substation.",2026-09-27T13:47:19+00:00,2026-09-27T13:47:19+00:00,yes
857562c7928429fc2606,Florida Power & Light,One 500kV transmission line,Substation project,0.720,generic,accepted_structured_evidence,NA,NA,NA,NA,NA,none,NA,Official map found but not machine-georeferenceable: https://www.fpl.com/content/dam/fplgp/us/en/reliability/pdf/andytown-oasis-preliminary-preferred-corridor.pdf,NA,yes,Andytown,Oasis,500,0,NA,NA,NA,2033,0,NA,Andytown; Oasis,FPL - Transmission Projects,https://www.fpl.com/reliability/andytown-oasis-project.html,0,"The proposed transmission lines would maintain system reliability for our customers and support growth in the area. Over the next eight years, from 2026 to 2033, we anticipate an increase of approximately 220,000 new customers and/or approximately 11% increase in load in the Miami-Dade Area. Quick Facts The Andytown-Oasis project includes four transmission lines: One 500kV transmission line from FPL’s existing Andytown substation to the planned Oasis substation. One 500kV transmission line from FPL’s existing Quarry substation to the planned Oasis substation. One 230kV transmission line from FPL’s planned Oasis substation to the existing Levee substation. One 230kV transmission line from FPL’s planned Oasis substation to the existing Quarry substation.",2026-09-27T13:47:19+00:00,2026-09-27T13:47:19+00:00,yes
d78280e219650eb75b64,Orlando Utilities Commission,Cloud - Magnolia 230kV Transmission Line,New transmission line,0.790,dep_listing,missing_projected_year,NA,NA,21 mile long transmission line between the St,NA,NA,none,NA,NA,NA,yes,Cloud,Magnolia,230,21,Magnolia Ranch substation in Orange County,Managers,NA,0,0,NA,Cloud; Magnolia; Magnolia Ranch substation in Orange County,Florida DEP - Siting Coordination Office,https://floridadep.gov/water/siting-coordination-office/content/ouc-st-cloud-magnolia-230kv-transmission-line,0,Cloud - Magnolia 230kV Transmission Line Home Divisions Division of Water Resource Management Siting Coordination Office OUC St. Cloud - Magnolia 230kV Transmission Line Siting-Coordination-Office Quick links Division of Water Resource Management Division Programs Siting Acts and Programs Ad Valorem Tax Assessment of Pollution Control Devices Electric and Magnetic Fields Natural Gas Pipeline Siting Act Power Plant Siting Act Transmission Line Siting Act Siting Information Applications in Process Certified Facilities Information Certified Facilities Map Contacts Frequently Asked Questions Opportunities for Public Involvement Renewable Energy Permitting Rights of Way and Eminent Domain Statutes and Rules To Become a Party Information Department Search Information DEP Enterprise Information Portal OCULUS All Siting-Coordination-Office content Scroll for More Quick Links Orlando Utilities Commission (OUC) St. Cloud-Magnolia 230kV line (TA21-18): For the construction and operation of an approximately 21 mile long transmission line between the St. Cloud East substation in Osceola County and the Magnolia Ranch substation in Orange County. This application is being processed under the Florida Electric Transmission Line Siting Act . DEP Siting Coordination Case Managers : Ann Seiler 850-717-9113 and Nate Senn 850-717-9111.,2026-09-27T13:47:19+00:00,2026-09-27T13:47:19+00:00,yes
6902a911557c51dcb133,Orlando Utilities Commission,Cloud - Magnolia 230kV Transmission Line,New transmission line,0.820,dep_listing,missing_projected_year,NA,NA,21 mile long transmission line between the St,NA,NA,none,NA,NA,NA,yes,Cloud,Magnolia,230,21,Magnolia Ranch substation in Orange County; Orange County,20200107; 21-001939; Managers,6/11/2021; 6/16/2021; 7/19/2021; 8/2/2021,0,0,NA,Cloud; Magnolia; Magnolia Ranch substation in Orange County; Orange County,Florida DEP - Siting Coordination Office,https://floridadep.gov/water/siting-coordination-office/content/ouc-st-cloud-magnolia-230kv-transmission-line,0,Cloud - Magnolia 230kV Transmission Line Siting-Coordination-Office Quick links Division of Water Resource Management Division Programs Siting Acts and Programs Ad Valorem Tax Assessment of Pollution Control Devices Electric and Magnetic Fields Natural Gas Pipeline Siting Act Power Plant Siting Act Transmission Line Siting Act Siting Information Applications in Process Certified Facilities Information Certified Facilities Map Contacts Frequently Asked Questions Opportunities for Public Involvement Renewable Energy Permitting Rights of Way and Eminent Domain Statutes and Rules To Become a Party Information Department Search Information DEP Enterprise Information Portal OCULUS All Siting-Coordination-Office content Scroll for More Quick Links Orlando Utilities Commission (OUC) St. Cloud-Magnolia 230kV line (TA21-18): For the construction and operation of an approximately 21 mile long transmission line between the St. Cloud East substation in Osceola County and the Magnolia Ranch substation in Orange County. This application is being processed under the Florida Electric Transmission Line Siting Act . DEP Siting Coordination Case Managers : Ann Seiler 850-717-9113 and Nate Senn 850-717-9111. Relevant Project Information Public Service Commission (Docket# 20200107) Division of Administrative Hearings (Docket# 21-001939) Applicant Project Filings Application (filed 6/11/2021 ) Amendment to Application (filed 6/16/2021 - Complete Application ) Schedule (Order issued 6/25/2021 - revised schedule below approved 8/4/2021) OUC Newspaper Notices of Filing Application ( published 6/30/2021 and 7/8/2021 ) DEP Florida Administrative Register - Notice of Receipt of Application ( Published 7/1/2021 - go to page 16 ) DEP Determination of Completeness - found Incomplete ( filed 7/19/2021 ) OUC's Direct Notice to Landowners ( sent to DEP on 7/21/2021 ) Orange County Notice of Informational Public Meeting ( published on 7/25/2021 ) OUC Newspaper Notices republished - Filing of Application ( published on 7/28/2021 and 7/29/2021 ) Orlando Weekly Orlando Sentinel Osceola Weekly Gazette OUC Completeness Response ( filed 8/2/2021 ) Revised Schedule ( 8/4/2021 - ALJ approved - begins on p,2026-09-27T13:47:19+00:00,2026-09-27T13:47:19+00:00,yes
f9dbe77f0872e028e857,Orlando Utilities Commission,Control Devices Electric and Magnetic Fields Natural Gas Pipeline Siting Act Power Plant Siting Act Transmission Line,New transmission line,0.790,dep_listing,accepted_structured_evidence,NA,NA,NA,NA,NA,none,NA,NA,NA,yes,Cloud,Magnolia,230,21,Magnolia North substation in Osceola County,NA,NA,2025,0,NA,Cloud; Magnolia; Magnolia North substation in Osceola County,Florida DEP - Siting Coordination Office,https://floridadep.gov/water/siting-coordination-office/content/ouc-st-cloud-magnolia-230-kv-line,0,"Cloud-Magnolia 230 kV line Home Divisions Division of Water Resource Management Siting Coordination Office OUC St. Cloud-Magnolia 230 kV line Siting-Coordination-Office Quick links Division of Water Resource Management Division Programs Siting Acts and Programs Ad Valorem Tax Assessment of Pollution Control Devices Electric and Magnetic Fields Natural Gas Pipeline Siting Act Power Plant Siting Act Transmission Line Siting Act Siting Information Applications in Process Certified Facilities Information Certified Facilities Map Contacts Frequently Asked Questions Opportunities for Public Involvement Renewable Energy Permitting Rights of Way and Eminent Domain Statutes and Rules To Become a Party Information Department Search Information DEP Enterprise Information Portal OCULUS All Siting-Coordination-Office content Scroll for More Quick Links General Information Title Information Licensee Orlando Utilities Commission Certification # TA 21-18 Date Certified 12/13/2021 Description The line begins at the existing Magnolia North substation in Osceola County and terminates at the St. Cloud East substation in Orange County Line Length 21 miles Voltage 230 kV Counties Crossed Osceola and Orange Districts Florida Department of Environmental Protection Central District St. Johns River Water Management District and South Florida Water Management District Facility State Documents Facility Documents Description Conditions of Certification Facility License Post-Certification Submittal Summary Summary of Submittals Required by Conditions Modifications * Final Orders Modifying the Conditions Amendments * Amendment Approval Letters Final Order Original Final Order of Certification Site Certification Application Original and Supplemental Facility Application(s) * Please note that this link goes to the OCULUS logon page - click on PUBLIC OCULUS LOGIN to view the application sections Last Modified: Friday, Jul 25, 2025 - 01:17pm Interested in subscribing to DEP newsletters or receiving DEP updates through email? Sign Up About DEP The Florida Department of Environmental Protection is the state’s lead agency for environmental management and stewardship - protecting our air, water and l",2026-09-27T13:47:19+00:00,2026-09-27T13:47:19+00:00,yes
b1fe3477538d463757ae,Orlando Utilities Commission,For the construction and operation of an approximately 21 mile long transmission line,New transmission line,0.890,dep_listing,accepted_structured_evidence,NA,NA,21 mile long transmission line between the St,NA,NA,none,NA,NA,NA,yes,Cloud,Magnolia,230,21,Magnolia Ranch substation in Orange County; Orange County,20200107; 21-001939; Managers,6/11/2021; 6/16/2021; 7/19/2021; 8/2/2021; 8/12/2021; 9/9/2021; 10/4/2021; 11/9/2021,2025,0,NA,Cloud; Magnolia; Magnolia Ranch substation in Orange County; Orange County,Florida DEP - Siting Coordination Office,https://floridadep.gov/water/siting-coordination-office/content/ouc-st-cloud-magnolia-230kv-transmission-line,0,"Cloud-Magnolia 230kV line (TA21-18): For the construction and operation of an approximately 21 mile long transmission line between the St. Cloud East substation in Osceola County and the Magnolia Ranch substation in Orange County. This application is being processed under the Florida Electric Transmission Line Siting Act . DEP Siting Coordination Case Managers : Ann Seiler 850-717-9113 and Nate Senn 850-717-9111. Relevant Project Information Public Service Commission (Docket# 20200107) Division of Administrative Hearings (Docket# 21-001939) Applicant Project Filings Application (filed 6/11/2021 ) Amendment to Application (filed 6/16/2021 - Complete Application ) Schedule (Order issued 6/25/2021 - revised schedule below approved 8/4/2021) OUC Newspaper Notices of Filing Application ( published 6/30/2021 and 7/8/2021 ) DEP Florida Administrative Register - Notice of Receipt of Application ( Published 7/1/2021 - go to page 16 ) DEP Determination of Completeness - found Incomplete ( filed 7/19/2021 ) OUC's Direct Notice to Landowners ( sent to DEP on 7/21/2021 ) Orange County Notice of Informational Public Meeting ( published on 7/25/2021 ) OUC Newspaper Notices republished - Filing of Application ( published on 7/28/2021 and 7/29/2021 ) Orlando Weekly Orlando Sentinel Osceola Weekly Gazette OUC Completeness Response ( filed 8/2/2021 ) Revised Schedule ( 8/4/2021 - ALJ approved - begins on page 13) OUC Revised Completeness Response ( filed 8/12/2021 ) DEP Determination of Completeness (found complete 8/23/2021) Agency Reports (filed 9/9/2021) DEP Florida Administrative Register - Notice of Certification Hearing (Published 10/1/2021 - go to page 27) DEP Project Analysis Report (filed 10/4/2021) ALJ Order of Relinquishing and Closing Case (filed on 11/9/2021) OUC Notice of Cancellation of Certification Hearing (submitted 11/29/2021) DEP Florida Administrative Register - Notice of Cancellation of Certification Hearing (published on 11/30/2021) - go to page 15) Final Order A pproving Certification (DEP issued 12/13/2021) Last Modified: Friday, Jul 25, 2025 - 01:18pm Interested in subscribing to DEP newsletters or receiving DEP updates through email? Sign Up About DEP Th",2026-09-27T13:47:19+00:00,2026-09-27T13:47:19+00:00,yes
