project_id,planning_company,project_name,project_type,gis,centroid,address,location_method,gis_source,location_confidence,starting_substation,ending_substation,voltage_kv,approximate_line_mileage,counties_crossed,regulatory_case_number,filing_dates,projected_year,cost,construction_time,projected_locations,source_name,source_url,source_excerpt,first_seen,last_seen,active
e1888b84ac91ccfecb10,Duke Energy Florida,"Duke Energy Florida - News / Grid: - Today marks the meteorological peak of Atlantic hurricane season, a time that Duke Energy Florida prepares for",Transmission upgrade,NA,NA,NA,NA,NA,none,NA,NA,0,0,NA,NA,NA,0,155000,NA,NA,Duke Energy Florida - News / Grid,https://news.duke-energy.com/releases/duke-energy-florida-marks-peak-of-hurricane-season-with-a-stronger-grid-urges-customers-to-prepare-for-storms,"- Today marks the meteorological peak of Atlantic hurricane season, a time that Duke Energy Florida prepares for year-round. It’s continual grid-hardening work means energy is more reliable for customers when it’s needed most. Why it matters: Every pole upgrade and self-healing device on the grid reduces how many customers lose power, and how fast they get it back, when a storm hits. By the numbers: 60% of wooden transmission poles have been upgraded to stronger materials over the last five years Approximately 50% of the distribution system is now underground, shielded from the elements 82% of more than 2 million customers are now served by self-healing technology that automatically detects outages and reroutes power The average outage duration per customer was just 64 minutes in 2025, the lowest in more than two decades, excluding named storms Duke Energy Foundation has awarded $155,000 in grants this year to local organizations supporting storm preparedness Our view: “The lessons we’ve learned from past storms have driven meaningful investments in the grid over the last several years,” said Melissa Seixas, Duke Energy Florida state president. “We prepare for hurricane season year-round so that when a storm does hit, we’re prepared, our infrastructure is more resilient and we’re ready to respond to anything this season brings.” How customers can prepare: While Duke Energy Florida continues its investments to strengthen the grid, customers can prepare for storm season in several ways. Build a storm kit to include medicine, water and nonperishable food, a portable radio and first aid kit. Sign up for outage alerts by texting REG to 57801. Monitor the outage map for real-time restoration status in the event that the power does go out.",2026-09-26T16:50:05+00:00,2026-09-26T20:29:57+00:00,yes
22db6002482adfeec623,Duke Energy Florida,Duke Energy Florida - News / Grid: News Releases | Duke Energy | News Center Duke Energy News Center Open Navigation News Center Our Perspective,Transmission project,NA,NA,NA,NA,NA,none,NA,NA,0,0,NA,NA,NA,2026,100000,NA,Florida Published; Central Florida,Duke Energy Florida - News / Grid,https://news.duke-energy.com/releases?c=23893,"News Releases | Duke Energy | News Center Duke Energy News Center Open Navigation News Center Our Perspective Media Kit Social Media Outages Illumination Open Search Close Search News Releases Search Releases Filter By Years All Years 2026 2025 2024 2023 2022 2021 2020 2019 2018 2017 2016 2015 2014 2013 2012 Regions Florida Indiana North Carolina Ohio/Kentucky South Carolina Tennessee Colorado Mississippi Topics Awards Clean Energy Transition Climate Coal Collaboration Community and Stewardship Foundation America250 Community Impact Small Business Corporate Customers Bill Payment Assistance Conservation Customers In Need Fraud High Energy Bill High Energy Use Housing Retrofits Lower Energy Bills Scam Utilities United Against Scam Duke Energy Economic Development Urban Revitalization Education Electric Grid Reliability Electric Vehicles Emergency Response Storms and Outages Carolinas Storm Florida Storm Indiana Storm OH/KY Storm Restoration Storm Preparation Emerging technology Digital Reliability Energy storage Environment Coal Ash Emissions Energy efficiency EE Tips Environmental Social Justice Environmental, Social, Governance (ESG) Financial News Hurricane Season Industry International Leadership Lineworkers Natural gas Natural Gas Rodeo Natural Gas Rodeo Nuclear Piedmont Natural Gas REC Solar Rates Renewables Commercial Renewables Solar Wind Hydro Resiliency Safety Spanish Spanish Transmission and Distribution Zero Carbon Our Perspective Recipe Book Sustainability Duke Energy Sustainable Solutions (DESS) Lakes Lower Energy Use Our Perspective Recreation Recreation Summer Volunteer Search Duke Energy Foundation awards $100,000 to support upward mobility in Florida Published on September 25, 2026 The Duke Energy Foundation is awarding $100,000 to three nonprofit organ",2026-09-26T16:50:05+00:00,2026-09-26T20:29:57+00:00,yes
a46d8e90a135deaecb8d,Florida Power & Light,Add one 230 kV line switch at Sunbreak for string bus to Clover substation,New transmission line,NA,NA,NA,NA,NA,none,breaker at Clover substation. Add one 230/34.5 kV main step,up transformer (85 MVA) with a,230,2,NA,NA,NA,0,0,NA,breaker at Clover substation. Add one 230/34.5 kV main step; up transformer (85 MVA) with a; Sunbreak; Clover,FPL - Ten-Year Site Plan,https://www.fpl.com/content/dam/fplgp/us/en/about/pdf/ten-year-site-plan.pdf,Add one 230 kV line switch at Sunbreak for string bus to Clover substation (approximately 2.0 miles). Add one 230kV breaker at Clover substation. Add one 230/34.5 kV main step-up transformer (85 MVA) with a 230 kV breaker to connect PV inverter array. Construct 34.5 kV bus to connect the PV array to Clover 230 kV substation. Add relays and other protective equipment. Breaker replacements: None II.Transmission: 1. Construct approximately 2.0 miles string bus from Sunbreak 230 kV to Clover substation. No additional upgrades are expected to be necessary at this time.,2026-09-26T16:50:05+00:00,2026-09-26T20:29:57+00:00,yes
55ddc6076fee93ace250,Florida Power & Light,Construct 34.5 kV bus to connect the PV array to Condor 230 kV substation,New substation,NA,NA,NA,NA,NA,none,None II. Loop the adjacent new Avon,Waterway,230,0,NA,NA,NA,0,0,NA,None II. Loop the adjacent new Avon; Waterway; Condor,FPL - Ten-Year Site Plan,https://www.fpl.com/content/dam/fplgp/us/en/about/pdf/ten-year-site-plan.pdf,"Construct 34.5 kV bus to connect the PV array to Condor 230 kV substation. Add relays and other protective equipment. Breaker replacements: None II. Loop the adjacent new Avon - Waterway 230 kV into Condor substation. No additional upgrades are expected to be necessary at this time. Florida Power & Light Company 181 III.F. Renewable Resources and Storage Technology FPL’s Renewable Energy Efforts Through 2025: FPL has been the leading Florida utility in examining ways to effectively utilize renewable energy technologies to serve its customers. Since 1976, FPL has been an industry leader in renewable energy research and development and in facilitating the impleme ntation of various renewable energy technologies.",2026-09-26T16:50:05+00:00,2026-09-26T20:29:57+00:00,yes
844be355f59e0f54686c,Florida Power & Light,Construct a new 230/34.5 kV substation,New substation,NA,NA,NA,NA,NA,none,at Lansing Smith switchyard. Add two 230/34.5 kV main step,up transformer (225 MVA) with a,230,0.26,NA,NA,NA,0,0,NA,at Lansing Smith switchyard. Add two 230/34.5 kV main step; up transformer (225 MVA) with a; Lansing Smith; Parakeet,FPL - Ten-Year Site Plan,https://www.fpl.com/content/dam/fplgp/us/en/about/pdf/ten-year-site-plan.pdf,Construct a new 230/34.5 kV substation (Parakeet) on the project site. Add one 230 kV line terminal at Lansing Smith switchyard for string bus to Parakeet substation (approximately 0.26 miles). Add two 230kV breakers at Lansing Smith switchyard. Add two 230/34.5 kV main step-up transformer (225 MVA) with a 230 kV breaker at Parakeet substation to connect each BESS. Add relays and other protective equipment. Breaker replacements: None II. Construct approximately 0.26 miles string bus from Lansing Smith switchyard 230 kV to Parakeet substation. No upgrades are expected to be necessary at this time.,2026-09-26T16:50:05+00:00,2026-09-26T20:29:57+00:00,yes
a66bf43de2725ef176a9,Florida Power & Light,Construct a new 230/34.5 kV substation,New substation,NA,NA,NA,NA,NA,none,breakers at Putnam switchyard. Add one 115/34.5 kV main step,up transformer (225 MVA) with a,115,0.3,NA,NA,NA,0,0,NA,breakers at Putnam switchyard. Add one 115/34.5 kV main step; up transformer (225 MVA) with a; Putnam; Putnam BESS,FPL - Ten-Year Site Plan,https://www.fpl.com/content/dam/fplgp/us/en/about/pdf/ten-year-site-plan.pdf,Construct a new 230/34.5 kV substation (Putnam BESS U1) on the project site. Add one 115 kV line terminal at Putnam switchyard for string bus to Putnam BESS U1 substation (approximately 0.3 miles). Add two 115kV breakers at Putnam switchyard. Add one 115/34.5 kV main step-up transformer (225 MVA) with a 115 kV breaker at Putnam BESS U1 substation to connect the BESS. Add relays and other protective equipment. Breaker replacements: None II. Construct approximately 0.3 miles string bus from Putnam switchyard 115 kV to Putnam BESS U1 substation. No upgrades are expected to be necessary at this time.,2026-09-26T16:50:05+00:00,2026-09-26T20:29:57+00:00,yes
3955692869488e46b99e,Florida Power & Light,"FPL - Ten-Year Site Plan: Florida Power & Light Company 423 For transmission reliability analysis, transmission planning criteria have been adopted that are",New transmission line,NA,NA,NA,NA,NA,none,NA,NA,0,0,NA,NA,NA,0,0,NA,FPL Design Guidelines. FPL,FPL - Ten-Year Site Plan,https://www.fpl.com/content/dam/fplgp/us/en/about/pdf/ten-year-site-plan.pdf,"Florida Power & Light Company 423 For transmission reliability analysis, transmission planning criteria have been adopted that are consistent with those established by the Florida Reliability Coordinating Council (FRCC) and the Southeastern Electric Reliability Corporation (SERC). The FRCC and SERC have adopted transmission planning criteria that are consistent with the Reliability Standards established by the NERC. The NERC Reliability Standards are available on the NERC internet site (http://www.nerc.com/). In addition, Facility Interconnection Requirements (FIR) documents for the FPL system have been developed. The document for FPL is available on FPL’s Open Access Same -time Information System (OASIS) website, https://www.oatioasis.com/FPL/index.html, under the “Interconnection Request Information” directory. Furthermore, all new transmission facilities within the FPL service territory that are used to meet FPL load are planned to comply with Extreme Wind Loading Criteria as implemented in FPL Design Guidelines. FPL’s transmission planning group generally limits planned flows on its transmission facilities to no more than 100% of the applicable thermal rating. There may be isolated cases for which it is acceptable to deviate from the general criteria stated below.",2026-09-26T16:50:05+00:00,2026-09-26T20:29:57+00:00,yes
4aa2fa6bc3ea859c22bf,Florida Power & Light,"FPL - Ten-Year Site Plan: Furthermore, all new transmission facilities within the FPL service territory that are used to meet FPL load are",New transmission line,NA,NA,NA,NA,NA,none,NA,NA,0,0,NA,NA,NA,0,0,NA,FPL Design Guidelines. FPL,FPL - Ten-Year Site Plan,https://www.fpl.com/content/dam/fplgp/us/en/about/pdf/ten-year-site-plan.pdf,"Furthermore, all new transmission facilities within the FPL service territory that are used to meet FPL load are planned to comply with Extreme Wind Loading Criteria as implemented in FPL Design Guidelines. FPL’s transmission planning group generally limits planned flows on its transmission facilities to no more than 100% of the applicable thermal rating. There may be isolated cases for which it is acceptable to deviate from the general criteria stated below. There are several factors that could influence these criteria, such as the overall number of potential customers t hat may be impacted, the probability of an outage actually occurring, transmission system performance, and other factors. The normal and contingency voltage criteria for FPL stations are provided below: Normal/Contingency 15F 15F15F 6 Voltage Level (kV) Vmin (p.u.) Vmax (p.u.) 69, 115, 138 0.95/0.95 1.05/1.07 161 0.95/0.95 1.05/1.10 230 0.95/0.95 1.06/1.07 500 0.95/0.95 1.07/1.10 Turkey Point (*) 1.013/1.013 1.06/1.06 St. Lucie (*) 1.00/1.00 1.06/1.06 (*) Voltage range criteria for FPL’s Nuclear Power Plants 6 Immediately following a contingency, steady-state voltages may deviate from the normal voltage range if there are known automatic or manual operating actions to adjust the voltage to within the contingency voltage range. However, the steady-state voltage must never exceed voltage System Operating Limits (SOLs), which have a lower limit of 0.90pu and a higher limit of 1.10pu for all transmission facilities, excluding nuclear plant switchyards for which the SOLS are equal to the normal/contingency limits. Florida Power & Light Company 424 Discussion Item # 9: Discuss how the electric utility verifies the durability of energy savings for its DSM programs.",2026-09-26T16:50:05+00:00,2026-09-26T20:29:57+00:00,yes
fe1f213623d821e1387b,Florida Power & Light,FPL - Ten-Year Site Plan: Gulf received FPSC approval in 2016 for a Community Solar program intended to facilitate construction of a 1,Transmission / substation project,NA,NA,NA,NA,NA,none,NA,NA,0,0,NA,NA,NA,0,0,NA,Northwest Florida,FPL - Ten-Year Site Plan,https://www.fpl.com/content/dam/fplgp/us/en/about/pdf/ten-year-site-plan.pdf,"Gulf received FPSC approval in 2016 for a Community Solar program intended to facilitate construction of a 1 MW facility in Northwest Florida once adequate subscriptions were secured. However, customer interest was not adequate e nough to justify construction of the project. In addition, FPL assists customers interested in installing solar equipment at their facilities. Consistent with Rule 25-6.065, F.A.C., Interconnection and Net Metering of Customer -Owned Renewable Generation, FPL works with customers to interconnect these customer -owned solar systems. Through December 2025, approximately 133,737 customer systems (predominantly residential) have been interconnected with FPL (including FPL NWFL). These values represent approximately 2% of FPL’s total number of customer accounts. 3) Supply-Side Efforts - Power Purchases: FPL has facilitated several renewable energy projects (facilities which burn bagasse, waste wood, municipal waste, etc.) through power purchase agreements (PPA). FPL purchases firm capacity and energy, and/or as -available energy, from these types of facili ties.",2026-09-26T16:50:05+00:00,2026-09-26T20:29:57+00:00,yes
ca86faf30e9b32cf27e0,Florida Power & Light,"FPL - Ten-Year Site Plan: In addition, Facility Interconnection Requirements (FIR) documents for the FPL system have been developed. The document for FPL",New transmission line,NA,NA,NA,NA,NA,none,NA,NA,0,0,NA,NA,NA,0,0,NA,FPL Design Guidelines. FPL,FPL - Ten-Year Site Plan,https://www.fpl.com/content/dam/fplgp/us/en/about/pdf/ten-year-site-plan.pdf,"In addition, Facility Interconnection Requirements (FIR) documents for the FPL system have been developed. The document for FPL is available on FPL’s Open Access Same -time Information System (OASIS) website, https://www.oatioasis.com/FPL/index.html, under the “Interconnection Request Information” directory. Furthermore, all new transmission facilities within the FPL service territory that are used to meet FPL load are planned to comply with Extreme Wind Loading Criteria as implemented in FPL Design Guidelines. FPL’s transmission planning group generally limits planned flows on its transmission facilities to no more than 100% of the applicable thermal rating. There may be isolated cases for which it is acceptable to deviate from the general criteria stated below. There are several factors that could influence these criteria, such as the overall number of potential customers t hat may be impacted, the probability of an outage actually occurring, transmission system performance, and other factors. The normal and contingency voltage criteria for FPL stations are provided below: Normal/Contingency 15F 15F15F 6 Voltage Level (kV) Vmin (p.u.) Vmax (p.u.) 69, 115, 138 0.95/0.95 1.05/1.07 161 0.95/0.95 1.05/1.10 230 0.95/0.95 1.06/1.07 500 0.95/0.95 1.07/1.10 Turkey Point (*) 1.013/1.013 1.06/1.06 St. Lucie (*) 1.00/1.00 1.06/1.06 (*) Voltage range criteria for FPL’s Nuclear Power Plants 6 Immediately following a contingency, steady-state voltages may deviate from the normal voltage range if there are known automatic or manual operating actions to adjust the voltage to within the contingency voltage range.",2026-09-26T16:50:05+00:00,2026-09-26T20:29:57+00:00,yes
0a796251eeb41cc8ccee,Florida Power & Light,"FPL - Ten-Year Site Plan: In the LOLP portion of its reliability analyses, FPL’s resource planning group has traditionally modeled the amount of",New transmission line,NA,NA,NA,NA,NA,none,NA,NA,0,0,NA,NA,NA,0,0,NA,FPL,FPL - Ten-Year Site Plan,https://www.fpl.com/content/dam/fplgp/us/en/about/pdf/ten-year-site-plan.pdf,"In the LOLP portion of its reliability analyses, FPL’s resource planning group has traditionally modeled the amount of external assistance as an additional generator(s) within the system that provides capacity in all but the peak load months. The assumed amount and price of economy energy are based on historical values and projections from production costing models. Internal transmission limitations are addressed in economic analyses by identifying potential geographic locations for potential new generating units that minimize adverse impacts to the flow of electricity within the system. The internal transmission limi tations are also addressed by: 1) developing the direct costs for siting potential new units at different locations, 2) evaluating the cost impacts created by the new unit/unit location combination on the operation of existing generating units in the syste m, and/or 3) evaluating the costs of transmission and/or generation additions that may be needed to address regional concerns regarding an imbalance between load and generation in a given region. Costs for these site, region, and system factors are develop ed for use in economic analyses. These factors are also considered in both system and regional reliability analyses. When analyzing DSM portfolios, such as for a DSM Goals docket, the potential to avoid or defer regional transmission additions that might o therwise be needed is typically Florida Power & Light Company 420 analyzed. In addition, transfer limits for capacity and energy that can be transferred between FPL and FPL NWFL service areas are also developed, as applicable, for use in reliability analyses and production costing analyses.",2026-09-26T16:50:05+00:00,2026-09-26T20:29:57+00:00,yes
83a3dfaafb227b87470e,Florida Power & Light,FPL - Ten-Year Site Plan: Natural gas sourcing and delivery: FPL utilizes several natural gas pipelines to serve its existing natural gas units,Transmission project,NA,NA,NA,NA,NA,none,NA,NA,0,0,NA,NA,NA,0,0,NA,Florida. These; FPL; Figure ES-,FPL - Ten-Year Site Plan,https://www.fpl.com/content/dam/fplgp/us/en/about/pdf/ten-year-site-plan.pdf,"Natural gas sourcing and delivery: FPL utilizes several natural gas pipelines to serve its existing natural gas units in Florida. These pipelines provide reliable, economic, and diverse natural gas supply to FPL and the State of Florida. In FPL NWFL, FPL’s plants are served by Gulf South Pipeline Company, LP (Gulf South) and the Florida Gas Tra nsmission Company, LLC (FGT). In peninsular Florida, FPL delivers gas using the FGT and the Gulfstream Natural Gas System (Gulfstream) pipelines along with the Sabal Trail Transmission and the Florida Southeast Connection pipelines which were placed in service in 2017. Using natural gas more efficiently: FPL has sought ways to utilize natural gas more efficiently for years. Since 2008, FPL has modernized several of its existing plants sites from older, less efficient units into highly efficient CC units with much lower heat rates and higher capacities. These modernized units have improved the overall efficiency of FPL’s system, allowing for higher output while using lower amounts of natural gas. This improved efficiency is graphically shown in Figure ES-2 in the Executive Summary.",2026-09-26T16:50:05+00:00,2026-09-26T20:29:57+00:00,yes
09db98cf0664eecceb25,Florida Power & Light,FPL - Ten-Year Site Plan: The FRCC and SERC have adopted transmission planning criteria that are consistent with the Reliability Standards established by,New transmission line,NA,NA,NA,NA,NA,none,NA,NA,0,0,NA,NA,NA,0,0,NA,FPL Design Guidelines. FPL,FPL - Ten-Year Site Plan,https://www.fpl.com/content/dam/fplgp/us/en/about/pdf/ten-year-site-plan.pdf,"The FRCC and SERC have adopted transmission planning criteria that are consistent with the Reliability Standards established by the NERC. The NERC Reliability Standards are available on the NERC internet site (http://www.nerc.com/). In addition, Facility Interconnection Requirements (FIR) documents for the FPL system have been developed. The document for FPL is available on FPL’s Open Access Same -time Information System (OASIS) website, https://www.oatioasis.com/FPL/index.html, under the “Interconnection Request Information” directory. Furthermore, all new transmission facilities within the FPL service territory that are used to meet FPL load are planned to comply with Extreme Wind Loading Criteria as implemented in FPL Design Guidelines. FPL’s transmission planning group generally limits planned flows on its transmission facilities to no more than 100% of the applicable thermal rating. There may be isolated cases for which it is acceptable to deviate from the general criteria stated below. There are several factors that could influence these criteria, such as the overall number of potential customers t hat may be impacted, the probability of an outage actually occurring, transmission system performance, and other factors.",2026-09-26T16:50:05+00:00,2026-09-26T20:29:57+00:00,yes
e730be18719fb4219599,Florida Power & Light,"FPL - Ten-Year Site Plan: The NERC Reliability Standards are available on the NERC internet site (http://www.nerc.com/). In addition, Facility Interconnection Requirements (FIR)",New transmission line,NA,NA,NA,NA,NA,none,NA,NA,0,0,NA,NA,NA,0,0,NA,FPL Design Guidelines. FPL,FPL - Ten-Year Site Plan,https://www.fpl.com/content/dam/fplgp/us/en/about/pdf/ten-year-site-plan.pdf,"The NERC Reliability Standards are available on the NERC internet site (http://www.nerc.com/). In addition, Facility Interconnection Requirements (FIR) documents for the FPL system have been developed. The document for FPL is available on FPL’s Open Access Same -time Information System (OASIS) website, https://www.oatioasis.com/FPL/index.html, under the “Interconnection Request Information” directory. Furthermore, all new transmission facilities within the FPL service territory that are used to meet FPL load are planned to comply with Extreme Wind Loading Criteria as implemented in FPL Design Guidelines. FPL’s transmission planning group generally limits planned flows on its transmission facilities to no more than 100% of the applicable thermal rating. There may be isolated cases for which it is acceptable to deviate from the general criteria stated below. There are several factors that could influence these criteria, such as the overall number of potential customers t hat may be impacted, the probability of an outage actually occurring, transmission system performance, and other factors. The normal and contingency voltage criteria for FPL stations are provided below: Normal/Contingency 15F 15F15F 6 Voltage Level (kV) Vmin (p.u.) Vmax (p.u.) 69, 115, 138 0.95/0.95 1.05/1.07 161 0.95/0.95 1.05/1.10 230 0.95/0.95 1.06/1.07 500 0.95/0.95 1.07/1.10 Turkey Point (*) 1.013/1.013 1.06/1.06 St.",2026-09-26T16:50:05+00:00,2026-09-26T20:29:57+00:00,yes
6f764295ff3cdae9515d,Florida Power & Light,FPL - Ten-Year Site Plan: The standard basis for comparing the economics of competing resource plans in FPL’s basic IRP process is the,Transmission project,NA,NA,NA,NA,NA,none,NA,NA,0,0,NA,NA,NA,0,0,NA,FPL; Discussion Item,FPL - Ten-Year Site Plan,https://www.fpl.com/content/dam/fplgp/us/en/about/pdf/ten-year-site-plan.pdf,"The standard basis for comparing the economics of competing resource plans in FPL’s basic IRP process is the impact of the plans on electricity rate levels, with the objective generally being to minimize the projected levelized system average electric rate (i.e., a Rate Impact Measure or RIM approach). As discussed in response to Discussion Item # 2, both the electricity rate perspective and the CPVRR perspective for the system yield identical results in terms of which resource options are more economical when DSM levels are unchanged between competing resource plans. Therefore, in planning work in which DSM levels were unchanged, FPL’s resource planning group utilizes the equivalent, but simpler -to- calculate CPVRR perspective. Discussion Item # 8: Define and discuss the electric utility’s generation and transmission reliability criteria. FPL’s resource planning group uses three system reliability criteria in its resource planning work that address various resource options including: utility generation, power purchases, and DSM options. One criterion is a minimum 20% Summer and Winter total reserve margin. Another reliability criterion is a maximum of 0.1 days per -year LOLP. The third criterion is a minimum 10% GRM.",2026-09-26T16:50:05+00:00,2026-09-26T20:29:57+00:00,yes
d4169a3782493974fe00,Florida Power & Light,FPL - Ten-Year Site Plan: The third criterion is a minimum 10% GRM. These three reliability criteria are discussed in Chapter III of,New transmission line,NA,NA,NA,NA,NA,none,NA,NA,0,0,NA,NA,NA,0,0,NA,Chapter III; FPL Design Guidelines.,FPL - Ten-Year Site Plan,https://www.fpl.com/content/dam/fplgp/us/en/about/pdf/ten-year-site-plan.pdf,"The third criterion is a minimum 10% GRM. These three reliability criteria are discussed in Chapter III of this document. Florida Power & Light Company 423 For transmission reliability analysis, transmission planning criteria have been adopted that are consistent with those established by the Florida Reliability Coordinating Council (FRCC) and the Southeastern Electric Reliability Corporation (SERC). The FRCC and SERC have adopted transmission planning criteria that are consistent with the Reliability Standards established by the NERC. The NERC Reliability Standards are available on the NERC internet site (http://www.nerc.com/). In addition, Facility Interconnection Requirements (FIR) documents for the FPL system have been developed. The document for FPL is available on FPL’s Open Access Same -time Information System (OASIS) website, https://www.oatioasis.com/FPL/index.html, under the “Interconnection Request Information” directory. Furthermore, all new transmission facilities within the FPL service territory that are used to meet FPL load are planned to comply with Extreme Wind Loading Criteria as implemented in FPL Design Guidelines.",2026-09-26T16:50:05+00:00,2026-09-26T20:29:57+00:00,yes
bd53f09399d1efc0e02f,Florida Power & Light,FPL - Transmission Projects: Always ask to see the FPL employee or contractor’s photo identification badge. If you would like to verify,Transmission / substation project,NA,NA,NA,NA,NA,none,NA,NA,0,0,NA,NA,NA,0,0,NA,FPL,FPL - Transmission Projects,https://www.fpl.com/reliability/storm-secure-underground-program.html,"Always ask to see the FPL employee or contractor’s photo identification badge. If you would like to verify the identity of a customer outreach specialist, you may contact your local customer outreach lead by using the direct phone number provided in the informational packet you received by mail or by filling out this form . FPL SSUP employees are dressed in FPL uniforms, a safety vest and carry a badge Why did a customer outreach specialist request an easement on my property? We require an easement demonstrating your permission for us to enter your property to install, maintain, repair and/or replace underground power lines and other equipment , such as the examples below, including a padmounted transformer. The standard easement area for this project is 10 feet by 10 feet but may vary depending on field conditions. As part of the notarization process when signing an easement, a customer outreach specialist will ask you to verify your identity by presenting a valid form of identification, such as a driver's license. SSUP is a program approved by the Florida Public Service Commission to help improve grid resiliency during severe weather and also to enhance reliability day-to-day by replacing overhead neighborhood power lines with underground lines. There are no out-of-pocket upfront costs required for SSUP.",2026-09-26T16:50:05+00:00,2026-09-26T20:29:57+00:00,yes
7a37efda0d3c9e0c74ec,Florida Power & Light,FPL - Transmission Projects: FPL | Trees | Trees and Power Lines Skip to Main Content /content/fplgp/us/en/northwest/reliability/trees.html Which region would you like,Transmission / substation project,NA,NA,NA,NA,NA,none,NA,NA,0,0,NA,NA,NA,0,0,NA,Main Content,FPL - Transmission Projects,https://www.fpl.com/reliability/trees.html,"FPL | Trees | Trees and Power Lines Skip to Main Content /content/fplgp/us/en/northwest/reliability/trees.html Which region would you like to access today? FPL OR FPL Northwest FL CONTINUE Trees and Power Lines Clearing the line for safe, reliable power. Line Clearing Program Learn about line clearing and how you can minimize the impact of trees on the electrical system. LEARN MORE Trees and Power Line Safety Before any major event or before you get the trimmer out, read these important safety guidelines. LEARN MORE Right Tree, Right Place Prevent your trees from becoming a problem in the future by planting the right tree in the right place. LEARN MORE Vegetation Request Let us know if you have a tree or vine condition to report. LEARN MORE Frequently Asked Questions Get answers to your questions about our line clearing program and tree maintenance. LEARN MORE Storm Debris Policy Learn how we prioritize clearing debris to restore power quickly during storms.",2026-09-26T16:50:05+00:00,2026-09-26T20:29:57+00:00,yes
d97cb3edd8ddb24f6d91,Florida Power & Light,"Florida DEP - Siting Coordination Office: Midulla Generating Station PA89-25/SA Attachments Seminole Electric Cooperative, Inc. Lauderdale Power Plant (Dania Beach Energy Center) PA89-26 Attachments",New transmission line,NA,NA,NA,NA,NA,none,NA,NA,0,0,Light Company Lee County; Attachments Lee County; Attachments Florida Municipal Power Agency West County,Number,NA,0,0,NA,Light Company Lee County; Attachments Lee County; Attachments Florida Municipal Power Agency West County; Tallahassee Tiger Bay Cogeneration; Tallahassee Central Florida,Florida DEP - Siting Coordination Office,https://floridadep.gov/water/siting-coordination-office/content/conditions-certification,"Midulla Generating Station PA89-25/SA Attachments Seminole Electric Cooperative, Inc. Lauderdale Power Plant (Dania Beach Energy Center) PA89-26 Attachments Florida Power & Light Company Martin Power Plant PA89-27 Attachments Florida Power & Light Company Lee County Resource Recovery Facility PA90-30 Attachments Lee County Indiantown Cogeneration Plant PA90-31 Attachments Indiantown Cogeneration Company, LP Polk Power Station PA92-32 Attachments Tampa Electric Company Hines Energy Complex PA92-33 Attachments Duke Energy Florida, LLC Sam O. Purdom Generating Station PA97-36 Attachments City of Tallahassee Tiger Bay Cogeneration Facility PA97-37 Attachments Duke Energy Florida, LLC Cane Island Power Park PA98-38 Attachments Florida Municipal Power Agency and Kissimmee Utilities Authority Lansing Smith Electric Generating Plant PA99-40 Attachments Gulf Power Corporation Osprey Energy Center PA00-41 Attachments Duke Energy Florida, LLC Brandy Branch Generating Station PA00-43 Attachments JEA Manatee Power Plant PA02-44 Attachments Florida Power & Light Company Turkey Point Power Plant PA03-45 Units 3-5 Units 6-7 Attachments Florida Power & Light Company Okeelanta Cogeneration Facility PA04-46 Attachments New Hope Power Partnership Treasure Coast Energy Center PA05-48 Attachments Florida Municipal Power Agency West County Energy Center PA05-47 Attachments Florida Power & Light Company Cape Canaveral Energy Center PA08-53 Attachments Florida Power & Light Company Riviera Beach Energy Center PA09-54 Attachments Florida Power & Light Company Deerhaven Renewable Energy Center PA09-55 Attachments Gainesville Regional Utilities Port Everglades Next Generation Energy Center PA12-57 Attachments Florida Power & Light Company Okeechobee Clean Energy Center PA15-58 Attachments Florida",2026-09-26T16:50:05+00:00,2026-09-26T20:29:57+00:00,yes
52c4ad28c6e4b784e35d,Florida Power & Light,Miami International Airport Broward County Miami-Dade County Oasis (Planned) Andytown Quarry Levee Substation,Substation project,NA,NA,NA,NA,NA,none,Miami-Dade County Oasis (Planned) Andytown Quarry Levee,NA,0,0,Miami International Airport Broward County Miami-Dade County; J Substation Corridor Routes Considered Preliminary Preferred Corridor Study Area County,NA,NA,0,0,NA,Miami-Dade County Oasis (Planned) Andytown Quarry Levee; Miami International Airport Broward County Miami-Dade County; J Substation Corridor Routes Considered Preliminary Preferred Corridor Study Area County,FPL - Transmission Projects,https://www.fpl.com/content/dam/fplgp/us/en/reliability/pdf/andytown-oasis-preliminary-preferred-corridor.pdf,"""J ""J ""J""J 41 821 821 826 826 924 818 820820 997 9 27 27 27 27 75 75 75 75 836 821 826 874 997 825 94 1 1 41 41 Miami International Airport Broward County Miami-Dade County Oasis (Planned) Andytown Quarry Levee Substation: FPL 2025 Preliminary Preferred Corridor: SWCA 2025 ANDYTOWN - OASIS PROJECT PRELIMINARY PREFERRED CORRIDOR ""J Substation Corridor Routes Considered Preliminary Preferred Corridor Study Area County Boundary 1:177,637 ± 0 1,800 3,600 Meters 0 7,400 14,800 Feet",2026-09-26T16:50:05+00:00,2026-09-26T20:29:57+00:00,yes
34b693e2f2196d0c33bd,Florida Power & Light,Pollution Control Devices Electric and Magnetic Fields Natural Gas Pipeline Siting Act Power Plant Siting Act Transmission Line,Transmission project,NA,NA,NA,NA,NA,none,NA,NA,230,0,NA,NA,NA,0,0,NA,Process; Solid; Process Home Divisions Division; Process Siting-Coordination-Office Quick; Process Certified Facilities Information; Process Power Plants Transmission,Florida DEP - Siting Coordination Office,https://floridadep.gov/water/siting-coordination-office/content/projects-process,"Projects in Process | Florida Department of Environmental Protection Skip to main content Florida Department of Environmental Protection A-Z Index Forms News Events Contact Us MENU About DEP How Do I Toggle submenu Apply for a Permit Apply for a Job with DEP Access the DEP Business Portal Clean Up Sites Contaminated by Petroleum Contact Geographic Information Systems (GIS) Contact the GIO Dispose of Unwanted Medicine Find DEP Standard Operating Procedures Find a Permit Find a Spring Find Hurricane Information Find Parks, Trails & Recreation Areas Find Water Supply Plans Florida Beach Access Get GIS Data Get Information About the Volkswagen Settlement, Florida Mitigation Fund Get Training and Certifications Learn about Florida’s Coral Reefs Learn about Septic Tanks Learn about Sinkholes Learn about Wastewater Management Protect the Environment from Solid and Hazardous Wastes Purchase Property Receive Analytical Lab Services Report Algal Blooms Report Suspected Weather Modification Activities Research Florida Geology Review Agency Rules See Pollution Notices Submit a Nondiscrimination Complaint View DEP's Interactive Maps Divisions Toggle submenu Administrative Services Air Resource Management Cabinet Affairs Communications Ecosystems Restoration Environmental Accountability and Transparency Environmental Assessment and Restoration Florida Geological Survey General Counsel Inspector General Intergovernmental Programs Land and Recreation Law Enforcement Legislative Affairs Office of the Secretary Ombudsman and Public Services Recreation and Parks Regulatory Programs Resilience and Coastal Protection Springs State Lands Technology and Information Services Waste Management Water Policy and Ecosystems Restoration Water Resource Management Water Restoration Assistance District",2026-09-26T16:50:05+00:00,2026-09-26T20:29:57+00:00,yes
e12177ce30f65485453e,Florida Power & Light,a 230 kV breaker to connect PV inverter array. Construct 34.5 kV bus to connect the PV array to Clover 230 kV substation,New transmission line,NA,NA,NA,NA,NA,none,Add one 230/34.5 kV main step,up transformer (85 MVA) with a,230,2,Transmission Facilities for the Sea Grape Solar Energy Center in St. Lucie County,NA,NA,0,0,NA,Add one 230/34.5 kV main step; up transformer (85 MVA) with a; Transmission Facilities for the Sea Grape Solar Energy Center in St. Lucie County; Clover; Sunbreak; St.,FPL - Ten-Year Site Plan,https://www.fpl.com/content/dam/fplgp/us/en/about/pdf/ten-year-site-plan.pdf,"Add one 230/34.5 kV main step-up transformer (85 MVA) with a 230 kV breaker to connect PV inverter array. Construct 34.5 kV bus to connect the PV array to Clover 230 kV substation. Add relays and other protective equipment. Breaker replacements: None II.Transmission: 1. Construct approximately 2.0 miles string bus from Sunbreak 230 kV to Clover substation. No additional upgrades are expected to be necessary at this time. Florida Power & Light Company 98 III.E.2 Transmission Facilities for the Sea Grape Solar Energy Center in St. Lucie County The work required to connect the approximate 74.5 MW (nameplate, AC) Sea Grape Solar Energy Center in St.",2026-09-26T16:50:05+00:00,2026-09-26T20:29:57+00:00,yes
cb1acb84c7a400d12632,Florida Power & Light,including those transmission facilities that must be certified under the Transmission Line,New transmission line,NA,NA,NA,NA,NA,none,NA,NA,0,0,NA,NA,NA,0,0,NA,FPL; Chapter III. Discussion Item,FPL - Ten-Year Site Plan,https://www.fpl.com/content/dam/fplgp/us/en/about/pdf/ten-year-site-plan.pdf,"The internal transmission limi tations are also addressed by: 1) developing the direct costs for siting potential new units at different locations, 2) evaluating the cost impacts created by the new unit/unit location combination on the operation of existing generating units in the syste m, and/or 3) evaluating the costs of transmission and/or generation additions that may be needed to address regional concerns regarding an imbalance between load and generation in a given region. Costs for these site, region, and system factors are develop ed for use in economic analyses. These factors are also considered in both system and regional reliability analyses. When analyzing DSM portfolios, such as for a DSM Goals docket, the potential to avoid or defer regional transmission additions that might o therwise be needed is typically Florida Power & Light Company 420 analyzed. In addition, transfer limits for capacity and energy that can be transferred between FPL and FPL NWFL service areas are also developed, as applicable, for use in reliability analyses and production costing analyses. Annual transmission planning work determines transmission additions needed to address limitations and maintain/enhance system and regional reliability. Planned transmission facilities to interconnect and integrate generating units in the resource plan, including those transmission facilities that must be certified under the Transmission Line Siting Act, are presented in Chapter III. Discussion Item # 2: Discuss the extent to which the overall economics of the plan were analyzed.",2026-09-26T16:50:05+00:00,2026-09-26T20:29:57+00:00,yes
813a57a46e6e8f30858f,Florida Power & Light,including those transmission facilities that must be certified under the Transmission Line,Transmission project,NA,NA,NA,NA,NA,none,NA,NA,0,0,NA,load,NA,0,0,NA,FPL; Chapter III. Discussion Item,FPL - Ten-Year Site Plan,https://www.fpl.com/content/dam/fplgp/us/en/about/pdf/ten-year-site-plan.pdf,"These factors are also considered in both system and regional reliability analyses. When analyzing DSM portfolios, such as for a DSM Goals docket, the potential to avoid or defer regional transmission additions that might o therwise be needed is typically Florida Power & Light Company 420 analyzed. In addition, transfer limits for capacity and energy that can be transferred between FPL and FPL NWFL service areas are also developed, as applicable, for use in reliability analyses and production costing analyses. Annual transmission planning work determines transmission additions needed to address limitations and maintain/enhance system and regional reliability. Planned transmission facilities to interconnect and integrate generating units in the resource plan, including those transmission facilities that must be certified under the Transmission Line Siting Act, are presented in Chapter III. Discussion Item # 2: Discuss the extent to which the overall economics of the plan were analyzed. Discuss how the plan is determined to be cost -effective. Discuss any changes in the generation expansion plan as a result of sensitivity tests to the base case load forecast.",2026-09-26T16:50:05+00:00,2026-09-26T20:29:57+00:00,yes
b8f50252873e19155ada,Florida Power & Light,kV main step-up transformer (85 MVA) with a 230 kV breaker to connect PV inverter array at Muscadine substation,New transmission line,NA,NA,NA,NA,NA,none,Add one 230/34.5 kV main step,up transformer (85 MVA) with a,230,0,Transmission Facilities for the North Orange Solar Energy Center in St. Lucie County,NA,NA,0,0,NA,Add one 230/34.5 kV main step; up transformer (85 MVA) with a; Transmission Facilities for the North Orange Solar Energy Center in St. Lucie County; Muscadine; St.,FPL - Ten-Year Site Plan,https://www.fpl.com/content/dam/fplgp/us/en/about/pdf/ten-year-site-plan.pdf,"Add one 230/34.5 kV main step-up transformer (85 MVA) with a 230 kV breaker to connect PV inverter array at Muscadine substation. Construct 34.5 kV bus to connect the PV array to Muscadine 230 kV substation. Add relays and other protective equipment. Breaker replacements: None II.Transmission: 1. Loop the adjacent Sunbreak - Morrow 230 kV into Muscadine substation. No additional upgrades are expected to be necessary at this time. Florida Power & Light Company 99 III.E.3 Transmission Facilities for the North Orange Solar Energy Center in St. Lucie County The work required to connect the approximate 74.5 MW (nameplate, AC) North Orange Solar Energy Center in St.",2026-09-26T16:50:05+00:00,2026-09-26T20:29:57+00:00,yes
bc2f6258c00e9eee6127,Florida Power & Light,Add one 115/34.5 kV main step-up transformer (225 MVA) with a 115 kV breaker at Putnam BESS U1 substation,New transmission line,NA,NA,NA,NA,NA,none,Add one 115/34.5 kV main step,up transformer (225 MVA) with a,115,0.3,Transmission Facilities for the Clover Battery Energy Storage System Center in St. Lucie County; Clover Battery Energy Storage System Center in St. Lucie County,NA,NA,2026,0,NA,Add one 115/34.5 kV main step; up transformer (225 MVA) with a; Transmission Facilities for the Clover Battery Energy Storage System Center in St. Lucie County; Clover Battery Energy Storage System Center in St. Lucie County; Putnam BESS; Putnam; St. Lucie County,FPL - Ten-Year Site Plan,https://www.fpl.com/content/dam/fplgp/us/en/about/pdf/ten-year-site-plan.pdf,"Add one 115/34.5 kV main step-up transformer (225 MVA) with a 115 kV breaker at Putnam BESS U1 substation to connect the BESS. Add relays and other protective equipment. Breaker replacements: None II. Construct approximately 0.3 miles string bus from Putnam switchyard 115 kV to Putnam BESS U1 substation. No upgrades are expected to be necessary at this time. Florida Power & Light Company 110 III.E.14 Transmission Facilities for the Clover Battery Energy Storage System Center in St. Lucie County The work required to connect the approximate 74.5 MW (nameplate, AC) Clover Battery Energy Storage System Center in St. Lucie County in the 4th Quarter of 2026 is projected to be: I.",2026-09-26T16:50:05+00:00,2026-09-26T20:29:57+00:00,yes
31e15ce424095766cb82,Florida Power & Light,Add two 230/34.5 kV main step-up transformer (225 MVA) with a 230 kV breaker at Parakeet substation,New transmission line,NA,NA,NA,NA,NA,none,Add two 230/34.5 kV main step,up transformer (225 MVA) with a,230,0.26,Transmission Facilities for the Putnam Battery Energy Storage System Center in Putnam County; Putnam Battery Energy Storage System Center in Putnam County,NA,NA,2026,0,NA,Add two 230/34.5 kV main step; up transformer (225 MVA) with a; Transmission Facilities for the Putnam Battery Energy Storage System Center in Putnam County; Putnam Battery Energy Storage System Center in Putnam County; Parakeet; Lansing Smith; Putnam County; Putnam; Putnam BESS,FPL - Ten-Year Site Plan,https://www.fpl.com/content/dam/fplgp/us/en/about/pdf/ten-year-site-plan.pdf,"Add two 230/34.5 kV main step-up transformer (225 MVA) with a 230 kV breaker at Parakeet substation to connect each BESS. Add relays and other protective equipment. Breaker replacements: None II. Construct approximately 0.26 miles string bus from Lansing Smith switchyard 230 kV to Parakeet substation. No upgrades are expected to be necessary at this time. Florida Power & Light Company 109 III.E.13 Transmission Facilities for the Putnam Battery Energy Storage System Center in Putnam County The work required to connect the approximate 200 MW (nameplate, AC) Putnam Battery Energy Storage System Center in Putnam County in the 4th Quarter of 2026 is projected to be: I. Construct a new 230/34.5 kV substation (Putnam BESS U1) on the project site. Add one 115 kV line terminal at Putnam switchyard for string bus to Putnam BESS U1 substation (approximately 0.3 miles).",2026-09-26T16:50:05+00:00,2026-09-26T20:29:57+00:00,yes
f05d04e34d379a1eabe9,Florida Power & Light,Apricot Substation,New transmission line,NA,NA,NA,NA,NA,none,Energy Center will require bifurcating the new FPL Sunbreak,Morrow,230,0,Calhoun County,NA,NA,2026,0,NA,Energy Center will require bifurcating the new FPL Sunbreak; Morrow; Calhoun County; Quincy Substation; Song Substation,FPL - Ten-Year Site Plan,https://www.fpl.com/content/dam/fplgp/us/en/about/pdf/ten-year-site-plan.pdf,and Sub.) (8) Substations: Apricot Substation (9) Participation with Other Utilities: None The North Orange Solar Energy Center will require bifurcating the new FPL Sunbreak - Morrow 230 kV transmission line approximately 0.0 miles to connect a new Apricot substation and connect the solar PV inv erter array. Florida Power & Light Company 318 Page 4 of 84 Schedule 10 Status Report and Specifications of Proposed Transmission Lines Sand Pine Solar Energy Center (Calhoun County) (1) Point of Origin and Termination: Quincy Substation (2) Number of Lines: 1 (3) Right-of-way FPL - Owned (4) Line Length: 0 miles (5) Voltage: 230 kV (6) Anticipated Construction Timing: Start date: 2025 End date: 2026 (7) Anticipated Capital Investment: Included in total installed cost on Schedule 9 (Trans. and Sub.) (8) Substations: Chinkapin Substation (9) Participation with Other Utilities: None The Sand Pine Solar Energy Center will require extending the transmission bus at Quincy Substation approximately 0.0 miles to connect a new Chinkapin substation and connect the solar PV inv erter array. Florida Power & Light Company 319 Page 5 of 84 Schedule 10 Status Report and Specifications of Proposed Transmission Lines Big Brook Battery Energy Storage System Center (Calhoun County) (1) Point of Origin and Termination: Song Substation (2) Number of Lines: 1 (3) Right-of-way FPL - Owned (4) Line Length: 0 miles (5) Voltage: 230 kV (6) Anticipated Construction Timing: Start date: 2025 End date: 2026 (7) Anticipated Capital Investment: Included in total installed cost on Schedule 9 (Trans. and Sub.) (8) Substations: Song Substation (9) Participation with Other Utilities: None The Big Brook Battery Energy Storage Center will be connected to the transmission bus at Song Substation approximately 0.0 mile,2026-09-26T16:50:05+00:00,2026-09-26T20:29:57+00:00,yes
cdafe20f27a52d7f3308,Florida Power & Light,Apricot Substation,New transmission line,NA,NA,NA,NA,NA,none,Apricot,Center will be connected to the transmission bus at Apricot,230,0,St. Lucie County; Madison County; Nassau County; Baker County,NA,NA,2026,0,NA,Apricot; Center will be connected to the transmission bus at Apricot; St. Lucie County; Madison County; Nassau County; Baker County; Apricot Substation; Bandit Substation; Thomas Substation,FPL - Ten-Year Site Plan,https://www.fpl.com/content/dam/fplgp/us/en/about/pdf/ten-year-site-plan.pdf,Florida Power & Light Company 321 Page 7 of 84 Schedule 10 Status Report and Specifications of Proposed Transmission Lines North Orange Battery Energy Storage System Center (St. Lucie County) (1) Point of Origin and Termination: Apricot Substation (2) Number of Lines: 1 (3) Right-of-way FPL - Owned (4) Line Length: 0 miles (5) Voltage: 230 kV (6) Anticipated Construction Timing: Start date: 2025 End date: 2026 (7) Anticipated Capital Investment: Included in total installed cost on Schedule 9 (Trans. and Sub.) (8) Substations: Apricot Substation (9) Participation with Other Utilities: None The North Orange Battery Energy Storage Center will be connected to the transmission bus at Apricot Substation approximately 0.0 miles to connect the BESS. Florida Power & Light Company 322 Page 8 of 84 Schedule 10 Status Report and Specifications of Proposed Transmission Lines Norton Creek Battery Energy Storage System Center (Madison County) (1) Point of Origin and Termination: Bandit Substation (2) Number of Lines: 1 (3) Right-of-way FPL - Owned (4) Line Length: 0 miles (5) Voltage: 161 kV (6) Anticipated Construction Timing: Start date: 2025 End date: 2026 (7) Anticipated Capital Investment: Included in total installed cost on Schedule 9 (Trans. and Sub.) (8) Substations: Bandit Substation (9) Participation with Other Utilities: None The Norton Creek Battery Energy Storage Center will be connected to the transmission bus at Bandit Substation approximately 0.0 miles to connect the BESS. Florida Power & Light Company 323 Page 9 of 84 Schedule 10 Status Report and Specifications of Proposed Transmission Lines Thomas Creek Battery Energy Storage System Center (Nassau County) (1) Point of Origin and Termination: Thomas Substation (2) Number of Lines: 1 (3) Right-of-way FPL - Owned (4) L,2026-09-26T16:50:05+00:00,2026-09-26T20:29:57+00:00,yes
b53073d55551810d2bc5,Florida Power & Light,Apricot Substation,New transmission line,NA,NA,NA,NA,NA,none,Apricot,Center will be connected to the transmission bus at Apricot,230,0,Madison County; Nassau County; Baker County,NA,NA,2026,0,NA,Apricot; Center will be connected to the transmission bus at Apricot; Madison County; Nassau County; Baker County; Apricot Substation; Bandit Substation; Thomas Substation; Deodar Substation,FPL - Ten-Year Site Plan,https://www.fpl.com/content/dam/fplgp/us/en/about/pdf/ten-year-site-plan.pdf,and Sub.) (8) Substations: Apricot Substation (9) Participation with Other Utilities: None The North Orange Battery Energy Storage Center will be connected to the transmission bus at Apricot Substation approximately 0.0 miles to connect the BESS. Florida Power & Light Company 322 Page 8 of 84 Schedule 10 Status Report and Specifications of Proposed Transmission Lines Norton Creek Battery Energy Storage System Center (Madison County) (1) Point of Origin and Termination: Bandit Substation (2) Number of Lines: 1 (3) Right-of-way FPL - Owned (4) Line Length: 0 miles (5) Voltage: 161 kV (6) Anticipated Construction Timing: Start date: 2025 End date: 2026 (7) Anticipated Capital Investment: Included in total installed cost on Schedule 9 (Trans. and Sub.) (8) Substations: Bandit Substation (9) Participation with Other Utilities: None The Norton Creek Battery Energy Storage Center will be connected to the transmission bus at Bandit Substation approximately 0.0 miles to connect the BESS. Florida Power & Light Company 323 Page 9 of 84 Schedule 10 Status Report and Specifications of Proposed Transmission Lines Thomas Creek Battery Energy Storage System Center (Nassau County) (1) Point of Origin and Termination: Thomas Substation (2) Number of Lines: 1 (3) Right-of-way FPL - Owned (4) Line Length: 0 miles (5) Voltage: 230 kV (6) Anticipated Construction Timing: Start date: 2025 End date: 2026 (7) Anticipated Capital Investment: Included in total installed cost on Schedule 9 (Trans. and Sub.) (8) Substations: Thomas Substation (9) Participation with Other Utilities: None The Thomas Creek Battery Energy Storage Center will be connected to the transmission bus at Thomas Substation approximately 0.0 miles to connect the BESS. Florida Power & Light Company 324 Page 10 of 84 Schedule 10,2026-09-26T16:50:05+00:00,2026-09-26T20:29:57+00:00,yes
4a2a7157017178df3503,Florida Power & Light,Apricot Substation,New transmission line,NA,NA,NA,NA,NA,none,Apricot,Center will require extending the transmission bus at Apricot,230,0,St. Lucie County; Status Report and Specifications of Proposed Transmission Lines County; DeSoto County; None The County; Hendry County,NA,NA,2026,0,NA,Apricot; Center will require extending the transmission bus at Apricot; St. Lucie County; Status Report and Specifications of Proposed Transmission Lines County; DeSoto County; None The County; Hendry County; Apricot Substation; Notts Substation; Ponna Substation,FPL - Ten-Year Site Plan,https://www.fpl.com/content/dam/fplgp/us/en/about/pdf/ten-year-site-plan.pdf,Florida Power & Light Company 337 Page 23 of 84 Schedule 10 Status Report and Specifications of Proposed Transmission Lines Spanish Moss Solar Energy Center (St. Lucie County) (1) Point of Origin and Termination: Apricot Substation (2) Number of Lines: 1 (3) Right-of-way FPL - Owned (4) Line Length: 0 miles (5) Voltage: 230 kV (6) Anticipated Construction Timing: Start date: 2026 End date: 2027 (7) Anticipated Capital Investment: Included in total installed cost on Schedule 9 (Trans. and Sub.) (8) Substations: Apricot Substation (9) Participation with Other Utilities: None The Spanish Moss Solar Energy Center will require extending the transmission bus at Apricot Substation approximately 0.0 miles to connect the solar PV inverter array. Florida Power & Light Company 338 Page 24 of 84 Schedule 10 Status Report and Specifications of Proposed Transmission Lines County Line Solar Energy Center (DeSoto County) (1) Point of Origin and Termination: Medieval Substation (2) Number of Lines: 1 (3) Right-of-way FPL - Owned (4) Line Length: 0 miles (5) Voltage: 230 kV (6) Anticipated Construction Timing: Start date: 2026 End date: 2027 (7) Anticipated Capital Investment: Included in total installed cost on Schedule 9 (Trans. and Sub.) (8) Substations: Medieval Substation (9) Participation with Other Utilities: None The County Line Solar Energy Center will require extending the transmission bus at Notts Substation approximately 0.0 miles to connect a new Mediev al substation and connect the solar PV inv erter array. Florida Power & Light Company 339 Page 25 of 84 Schedule 10 Status Report and Specifications of Proposed Transmission Lines Saddle Solar Energy Center (DeSoto County) (1) Point of Origin and Termination: Cheriot Substation (2) Number of Lines: 1 (3) Right-of-way FPL - Ow,2026-09-26T16:50:05+00:00,2026-09-26T20:29:57+00:00,yes
d874b642647a1e874cad,Florida Power & Light,Bandit Substation,New transmission line,NA,NA,NA,NA,NA,none,Bandit,Center will be connected to the transmission bus at Bandit,230,0,Madison County; Nassau County; Baker County,NA,NA,2026,0,NA,Bandit; Center will be connected to the transmission bus at Bandit; Madison County; Nassau County; Baker County; Bandit Substation; Thomas Substation; Deodar Substation; Harv,FPL - Ten-Year Site Plan,https://www.fpl.com/content/dam/fplgp/us/en/about/pdf/ten-year-site-plan.pdf,Florida Power & Light Company 322 Page 8 of 84 Schedule 10 Status Report and Specifications of Proposed Transmission Lines Norton Creek Battery Energy Storage System Center (Madison County) (1) Point of Origin and Termination: Bandit Substation (2) Number of Lines: 1 (3) Right-of-way FPL - Owned (4) Line Length: 0 miles (5) Voltage: 161 kV (6) Anticipated Construction Timing: Start date: 2025 End date: 2026 (7) Anticipated Capital Investment: Included in total installed cost on Schedule 9 (Trans. and Sub.) (8) Substations: Bandit Substation (9) Participation with Other Utilities: None The Norton Creek Battery Energy Storage Center will be connected to the transmission bus at Bandit Substation approximately 0.0 miles to connect the BESS. Florida Power & Light Company 323 Page 9 of 84 Schedule 10 Status Report and Specifications of Proposed Transmission Lines Thomas Creek Battery Energy Storage System Center (Nassau County) (1) Point of Origin and Termination: Thomas Substation (2) Number of Lines: 1 (3) Right-of-way FPL - Owned (4) Line Length: 0 miles (5) Voltage: 230 kV (6) Anticipated Construction Timing: Start date: 2025 End date: 2026 (7) Anticipated Capital Investment: Included in total installed cost on Schedule 9 (Trans. and Sub.) (8) Substations: Thomas Substation (9) Participation with Other Utilities: None The Thomas Creek Battery Energy Storage Center will be connected to the transmission bus at Thomas Substation approximately 0.0 miles to connect the BESS. Florida Power & Light Company 324 Page 10 of 84 Schedule 10 Status Report and Specifications of Proposed Transmission Lines Cedar Trail Battery Energy Storage System Center (Baker County) (1) Point of Origin and Termination: Deodar Substation (2) Number of Lines: 1 (3) Right-of-way FPL - Owned (4) Line Len,2026-09-26T16:50:05+00:00,2026-09-26T20:29:57+00:00,yes
04dd01739ca070c13b0d,Florida Power & Light,Bandit Substation,New transmission line,NA,NA,NA,NA,NA,none,Bandit,Center will be connected to the transmission bus at Bandit,230,0,Nassau County; Baker County; Bay County,NA,NA,2026,0,NA,Bandit; Center will be connected to the transmission bus at Bandit; Nassau County; Baker County; Bay County; Bandit Substation; Thomas Substation; Deodar Substation; Harv,FPL - Ten-Year Site Plan,https://www.fpl.com/content/dam/fplgp/us/en/about/pdf/ten-year-site-plan.pdf,and Sub.) (8) Substations: Bandit Substation (9) Participation with Other Utilities: None The Norton Creek Battery Energy Storage Center will be connected to the transmission bus at Bandit Substation approximately 0.0 miles to connect the BESS. Florida Power & Light Company 323 Page 9 of 84 Schedule 10 Status Report and Specifications of Proposed Transmission Lines Thomas Creek Battery Energy Storage System Center (Nassau County) (1) Point of Origin and Termination: Thomas Substation (2) Number of Lines: 1 (3) Right-of-way FPL - Owned (4) Line Length: 0 miles (5) Voltage: 230 kV (6) Anticipated Construction Timing: Start date: 2025 End date: 2026 (7) Anticipated Capital Investment: Included in total installed cost on Schedule 9 (Trans. and Sub.) (8) Substations: Thomas Substation (9) Participation with Other Utilities: None The Thomas Creek Battery Energy Storage Center will be connected to the transmission bus at Thomas Substation approximately 0.0 miles to connect the BESS. Florida Power & Light Company 324 Page 10 of 84 Schedule 10 Status Report and Specifications of Proposed Transmission Lines Cedar Trail Battery Energy Storage System Center (Baker County) (1) Point of Origin and Termination: Deodar Substation (2) Number of Lines: 1 (3) Right-of-way FPL - Owned (4) Line Length: 0 miles (5) Voltage: 230 kV (6) Anticipated Construction Timing: Start date: 2025 End date: 2026 (7) Anticipated Capital Investment: Included in total installed cost on Schedule 9 (Trans. and Sub.) (8) Substations: Deodar Substation (9) Participation with Other Utilities: None The Cedar Trail Battery Energy Storage Center will be connected to the transmission bus at Deodar Substation approximately 0.0 miles to connect the BESS. Florida Power & Light Company 325 Page 11 of 84 Schedule 10 Statu,2026-09-26T16:50:05+00:00,2026-09-26T20:29:57+00:00,yes
81ccaa78a82b70d2dc74,Florida Power & Light,Catfish Substation,New transmission line,NA,NA,NA,NA,NA,none,Catfish,Center will require extending the transmission bus at Pyrite,230,0,Okeechobee County; Hendry County; Calhoun County; Manatee County,NA,NA,2026,0,NA,Catfish; Center will require extending the transmission bus at Pyrite; Okeechobee County; Hendry County; Calhoun County; Manatee County; Pyrite Substation; Witt Substation; Chinkapin Substation,FPL - Ten-Year Site Plan,https://www.fpl.com/content/dam/fplgp/us/en/about/pdf/ten-year-site-plan.pdf,Florida Power & Light Company 354 Page 40 of 84 Schedule 10 Status Report and Specifications of Proposed Transmission Lines Catfish Solar Energy Center (Okeechobee County) (1) Point of Origin and Termination: Catfish Substation (2) Number of Lines: 1 (3) Right-of-way FPL - Owned (4) Line Length: 0 miles (5) Voltage: 230 kV (6) Anticipated Construction Timing: Start date: 2026 End date: 2027 (7) Anticipated Capital Investment: Included in total installed cost on Schedule 9 (Trans. and Sub.) (8) Substations: Catfish Substation (9) Participation with Other Utilities: None The Catfish Solar Energy Center will require extending the transmission bus at Pyrite Substation approximately 0.0 miles to connect a new Catfish substation and connect the solar PV inv erter array. Florida Power & Light Company 355 Page 41 of 84 Schedule 10 Status Report and Specifications of Proposed Transmission Lines Cocoplum Solar Energy Center (Hendry County) (1) Point of Origin and Termination: Mulberry Substation (2) Number of Lines: 1 (3) Right-of-way FPL - Owned (4) Line Length: 0 miles (5) Voltage: 230 kV (6) Anticipated Construction Timing: Start date: 2026 End date: 2027 (7) Anticipated Capital Investment: Included in total installed cost on Schedule 9 (Trans. and Sub.) (8) Substations: Mulberry Substation (9) Participation with Other Utilities: None The Cocoplum Solar Energy Center will require extending the transmission bus at Witt Substation approximately 0.0 miles to connect a new Mulberry substation and connect the solar PV inv erter array. Florida Power & Light Company 356 Page 42 of 84 Schedule 10 Status Report and Specifications of Proposed Transmission Lines Pinecone Solar Energy Center (Calhoun County) (1) Point of Origin and Termination: Chinkapin Substation (2) Number of Lines: 1,2026-09-26T16:50:05+00:00,2026-09-26T20:29:57+00:00,yes
6393f469c14ba1e579b6,Florida Power & Light,Cheriot Substation,New transmission line,NA,NA,NA,NA,NA,none,Cheriot,Pignut,230,0,DeSoto County; Hendry County; Charlotte County,NA,NA,2026,0,NA,Cheriot; Pignut; DeSoto County; Hendry County; Charlotte County; Ponna Substation; Swamp Substation; Zoysia Substation Florida Power; Citron Substation,FPL - Ten-Year Site Plan,https://www.fpl.com/content/dam/fplgp/us/en/about/pdf/ten-year-site-plan.pdf,Florida Power & Light Company 339 Page 25 of 84 Schedule 10 Status Report and Specifications of Proposed Transmission Lines Saddle Solar Energy Center (DeSoto County) (1) Point of Origin and Termination: Cheriot Substation (2) Number of Lines: 1 (3) Right-of-way FPL - Owned (4) Line Length: 0 miles (5) Voltage: 230 kV (6) Anticipated Construction Timing: Start date: 2026 End date: 2027 (7) Anticipated Capital Investment: Included in total installed cost on Schedule 9 (Trans. and Sub.) (8) Substations: Pignut Substation (9) Participation with Other Utilities: None The Saddle Solar Energy Center will require extending the transmission bus at Ponna Substation approximately 0.0 miles to a new Cheriot substation and connect the solar PV inv erter array. Florida Power & Light Company 340 Page 26 of 84 Schedule 10 Status Report and Specifications of Proposed Transmission Lines Swamp Cabbage Battery Energy Storage System Center (Hendry County) (1) Point of Origin and Termination: Swamp Substation (2) Number of Lines: 1 (3) Right-of-way FPL - Owned (4) Line Length: 0 miles (5) Voltage: 230 kV (6) Anticipated Construction Timing: Start date: 2026 End date: 2027 (7) Anticipated Capital Investment: Included in total installed cost on Schedule 9 (Trans. and Sub.) (8) Substations: Swamp Substation (9) Participation with Other Utilities: None The Swamp Cabbage Battery Energy Storage Center will be connected to the transmission bus at Swamp Substation approximately 0.0 miles to connect the BESS. Florida Power & Light Company 341 Page 27 of 84 Schedule 10 Status Report and Specifications of Proposed Transmission Lines Green Pasture Battery Energy Storage System Center (Charlotte County) (1) Point of Origin and Termination: Zoysia Substation (2) Number of Lines: 1 (3) Right-of-way FPL -,2026-09-26T16:50:05+00:00,2026-09-26T20:29:57+00:00,yes
759c05329957b698a912,Florida Power & Light,Chinkapin Substation,New transmission line,NA,NA,NA,NA,NA,none,Chinkapin,Center will require extending the transmission bus at Quincy,230,0,Calhoun County; St. Lucie County,NA,NA,2026,0,NA,Chinkapin; Center will require extending the transmission bus at Quincy; Calhoun County; St. Lucie County; Quincy Substation; Song Substation; Apricot Substation,FPL - Ten-Year Site Plan,https://www.fpl.com/content/dam/fplgp/us/en/about/pdf/ten-year-site-plan.pdf,and Sub.) (8) Substations: Chinkapin Substation (9) Participation with Other Utilities: None The Sand Pine Solar Energy Center will require extending the transmission bus at Quincy Substation approximately 0.0 miles to connect a new Chinkapin substation and connect the solar PV inv erter array. Florida Power & Light Company 319 Page 5 of 84 Schedule 10 Status Report and Specifications of Proposed Transmission Lines Big Brook Battery Energy Storage System Center (Calhoun County) (1) Point of Origin and Termination: Song Substation (2) Number of Lines: 1 (3) Right-of-way FPL - Owned (4) Line Length: 0 miles (5) Voltage: 230 kV (6) Anticipated Construction Timing: Start date: 2025 End date: 2026 (7) Anticipated Capital Investment: Included in total installed cost on Schedule 9 (Trans. and Sub.) (8) Substations: Song Substation (9) Participation with Other Utilities: None The Big Brook Battery Energy Storage Center will be connected to the transmission bus at Song Substation approximately 0.0 miles to connect the BESS. Florida Power & Light Company 320 Page 6 of 84 Schedule 10 Status Report and Specifications of Proposed Transmission Lines Sand Pine Battery Energy Storage System Center (Calhoun County) (1) Point of Origin and Termination: Quincy Substation (2) Number of Lines: 1 (3) Right-of-way FPL - Owned (4) Line Length: 0 miles (5) Voltage: 230 kV (6) Anticipated Construction Timing: Start date: 2025 End date: 2026 (7) Anticipated Capital Investment: Included in total installed cost on Schedule 9 (Trans. and Sub.) (8) Substations: Chinkapin Substation (9) Participation with Other Utilities: None The Sand Pine Battery Energy Storage Center will be connected to the transmission bus at Quincy Substation approximately 0.0 miles to connect the BESS. Florida Power & Light Com,2026-09-26T16:50:05+00:00,2026-09-26T20:29:57+00:00,yes
72936926c3ff19ce00b9,Florida Power & Light,Chinkapin Substation,New transmission line,NA,NA,NA,NA,NA,none,Chinkapin,Center will be connected to the transmission bus at Quincy,230,0,St. Lucie County; Madison County; Nassau County,NA,NA,2026,0,NA,Chinkapin; Center will be connected to the transmission bus at Quincy; St. Lucie County; Madison County; Nassau County; Quincy Substation; Apricot Substation; Bandit Substation; Thomas Substation,FPL - Ten-Year Site Plan,https://www.fpl.com/content/dam/fplgp/us/en/about/pdf/ten-year-site-plan.pdf,and Sub.) (8) Substations: Chinkapin Substation (9) Participation with Other Utilities: None The Sand Pine Battery Energy Storage Center will be connected to the transmission bus at Quincy Substation approximately 0.0 miles to connect the BESS. Florida Power & Light Company 321 Page 7 of 84 Schedule 10 Status Report and Specifications of Proposed Transmission Lines North Orange Battery Energy Storage System Center (St. Lucie County) (1) Point of Origin and Termination: Apricot Substation (2) Number of Lines: 1 (3) Right-of-way FPL - Owned (4) Line Length: 0 miles (5) Voltage: 230 kV (6) Anticipated Construction Timing: Start date: 2025 End date: 2026 (7) Anticipated Capital Investment: Included in total installed cost on Schedule 9 (Trans. and Sub.) (8) Substations: Apricot Substation (9) Participation with Other Utilities: None The North Orange Battery Energy Storage Center will be connected to the transmission bus at Apricot Substation approximately 0.0 miles to connect the BESS. Florida Power & Light Company 322 Page 8 of 84 Schedule 10 Status Report and Specifications of Proposed Transmission Lines Norton Creek Battery Energy Storage System Center (Madison County) (1) Point of Origin and Termination: Bandit Substation (2) Number of Lines: 1 (3) Right-of-way FPL - Owned (4) Line Length: 0 miles (5) Voltage: 161 kV (6) Anticipated Construction Timing: Start date: 2025 End date: 2026 (7) Anticipated Capital Investment: Included in total installed cost on Schedule 9 (Trans. and Sub.) (8) Substations: Bandit Substation (9) Participation with Other Utilities: None The Norton Creek Battery Energy Storage Center will be connected to the transmission bus at Bandit Substation approximately 0.0 miles to connect the BESS. Florida Power & Light Company 323 Page 9 of 84 Schedule,2026-09-26T16:50:05+00:00,2026-09-26T20:29:57+00:00,yes
925f02ac7e23b79148ba,Florida Power & Light,Chinkapin Substation,New transmission line,NA,NA,NA,NA,NA,none,Solar Energy Center will require bifurcating the FPL Sunbreak,Glint,230,0,Calhoun County; Manatee County; DeSoto County; Indian River County,NA,NA,2026,0,NA,Solar Energy Center will require bifurcating the FPL Sunbreak; Glint; Calhoun County; Manatee County; DeSoto County; Indian River County; Chinkapin Substation; Lemur Substation Florida Power; Stallion Substation,FPL - Ten-Year Site Plan,https://www.fpl.com/content/dam/fplgp/us/en/about/pdf/ten-year-site-plan.pdf,Florida Power & Light Company 356 Page 42 of 84 Schedule 10 Status Report and Specifications of Proposed Transmission Lines Pinecone Solar Energy Center (Calhoun County) (1) Point of Origin and Termination: Chinkapin Substation (2) Number of Lines: 1 (3) Right-of-way FPL - Owned (4) Line Length: 0 miles (5) Voltage: 230 kV (6) Anticipated Construction Timing: Start date: 2026 End date: 2027 (7) Anticipated Capital Investment: Included in total installed cost on Schedule 9 (Trans. and Sub.) (8) Substations: Chinkapin Substation (9) Participation with Other Utilities: None (9) Participation with Other Utilities: None The Pinecone Solar Energy Center will require extending the transmission bus at Chinkapin Substation approximately 0.0 miles to connect the solar PV inv erter array. Florida Power & Light Company 357 Page 43 of 84 Schedule 10 Status Report and Specifications of Proposed Transmission Lines Myakka Solar Energy Center (Manatee County) (1) Point of Origin and Termination: Lemur Substation (2) Number of Lines: 1 (3) Right-of-way FPL - Owned (4) Line Length: 0.0 miles (5) Voltage: 230 kV (6) Anticipated Construction Timing: Start date: 2027 End date: 2027 (7) Anticipated Capital Investment: Included in total installed cost on Schedule 9 (Trans. and Sub.) (8) Substations: Lemur Substation (9) Participation with Other Utilities: None line approximately 0.0 miles to connect the solar PV inv erter array. The Mayakka Solar Energy Center will require extending the transmission bus at Lemur Substation Florida Power & Light Company 358 Page 44 of 84 Schedule 10 Status Report and Specifications of Proposed Transmission Lines Joshua Creek Solar Energy Center (DeSoto County) (1) Point of Origin and Termination: Stallion Substation (2) Number of Lines: 1 (3) Right-of-way FPL -,2026-09-26T16:50:05+00:00,2026-09-26T20:29:57+00:00,yes
5cb6671c5dcc1020e2bf,Florida Power & Light,Citron Substation,New transmission line,NA,NA,NA,NA,NA,none,Citron,Center will be connected to the transmission bus at Citron,500,0,Hendry County; Clay County; Indian River County; Walton County,NA,NA,2026,0,NA,Citron; Center will be connected to the transmission bus at Citron; Hendry County; Clay County; Indian River County; Walton County; Citron Substation; Ghost Substation; Terrill Substation Florida Power; Finca Substation,FPL - Ten-Year Site Plan,https://www.fpl.com/content/dam/fplgp/us/en/about/pdf/ten-year-site-plan.pdf,and Sub.) (8) Substations: Citron Substation (9) Participation with Other Utilities: None The Blue Heron Battery Energy Storage Center will be connected to the transmission bus at Citron Substation approximately 0.0 miles to connect the BESS. Florida Power & Light Company 343 Page 29 of 84 Schedule 10 Status Report and Specifications of Proposed Transmission Lines Sawgrass Battery Energy Storage System Center (Hendry County) (1) Point of Origin and Termination: Ghost Substation (2) Number of Lines: 1 (3) Right-of-way FPL - Owned (4) Line Length: 0 miles (5) Voltage: 500 kV (6) Anticipated Construction Timing: Start date: 2026 End date: 2027 (7) Anticipated Capital Investment: Included in total installed cost on Schedule 9 (Trans. and Sub.) (8) Substations: Ghost Substation (9) Participation with Other Utilities: None The Sawgrass Battery Energy Storage Center will be connected to the transmission bus at Ghost Substation approximately 0.0 miles to connect the BESS. Florida Power & Light Company 344 Page 30 of 84 Schedule 10 Status Report and Specifications of Proposed Transmission Lines Terrill Creek Battery Energy Storage System Center (Clay County) (1) Point of Origin and Termination: Terrill Substation (2) Number of Lines: 1 (3) Right-of-way FPL - Owned (4) Line Length: 0 miles (5) Voltage: 230 kV (6) Anticipated Construction Timing: Start date: 2026 End date: 2027 (7) Anticipated Capital Investment: Included in total installed cost on Schedule 9 (Trans. and Sub.) (8) Substations: Terrill Substation (9) Participation with Other Utilities: None approximately 0.0 miles to connect the BESS. The Terrill Creek Battery Energy Storage Center will be connected to the transmission bus at Terrill Substation Florida Power & Light Company 345 Page 31 of 84 Schedule 10 Status Repo,2026-09-26T16:50:05+00:00,2026-09-26T20:29:57+00:00,yes
5869cadae26d8a991478,Florida Power & Light,Clementine Substation,New transmission line,NA,NA,NA,NA,NA,none,Clementine,will require extending the transmission bus at Clementine,500,0,Okeechobee County; St. Lucie County; Hendry County; Madison County,NA,NA,2026,0,NA,Clementine; will require extending the transmission bus at Clementine; Okeechobee County; St. Lucie County; Hendry County; Madison County; Clementine Substation; Liberty Substation Florida Power; Ghost Substation,FPL - Ten-Year Site Plan,https://www.fpl.com/content/dam/fplgp/us/en/about/pdf/ten-year-site-plan.pdf,Florida Power & Light Company 333 Page 19 of 84 Schedule 10 Status Report and Specifications of Proposed Transmission Lines Tangelo Solar Energy Center (Okeechobee County) (1) Point of Origin and Termination: Clementine Substation (2) Number of Lines: 1 (3) Right-of-way FPL - Owned (4) Line Length: 0 miles (5) Voltage: 230 kV (6) Anticipated Construction Timing: Start date: 2026 End date: 2027 (7) Anticipated Capital Investment: Included in total installed cost on Schedule 9 (Trans. and Sub.) (8) Substations: Clementine Substation (9) Participation with Other Utilities: None The Tangelo Solar Energy Center will require extending the transmission bus at Clementine Substation approximately 0.0 miles to connect the solar PV inv erter array. Florida Power & Light Company 334 Page 20 of 84 Schedule 10 Status Report and Specifications of Proposed Transmission Lines Wood Stork Solar Energy Center (St. Lucie County) (1) Point of Origin and Termination: Liberty Substation (2) Number of Lines: 1 (3) Right-of-way FPL - Owned (4) Line Length: 0 miles (5) Voltage: 230 kV (6) Anticipated Construction Timing: Start date: 2026 End date: 2027 (7) Anticipated Capital Investment: Included in total installed cost on Schedule 9 (Trans. and Sub.) (8) Substations: Liberty Substation (9) Participation with Other Utilities: None approximately 0.0 miles to connect the solar PV inv erter array. The Wood Stork Solar Energy Center will require extending the transmission bus at Liberty Substation Florida Power & Light Company 335 Page 21 of 84 Schedule 10 Status Report and Specifications of Proposed Transmission Lines Hendry Solar Energy Center (Hendry County) (1) Point of Origin and Termination: Ghost Substation (2) Number of Lines: 0 (3) Right-of-way FPL - Owned (4) Line Length: 0 miles (5) Voltag,2026-09-26T16:50:05+00:00,2026-09-26T20:29:57+00:00,yes
83b2ad9041046ed1a5bb,Florida Power & Light,Clover Substation,New transmission line,NA,NA,NA,NA,NA,none,new Sunbreak,connect the new Clov er,230,2,St. Lucie County; Calhoun County,NA,NA,2026,0,NA,new Sunbreak; connect the new Clov er; St. Lucie County; Calhoun County,FPL - Ten-Year Site Plan,https://www.fpl.com/content/dam/fplgp/us/en/about/pdf/ten-year-site-plan.pdf,and Sub.) (8) Substations: Clover Substation (9) Participation with Other Utilities: None The Clov er Solar Energy Center will require extending a transmission line from the new Sunbreak Substation approximately 2.0 miles to connect the new Clov er Substation and connect the solar PV inv erter array. Florida Power & Light Company 316 Page 2 of 84 Schedule 10 Status Report and Specifications of Proposed Transmission Lines Sea Grape Solar Energy Center (St. Lucie County) (1) Point of Origin and Termination: Sunbreak - Morrow 230 kV transmission line to new Muscadine Substation (2) Number of Lines: 1 (3) Right-of-way FPL - Owned (4) Line Length: 0 miles (5) Voltage: 230 kV (6) Anticipated Construction Timing: Start date: 2025 End date: 2026 (7) Anticipated Capital Investment: Included in total installed cost on Schedule 9 (Trans. and Sub.) (8) Substations: Muscadine Substation (9) Participation with Other Utilities: None The Sea Grape Solar Energy Center will require bifurcating the new FPL Sunbreak - Morrow 230 kV transmission line approximately 0.0 miles to connect a new Muscadine substation and connect the solar PV inv erter array. Florida Power & Light Company 317 Page 3 of 84 Schedule 10 Status Report and Specifications of Proposed Transmission Lines North Orange Solar Energy Center (St. Lucie County) (1) Point of Origin and Termination: Sunbreak - Morrow 230 kV transmission line to new Apricot Substation (2) Number of Lines: 1 (3) Right-of-way FPL - Owned (4) Line Length: 0 miles (5) Voltage: 230 kV (6) Anticipated Construction Timing: Start date: 2025 End date: 2026 (7) Anticipated Capital Investment: Included in total installed cost on Schedule 9 (Trans. and Sub.) (8) Substations: Apricot Substation (9) Participation with Other Utilities: None The North Orange Sola,2026-09-26T16:50:05+00:00,2026-09-26T20:29:57+00:00,yes
7d01eba1cdc95540dd04,Florida Power & Light,Clover Substation,New transmission line,NA,NA,NA,NA,NA,none,Clover,Center will be connected to the transmission bus at Clov er,230,0,St. Lucie County; Martin County,NA,NA,2026,0,NA,Clover; Center will be connected to the transmission bus at Clov er; St. Lucie County; Martin County; Clov; Muscadine Substation; Strawberry Substation,FPL - Ten-Year Site Plan,https://www.fpl.com/content/dam/fplgp/us/en/about/pdf/ten-year-site-plan.pdf,Florida Power & Light Company 328 Page 14 of 84 Schedule 10 Status Report and Specifications of Proposed Transmission Lines Clover Battery Energy Storage System Center (St. Lucie County) (1) Point of Origin and Termination: Clover Substation (2) Number of Lines: 1 (3) Right-of-way FPL - Owned (4) Line Length: 0 miles (5) Voltage: 230 kV (6) Anticipated Construction Timing: Start date: 2025 End date: 2026 (7) Anticipated Capital Investment: Included in total installed cost on Schedule 9 (Trans. and Sub.) (8) Substations: Clover Substation (9) Participation with Other Utilities: None The Clov er Battery Energy Storage System Center will be connected to the transmission bus at Clov er Substation approximately 0.0 miles to connect the BESS. Florida Power & Light Company 329 Page 15 of 84 Schedule 10 Status Report and Specifications of Proposed Transmission Lines Sea Grape Battery Energy Storage System Center (St. Lucie County) (1) Point of Origin and Termination: Muscadine Substation (2) Number of Lines: 1 (3) Right-of-way FPL - Owned (4) Line Length: 0 miles (5) Voltage: 230 kV (6) Anticipated Construction Timing: Start date: 2025 End date: 2026 (7) Anticipated Capital Investment: Included in total installed cost on Schedule 9 (Trans. and Sub.) (8) Substations: Muscadine Substation (9) Participation with Other Utilities: None The Sea Grape Battery Energy Storage System Center will be connected to the transmission bus at Muscadine Substation approximately 0.0 miles to connect the BESS. Florida Power & Light Company 330 Page 16 of 84 Schedule 10 Status Report and Specifications of Proposed Transmission Lines White Tail Battery Energy Storage System Center (Martin County) (1) Point of Origin and Termination: Strawberry Substation (2) Number of Lines: 1 (3) Right-of-way FPL -,2026-09-26T16:50:05+00:00,2026-09-26T20:29:57+00:00,yes
1f7d2dae4dad7e203487,Florida Power & Light,Construct 34.5 kV bus to connect the PV array to Apricot 230 kV substation,New transmission line,NA,NA,NA,NA,NA,none,Loop the adjacent Sunbreak,Muscadine,230,0,Transmission Facilities for the Sand Pine Solar Energy Center in Calhoun County; Sand Pine Solar Energy Center in Calhoun County,NA,NA,2026,0,NA,Loop the adjacent Sunbreak; Muscadine; Transmission Facilities for the Sand Pine Solar Energy Center in Calhoun County; Sand Pine Solar Energy Center in Calhoun County; Apricot; Calhoun County; Quincy; Chinkapin,FPL - Ten-Year Site Plan,https://www.fpl.com/content/dam/fplgp/us/en/about/pdf/ten-year-site-plan.pdf,"Construct 34.5 kV bus to connect the PV array to Apricot 230 kV substation. Add relays and other protective equipment. Breaker replacements: None II.Transmission: 1. Loop the adjacent Sunbreak - Muscadine 230 kV into Apricot substation. No additional upgrades are expected to be necessary at this time. Florida Power & Light Company 100 III.E.4 Transmission Facilities for the Sand Pine Solar Energy Center in Calhoun County The work required to connect the approximate 74.5 MW (nameplate, AC) Sand Pine Solar Energy Center in Calhoun County in the 2nd Quarter of 2026 is projected to be: I.Substation: 1. Extend 230 kV bus at Quincy substation to a new substation (Chinkapin) and interconnect the 230/34.5kV transformer through a 230kV breaker. Construct 34.5 kV bus to connect the PV array to Chinkapin 230 kV Substation.",2026-09-26T16:50:05+00:00,2026-09-26T20:29:57+00:00,yes
fbb366ac67ef9bb00434,Florida Power & Light,Construct 34.5 kV bus to connect the PV array to Clover 230 kV substation,New transmission line,NA,NA,NA,NA,NA,none,kV bus to connect the PV array to Clover 230 kV,miles string bus from Sunbreak 230 kV to Clover,230,2,Transmission Facilities for the Sea Grape Solar Energy Center in St. Lucie County; Sea Grape Solar Energy Center in St. Lucie County,NA,NA,2026,0,NA,kV bus to connect the PV array to Clover 230 kV; miles string bus from Sunbreak 230 kV to Clover; Transmission Facilities for the Sea Grape Solar Energy Center in St. Lucie County; Sea Grape Solar Energy Center in St. Lucie County; Clover; Sunbreak; St. Lucie County,FPL - Ten-Year Site Plan,https://www.fpl.com/content/dam/fplgp/us/en/about/pdf/ten-year-site-plan.pdf,"Construct 34.5 kV bus to connect the PV array to Clover 230 kV substation. Add relays and other protective equipment. Breaker replacements: None II.Transmission: 1. Construct approximately 2.0 miles string bus from Sunbreak 230 kV to Clover substation. No additional upgrades are expected to be necessary at this time. Florida Power & Light Company 98 III.E.2 Transmission Facilities for the Sea Grape Solar Energy Center in St. Lucie County The work required to connect the approximate 74.5 MW (nameplate, AC) Sea Grape Solar Energy Center in St. Lucie County in the 2 nd Quarter of 2026 is projected to be: I.Substation: 1.",2026-09-26T16:50:05+00:00,2026-09-26T20:29:57+00:00,yes
188b2d129751a3fe1f64,Florida Power & Light,Construct 34.5 kV bus to connect the PV array to Muscadine 230 kV substation,New transmission line,NA,NA,NA,NA,NA,none,Loop the adjacent Sunbreak,Morrow,230,0,Transmission Facilities for the North Orange Solar Energy Center in St. Lucie County; North Orange Solar Energy Center in St. Lucie County,NA,NA,2026,0,NA,Loop the adjacent Sunbreak; Morrow; Transmission Facilities for the North Orange Solar Energy Center in St. Lucie County; North Orange Solar Energy Center in St. Lucie County; Muscadine; St. Lucie County,FPL - Ten-Year Site Plan,https://www.fpl.com/content/dam/fplgp/us/en/about/pdf/ten-year-site-plan.pdf,"Construct 34.5 kV bus to connect the PV array to Muscadine 230 kV substation. Add relays and other protective equipment. Breaker replacements: None II.Transmission: 1. Loop the adjacent Sunbreak - Morrow 230 kV into Muscadine substation. No additional upgrades are expected to be necessary at this time. Florida Power & Light Company 99 III.E.3 Transmission Facilities for the North Orange Solar Energy Center in St. Lucie County The work required to connect the approximate 74.5 MW (nameplate, AC) North Orange Solar Energy Center in St. Lucie County in the 2 nd Quarter of 2026 is projected to be: I.Substation: 1.",2026-09-26T16:50:05+00:00,2026-09-26T20:29:57+00:00,yes
e3084c3a5959fb820ab4,Florida Power & Light,Construct a new 230 kV substation,New transmission line,NA,NA,NA,NA,NA,none,Construct a new 230 kV,one 230 kV line switch at Sunbreak for string bus to Clover,230,2,Transmission Facilities for the Clover Solar Energy Center in St. Lucie County; Clover Solar Energy Center in St. Lucie County,NA,NA,2026,0,NA,Construct a new 230 kV; one 230 kV line switch at Sunbreak for string bus to Clover; Transmission Facilities for the Clover Solar Energy Center in St. Lucie County; Clover Solar Energy Center in St. Lucie County; St. Lucie County; Sunbreak; Clover,FPL - Ten-Year Site Plan,https://www.fpl.com/content/dam/fplgp/us/en/about/pdf/ten-year-site-plan.pdf,"There will also be transmission facilities needed to connect several projected generation capacity additions to the FPL transmission system. These transmission facilities are described on the following pages. Sites for longer term additions, such as projec ted solar and BESS additions for 2028 and beyond, have not yet been definitively determined so no transmission analyses for these additions have been performed. Florida Power & Light Company 97 III.E.1 Transmission Facilities for the Clover Solar Energy Center in St. Lucie County The work required to connect the approximate 74.5 MW (nameplate, AC) Clover Solar Energy Center in St. Lucie County in the 2nd Quarter of 2026 is projected to be: I.Substation: 1. Construct a new 230 kV substation (Clover) on the project site. Add one 230 kV line switch at Sunbreak for string bus to Clover substation (approximately 2.0 miles).",2026-09-26T16:50:05+00:00,2026-09-26T20:29:57+00:00,yes
78db303dcf32e82b0d27,Florida Power & Light,Construct a new 230 kV substation,New transmission line,NA,NA,NA,NA,NA,none,breaker at Clover substation. Add one 230/34.5 kV main step,up transformer (85 MVA) with a,230,2,Transmission Facilities for the Clover Solar Energy Center in St. Lucie County; Clover Solar Energy Center in St. Lucie County,NA,NA,2026,0,NA,breaker at Clover substation. Add one 230/34.5 kV main step; up transformer (85 MVA) with a; Transmission Facilities for the Clover Solar Energy Center in St. Lucie County; Clover Solar Energy Center in St. Lucie County; St. Lucie County; Sunbreak; Clover,FPL - Ten-Year Site Plan,https://www.fpl.com/content/dam/fplgp/us/en/about/pdf/ten-year-site-plan.pdf,"Sites for longer term additions, such as projec ted solar and BESS additions for 2028 and beyond, have not yet been definitively determined so no transmission analyses for these additions have been performed. Florida Power & Light Company 97 III.E.1 Transmission Facilities for the Clover Solar Energy Center in St. Lucie County The work required to connect the approximate 74.5 MW (nameplate, AC) Clover Solar Energy Center in St. Lucie County in the 2nd Quarter of 2026 is projected to be: I.Substation: 1. Construct a new 230 kV substation (Clover) on the project site. Add one 230 kV line switch at Sunbreak for string bus to Clover substation (approximately 2.0 miles). Add one 230kV breaker at Clover substation. Add one 230/34.5 kV main step-up transformer (85 MVA) with a 230 kV breaker to connect PV inverter array.",2026-09-26T16:50:05+00:00,2026-09-26T20:29:57+00:00,yes
52bfddedb502fe7e02ed,Florida Power & Light,Construct a new 230 kV substation,New transmission line,NA,NA,NA,NA,NA,none,Construct a new 230 kV,NA,230,0,Transmission Facilities for the Clover Solar Energy Center in St. Lucie County; Clover Solar Energy Center in St. Lucie County,NA,NA,2026,0,NA,Construct a new 230 kV; Transmission Facilities for the Clover Solar Energy Center in St. Lucie County; Clover Solar Energy Center in St. Lucie County; St. Lucie County,FPL - Ten-Year Site Plan,https://www.fpl.com/content/dam/fplgp/us/en/about/pdf/ten-year-site-plan.pdf,"The project has an overall planned in-service date of December 2033. There will also be transmission facilities needed to connect several projected generation capacity additions to the FPL transmission system. These transmission facilities are described on the following pages. Sites for longer term additions, such as projec ted solar and BESS additions for 2028 and beyond, have not yet been definitively determined so no transmission analyses for these additions have been performed. Florida Power & Light Company 97 III.E.1 Transmission Facilities for the Clover Solar Energy Center in St. Lucie County The work required to connect the approximate 74.5 MW (nameplate, AC) Clover Solar Energy Center in St. Lucie County in the 2nd Quarter of 2026 is projected to be: I.Substation: 1. Construct a new 230 kV substation (Clover) on the project site.",2026-09-26T16:50:05+00:00,2026-09-26T20:29:57+00:00,yes
33dde05b0ab0c18d1211,Florida Power & Light,Construct approximately 0.26 miles string bus from Lansing Smith switchyard,New transmission line,NA,NA,NA,NA,NA,none,breakers at Putnam switchyard. Add one 115/34.5 kV main step,up transformer (225 MVA) with a,230,0.26,Transmission Facilities for the Putnam Battery Energy Storage System Center in Putnam County; Putnam Battery Energy Storage System Center in Putnam County,NA,NA,2026,0,NA,breakers at Putnam switchyard. Add one 115/34.5 kV main step; up transformer (225 MVA) with a; Transmission Facilities for the Putnam Battery Energy Storage System Center in Putnam County; Putnam Battery Energy Storage System Center in Putnam County; Lansing Smith; Parakeet; Putnam County; Putnam; Putnam BESS,FPL - Ten-Year Site Plan,https://www.fpl.com/content/dam/fplgp/us/en/about/pdf/ten-year-site-plan.pdf,"Construct approximately 0.26 miles string bus from Lansing Smith switchyard 230 kV to Parakeet substation. No upgrades are expected to be necessary at this time. Florida Power & Light Company 109 III.E.13 Transmission Facilities for the Putnam Battery Energy Storage System Center in Putnam County The work required to connect the approximate 200 MW (nameplate, AC) Putnam Battery Energy Storage System Center in Putnam County in the 4th Quarter of 2026 is projected to be: I. Construct a new 230/34.5 kV substation (Putnam BESS U1) on the project site. Add one 115 kV line terminal at Putnam switchyard for string bus to Putnam BESS U1 substation (approximately 0.3 miles). Add two 115kV breakers at Putnam switchyard. Add one 115/34.5 kV main step-up transformer (225 MVA) with a 115 kV breaker at Putnam BESS U1 substation to connect the BESS. Add relays and other protective equipment.",2026-09-26T16:50:05+00:00,2026-09-26T20:29:57+00:00,yes
836a4ec2900c026660d3,Florida Power & Light,Construct approximately 2.0 miles string bus from Sunbreak 230 kV to Clover substation,New transmission line,NA,NA,NA,NA,NA,none,adjacent to the new Sunbreak,Morrow,230,2,Transmission Facilities for the Sea Grape Solar Energy Center in St. Lucie County; Sea Grape Solar Energy Center in St. Lucie County,NA,NA,2026,0,NA,adjacent to the new Sunbreak; Morrow; Transmission Facilities for the Sea Grape Solar Energy Center in St. Lucie County; Sea Grape Solar Energy Center in St. Lucie County; Sunbreak; Clover; St. Lucie County; Muscadine,FPL - Ten-Year Site Plan,https://www.fpl.com/content/dam/fplgp/us/en/about/pdf/ten-year-site-plan.pdf,"Breaker replacements: None II.Transmission: 1. Construct approximately 2.0 miles string bus from Sunbreak 230 kV to Clover substation. No additional upgrades are expected to be necessary at this time. Florida Power & Light Company 98 III.E.2 Transmission Facilities for the Sea Grape Solar Energy Center in St. Lucie County The work required to connect the approximate 74.5 MW (nameplate, AC) Sea Grape Solar Energy Center in St. Lucie County in the 2 nd Quarter of 2026 is projected to be: I.Substation: 1. Construct a new single bus, two (2) breaker 230 kV substation (Muscadine) on the project site, adjacent to the new Sunbreak - Morrow 230 kV line. Add one 230/34.5 kV main step-up transformer (85 MVA) with a 230 kV breaker to connect PV inverter array at Muscadine substation.",2026-09-26T16:50:05+00:00,2026-09-26T20:29:57+00:00,yes
1f58e1c41d3c280b3522,Florida Power & Light,Deodar Substation,New transmission line,NA,NA,NA,NA,NA,none,Deodar,Center will be connected to the transmission bus at Deodar,230,0,Baker County; Bay County; Putnam County,NA,NA,2026,0,NA,Deodar; Center will be connected to the transmission bus at Deodar; Baker County; Bay County; Putnam County; Deodar Substation; Harv; Lansing Smith Switchyard,FPL - Ten-Year Site Plan,https://www.fpl.com/content/dam/fplgp/us/en/about/pdf/ten-year-site-plan.pdf,Florida Power & Light Company 324 Page 10 of 84 Schedule 10 Status Report and Specifications of Proposed Transmission Lines Cedar Trail Battery Energy Storage System Center (Baker County) (1) Point of Origin and Termination: Deodar Substation (2) Number of Lines: 1 (3) Right-of-way FPL - Owned (4) Line Length: 0 miles (5) Voltage: 230 kV (6) Anticipated Construction Timing: Start date: 2025 End date: 2026 (7) Anticipated Capital Investment: Included in total installed cost on Schedule 9 (Trans. and Sub.) (8) Substations: Deodar Substation (9) Participation with Other Utilities: None The Cedar Trail Battery Energy Storage Center will be connected to the transmission bus at Deodar Substation approximately 0.0 miles to connect the BESS. Florida Power & Light Company 325 Page 11 of 84 Schedule 10 Status Report and Specifications of Proposed Transmission Lines Nature Trail Battery Energy Storage System Center (Baker County) (1) Point of Origin and Termination: Harvey Substation (2) Number of Lines: 1 (3) Right-of-way FPL - Owned (4) Line Length: 0 miles (5) Voltage: 230 kV (6) Anticipated Construction Timing: Start date: 2025 End date: 2026 (7) Anticipated Capital Investment: Included in total installed cost on Schedule 9 (Trans. and Sub.) (8) Substations: Harvey Substation (9) Participation with Other Utilities: None The Nature Trail Battery Energy Storage Center will be connected to the transmission bus at Harv ey Substation approximately 0.0 miles to connect the BESS. Florida Power & Light Company 326 Page 12 of 84 Schedule 10 Status Report and Specifications of Proposed Transmission Lines Lansing Smith Battery Energy Storage System Center (Bay County) (1) Point of Origin and Termination: Parakeet substation (2) Number of Lines: 1 (3) Right-of-way FPL - Owned (4) Line Len,2026-09-26T16:50:05+00:00,2026-09-26T20:29:57+00:00,yes
38fca91f53e2710225e5,Florida Power & Light,Deodar Substation,New transmission line,NA,NA,NA,NA,NA,none,Deodar,Center will be connected to the transmission bus at Deodar,230,0,Baker County; St. Lucie County; Martin County,NA,NA,2026,0,NA,Deodar; Center will be connected to the transmission bus at Deodar; Baker County; St. Lucie County; Martin County; Deodar Substation; Estuary Substation Florida Power; Gopher Substation,FPL - Ten-Year Site Plan,https://www.fpl.com/content/dam/fplgp/us/en/about/pdf/ten-year-site-plan.pdf,Florida Power & Light Company 348 Page 34 of 84 Schedule 10 Status Report and Specifications of Proposed Transmission Lines Maple Trail Battery Energy Storage System Center (Baker County) (1) Point of Origin and Termination: Deodar Substation (2) Number of Lines: 1 (3) Right-of-way FPL - Owned (4) Line Length: 0 miles (5) Voltage: 230 kV (6) Anticipated Construction Timing: Start date: 2026 End date: 2027 (7) Anticipated Capital Investment: Included in total installed cost on Schedule 9 (Trans. and Sub.) (8) Substations: Deodar Substation (9) Participation with Other Utilities: None The Maple Trail Battery Energy Storage Center will be connected to the transmission bus at Deodar Substation approximately 0.0 miles to connect the BESS. Florida Power & Light Company 349 Page 35 of 84 Schedule 10 Status Report and Specifications of Proposed Transmission Lines Indrio Battery Energy Storage System Center (St. Lucie County) (1) Point of Origin and Termination: Estuary Substation (2) Number of Lines: 1 (3) Right-of-way FPL - Owned (4) Line Length: 0 miles (5) Voltage: 230 kV (6) Anticipated Construction Timing: Start date: 2026 End date: 2027 (7) Anticipated Capital Investment: Included in total installed cost on Schedule 9 (Trans. and Sub.) (8) Substations: Estuary Substation (9) Participation with Other Utilities: None approximately 0.0 miles to connect the BESS. The Indrio Battery Energy Storage Center will be connected to the transmission bus at Estuary Substation Florida Power & Light Company 350 Page 36 of 84 Schedule 10 Status Report and Specifications of Proposed Transmission Lines Monarch Battery Energy Storage System Center (Martin County) (1) Point of Origin and Termination: Gopher Substation (2) Number of Lines: 1 (3) Right-of-way FPL - Owned (4) Line Length: 0 mile,2026-09-26T16:50:05+00:00,2026-09-26T20:29:57+00:00,yes
766c5c49b842496537e1,Florida Power & Light,Estuary Substation,New transmission line,NA,NA,NA,NA,NA,none,Energy Center will require bifurcating the new FPL Sunbreak,Heritage,500,0,Okeechobee County; St. Lucie County; Hendry County,NA,NA,2026,0,NA,Energy Center will require bifurcating the new FPL Sunbreak; Heritage; Okeechobee County; St. Lucie County; Hendry County; Clementine Substation; Liberty Substation Florida Power; Ghost Substation,FPL - Ten-Year Site Plan,https://www.fpl.com/content/dam/fplgp/us/en/about/pdf/ten-year-site-plan.pdf,and Sub.) (8) Substations: Estuary Substation (9) Participation with Other Utilities: None The Indrio Solar Energy Center will require bifurcating the new FPL Sunbreak - Heritage 230 kV transmission line approximately 0.0 miles to connect a new Estuary substation and connect the solar PV inv erter array. Florida Power & Light Company 333 Page 19 of 84 Schedule 10 Status Report and Specifications of Proposed Transmission Lines Tangelo Solar Energy Center (Okeechobee County) (1) Point of Origin and Termination: Clementine Substation (2) Number of Lines: 1 (3) Right-of-way FPL - Owned (4) Line Length: 0 miles (5) Voltage: 230 kV (6) Anticipated Construction Timing: Start date: 2026 End date: 2027 (7) Anticipated Capital Investment: Included in total installed cost on Schedule 9 (Trans. and Sub.) (8) Substations: Clementine Substation (9) Participation with Other Utilities: None The Tangelo Solar Energy Center will require extending the transmission bus at Clementine Substation approximately 0.0 miles to connect the solar PV inv erter array. Florida Power & Light Company 334 Page 20 of 84 Schedule 10 Status Report and Specifications of Proposed Transmission Lines Wood Stork Solar Energy Center (St. Lucie County) (1) Point of Origin and Termination: Liberty Substation (2) Number of Lines: 1 (3) Right-of-way FPL - Owned (4) Line Length: 0 miles (5) Voltage: 230 kV (6) Anticipated Construction Timing: Start date: 2026 End date: 2027 (7) Anticipated Capital Investment: Included in total installed cost on Schedule 9 (Trans. and Sub.) (8) Substations: Liberty Substation (9) Participation with Other Utilities: None approximately 0.0 miles to connect the solar PV inv erter array. The Wood Stork Solar Energy Center will require extending the transmission bus at Liberty Substation Fl,2026-09-26T16:50:05+00:00,2026-09-26T20:29:57+00:00,yes
64d3c9821399b2e5e9d9,Florida Power & Light,Estuary Substation,New transmission line,NA,NA,NA,NA,NA,none,Estuary,Center will be connected to the transmission bus at Estuary,230,0,St. Lucie County; Martin County; Walton County,NA,NA,2026,0,NA,Estuary; Center will be connected to the transmission bus at Estuary; St. Lucie County; Martin County; Walton County; Estuary Substation Florida Power; Gopher Substation,FPL - Ten-Year Site Plan,https://www.fpl.com/content/dam/fplgp/us/en/about/pdf/ten-year-site-plan.pdf,Florida Power & Light Company 349 Page 35 of 84 Schedule 10 Status Report and Specifications of Proposed Transmission Lines Indrio Battery Energy Storage System Center (St. Lucie County) (1) Point of Origin and Termination: Estuary Substation (2) Number of Lines: 1 (3) Right-of-way FPL - Owned (4) Line Length: 0 miles (5) Voltage: 230 kV (6) Anticipated Construction Timing: Start date: 2026 End date: 2027 (7) Anticipated Capital Investment: Included in total installed cost on Schedule 9 (Trans. and Sub.) (8) Substations: Estuary Substation (9) Participation with Other Utilities: None approximately 0.0 miles to connect the BESS. The Indrio Battery Energy Storage Center will be connected to the transmission bus at Estuary Substation Florida Power & Light Company 350 Page 36 of 84 Schedule 10 Status Report and Specifications of Proposed Transmission Lines Monarch Battery Energy Storage System Center (Martin County) (1) Point of Origin and Termination: Gopher Substation (2) Number of Lines: 1 (3) Right-of-way FPL - Owned (4) Line Length: 0 miles (5) Voltage: 230 kV (6) Anticipated Construction Timing: Start date: 2026 End date: 2027 (7) Anticipated Capital Investment: Included in total installed cost on Schedule 9 (Trans. and Sub.) (8) Substations: Gopher Substation (9) Participation with Other Utilities: None The Monarch Battery Energy Storage Center will be connected to the transmission bus at Gopher Substation approximately 0.0 miles to connect the BESS. Florida Power & Light Company 351 Page 37 of 84 Schedule 10 Status Report and Specifications of Proposed Transmission Lines Monarch ACES Battery Energy Storage System Center Pilot (Martin County) (1) Point of Origin and Termination: Gopher Substation (2) Number of Lines: 1 (3) Right-of-way FPL - Owned (4) Line Length: 0,2026-09-26T16:50:05+00:00,2026-09-26T20:29:57+00:00,yes
ff7822ba98cf893d02e0,Florida Power & Light,Estuary Substation,New transmission line,NA,NA,NA,NA,NA,none,Estuary,Center will be connected to the transmission bus at Estuary,230,0,Martin County; Walton County; Union County,NA,NA,2026,0,NA,Estuary; Center will be connected to the transmission bus at Estuary; Martin County; Walton County; Union County; Estuary Substation Florida Power; Gopher Substation; Swallowtail Substation Florida Power,FPL - Ten-Year Site Plan,https://www.fpl.com/content/dam/fplgp/us/en/about/pdf/ten-year-site-plan.pdf,and Sub.) (8) Substations: Estuary Substation (9) Participation with Other Utilities: None approximately 0.0 miles to connect the BESS. The Indrio Battery Energy Storage Center will be connected to the transmission bus at Estuary Substation Florida Power & Light Company 350 Page 36 of 84 Schedule 10 Status Report and Specifications of Proposed Transmission Lines Monarch Battery Energy Storage System Center (Martin County) (1) Point of Origin and Termination: Gopher Substation (2) Number of Lines: 1 (3) Right-of-way FPL - Owned (4) Line Length: 0 miles (5) Voltage: 230 kV (6) Anticipated Construction Timing: Start date: 2026 End date: 2027 (7) Anticipated Capital Investment: Included in total installed cost on Schedule 9 (Trans. and Sub.) (8) Substations: Gopher Substation (9) Participation with Other Utilities: None The Monarch Battery Energy Storage Center will be connected to the transmission bus at Gopher Substation approximately 0.0 miles to connect the BESS. Florida Power & Light Company 351 Page 37 of 84 Schedule 10 Status Report and Specifications of Proposed Transmission Lines Monarch ACES Battery Energy Storage System Center Pilot (Martin County) (1) Point of Origin and Termination: Gopher Substation (2) Number of Lines: 1 (3) Right-of-way FPL - Owned (4) Line Length: 0 miles (5) Voltage: 230 kV (6) Anticipated Construction Timing: Start date: 2026 End date: 2027 (7) Anticipated Capital Investment: Included in total installed cost on Schedule 9 (Trans. and Sub.) (8) Substations: Gopher Substation (9) Participation with Other Utilities: None The Monarch ACES Battery Energy Storage Center Pilot will be connected to the transmission bus at Gopher Substation approximately 0.0 miles to connect the BESS. Florida Power & Light Company 352 Page 38 of 84 Schedule 10 Sta,2026-09-26T16:50:05+00:00,2026-09-26T20:29:57+00:00,yes
ae530ee94dc1afe2f401,Florida Power & Light,Extend 230 kV bus at Quincy substation,New transmission line,NA,NA,NA,NA,NA,none,Extend 230 kV bus at Quincy,to a new,230,0,Transmission Facilities for the Sand Pine Solar Energy Center in Calhoun County; Sand Pine Solar Energy Center in Calhoun County; Transmission Facilities for the Big Brook Battery Energy Storage System Center in Calhoun County; Big Brook Battery Energy Storage System Center in Calhoun County,NA,NA,2026,0,NA,Extend 230 kV bus at Quincy; to a new; Transmission Facilities for the Sand Pine Solar Energy Center in Calhoun County; Sand Pine Solar Energy Center in Calhoun County; Transmission Facilities for the Big Brook Battery Energy Storage System Center in Calhoun County; Big Brook Battery Energy Storage System Center in Calhoun County; Calhoun County; Quincy; Chinkapin,FPL - Ten-Year Site Plan,https://www.fpl.com/content/dam/fplgp/us/en/about/pdf/ten-year-site-plan.pdf,"No additional upgrades are expected to be necessary at this time. Florida Power & Light Company 100 III.E.4 Transmission Facilities for the Sand Pine Solar Energy Center in Calhoun County The work required to connect the approximate 74.5 MW (nameplate, AC) Sand Pine Solar Energy Center in Calhoun County in the 2nd Quarter of 2026 is projected to be: I.Substation: 1. Extend 230 kV bus at Quincy substation to a new substation (Chinkapin) and interconnect the 230/34.5kV transformer through a 230kV breaker. Construct 34.5 kV bus to connect the PV array to Chinkapin 230 kV Substation. Add relays and other protective equipment. Breaker replacements: None. No additional upgrades are expected to be necessary at this time. Florida Power & Light Company 101 III.E.5 Transmission Facilities for the Big Brook Battery Energy Storage System Center in Calhoun County The work required to connect the approximate 74.5 MW (nameplate, AC) Big Brook Battery Energy Storage System Center in Calhoun County in the 3rd Quarter of 2026 is projected to be: I.",2026-09-26T16:50:05+00:00,2026-09-26T20:29:57+00:00,yes
d62c60993f58b81eab3b,Florida Power & Light,Extend the existing 34.5 kV bus at Apricot Substation,Transmission upgrade,NA,"30.600729, -87.338474","3 QUARTERS RD, CANTONMENT, FL, 32533",address_geocode,U.S. Census Geocoder,medium,Extend the existing 34.5 kV bus at Apricot,I. Extend the existing 34.5 kV bus at Bandit,0,0,Transmission Facilities for the Norton Creek Battery Energy Storage System Center in Madison County; Norton Creek Battery Energy Storage System Center in Madison County,NA,NA,2026,0,NA,Extend the existing 34.5 kV bus at Apricot; I. Extend the existing 34.5 kV bus at Bandit; Transmission Facilities for the Norton Creek Battery Energy Storage System Center in Madison County; Norton Creek Battery Energy Storage System Center in Madison County; Apricot Substation; Madison County; Bandit Substation,FPL - Ten-Year Site Plan,https://www.fpl.com/content/dam/fplgp/us/en/about/pdf/ten-year-site-plan.pdf,"Extend the existing 34.5 kV bus at Apricot Substation to connect the BESS. Add relays and other protective equipment. Breaker replacements: None II. No additional transmission work is required. No upgrades are expected to be necessary at this time. Florida Power & Light Company 104 III.E.8 Transmission Facilities for the Norton Creek Battery Energy Storage System Center in Madison County The work required to connect the approximate 74.5 MW (nameplate, AC) Norton Creek Battery Energy Storage System Center in Madison County in the 3 rd Quarter of 2026 is projected to be: I. Extend the existing 34.5 kV bus at Bandit Substation to connect the BESS. Add relays and other protective equipment.",2026-09-26T16:50:05+00:00,2026-09-26T20:29:57+00:00,yes
7da7e69a4773717d085d,Florida Power & Light,Extend the existing 34.5 kV bus at Bandit Substation,Transmission upgrade,NA,"30.600729, -87.338474","3 QUARTERS RD, CANTONMENT, FL, 32533",address_geocode,U.S. Census Geocoder,medium,Extend the existing 34.5 kV bus at Bandit,I. Extend the existing 34.5 kV bus at Thomas,0,0,Transmission Facilities for the Thomas Creek Battery Energy Storage System Center in Nassau County; Thomas Creek Battery Energy Storage System Center in Nassau County,NA,NA,2026,0,NA,Extend the existing 34.5 kV bus at Bandit; I. Extend the existing 34.5 kV bus at Thomas; Transmission Facilities for the Thomas Creek Battery Energy Storage System Center in Nassau County; Thomas Creek Battery Energy Storage System Center in Nassau County; Bandit Substation; Nassau County; Thomas Substation,FPL - Ten-Year Site Plan,https://www.fpl.com/content/dam/fplgp/us/en/about/pdf/ten-year-site-plan.pdf,"Extend the existing 34.5 kV bus at Bandit Substation to connect the BESS. Add relays and other protective equipment. Breaker replacements: None II. No additional transmission work is required. No upgrades are expected to be necessary at this time. Florida Power & Light Company 105 III.E.9 Transmission Facilities for the Thomas Creek Battery Energy Storage System Center in Nassau County The work required to connect the approximate 74.5 MW (nameplate, AC) Thomas Creek Battery Energy Storage System Center in Nassau County in the 3 rd Quarter of 2026 is projected to be: I. Extend the existing 34.5 kV bus at Thomas Substation to connect the BESS. Add relays and other protective equipment.",2026-09-26T16:50:05+00:00,2026-09-26T20:29:57+00:00,yes
0f3da8206eb0a4938149,Florida Power & Light,Extend the existing 34.5 kV bus at Clover Substation,Transmission upgrade,NA,NA,NA,NA,NA,none,Extend the existing 34.5 kV bus at Clover,NA,0,0,Transmission Facilities for the Sea Grape Battery Energy Storage System Center in St. Lucie County; Sea Grape Battery Energy Storage System Center in St. Lucie County,NA,NA,2026,0,NA,Extend the existing 34.5 kV bus at Clover; Transmission Facilities for the Sea Grape Battery Energy Storage System Center in St. Lucie County; Sea Grape Battery Energy Storage System Center in St. Lucie County; Clover Substation; St. Lucie County,FPL - Ten-Year Site Plan,https://www.fpl.com/content/dam/fplgp/us/en/about/pdf/ten-year-site-plan.pdf,"Extend the existing 34.5 kV bus at Clover Substation to connect the BESS. Add relays and other protective equipment. Breaker replacements: None II. No additional transmission work is required. No upgrades are expected to be necessary at this time. Florida Power & Light Company 111 III.E.15 Transmission Facilities for the Sea Grape Battery Energy Storage System Center in St. Lucie County The work required to connect the approximate 74.5 MW (nameplate, AC) Sea Grape Battery Energy Storage System Center in St. Lucie County in the 4 th Quarter of 2026 is projected to be: I.",2026-09-26T16:50:05+00:00,2026-09-26T20:29:57+00:00,yes
cf6813a8ae195d58c6f6,Florida Power & Light,Extend the existing 34.5 kV bus at Deodar Substation,Transmission upgrade,NA,NA,107 III.E.11 Transmission Facilities for the Nature Trail Battery Energy Storage System,NA,NA,none,Extend the existing 34.5 kV bus at Deodar,I. Extend the existing 34.5 kV bus at Harvey,0,0,Transmission Facilities for the Nature Trail Battery Energy Storage System Center in Baker County; Nature Trail Battery Energy Storage System Center in Baker County,NA,NA,2026,0,NA,Extend the existing 34.5 kV bus at Deodar; I. Extend the existing 34.5 kV bus at Harvey; Transmission Facilities for the Nature Trail Battery Energy Storage System Center in Baker County; Nature Trail Battery Energy Storage System Center in Baker County; Deodar Substation; Baker County; Harvey Substation,FPL - Ten-Year Site Plan,https://www.fpl.com/content/dam/fplgp/us/en/about/pdf/ten-year-site-plan.pdf,"Extend the existing 34.5 kV bus at Deodar Substation to connect the BESS. Add relays and other protective equipment. Breaker replacements: None II. No additional transmission work is required. No upgrades are expected to be necessary at this time. Florida Power & Light Company 107 III.E.11 Transmission Facilities for the Nature Trail Battery Energy Storage System Center in Baker County The work required to connect the approximate 74.5 MW (nameplate, AC) Nature Trail Battery Energy Storage System Center in Baker County in the 3 rd Quarter of 2026 is projected to be: I. Extend the existing 34.5 kV bus at Harvey Substation to connect the BESS. Add relays and other protective equipment.",2026-09-26T16:50:05+00:00,2026-09-26T20:29:57+00:00,yes
dd7b2093eac7c4e91702,Florida Power & Light,Extend the existing 34.5 kV bus at Harvey Substation,New transmission line,NA,NA,NA,NA,NA,none,Extend the existing 34.5 kV bus at Harvey,I. Construct a new 230/34.5 kV,230,0.26,Transmission Facilities for the Lansing Smith Battery Energy Storage System Center in Bay County; Lansing Smith Battery Energy Storage System Center in Bay County,NA,NA,2026,0,NA,Extend the existing 34.5 kV bus at Harvey; I. Construct a new 230/34.5 kV; Transmission Facilities for the Lansing Smith Battery Energy Storage System Center in Bay County; Lansing Smith Battery Energy Storage System Center in Bay County; Harvey Substation; Bay County; Lansing Smith; Parakeet,FPL - Ten-Year Site Plan,https://www.fpl.com/content/dam/fplgp/us/en/about/pdf/ten-year-site-plan.pdf,"Extend the existing 34.5 kV bus at Harvey Substation to connect the BESS. Add relays and other protective equipment. Breaker replacements: None II. No additional transmission work is required. No upgrades are expected to be necessary at this time. Florida Power & Light Company 108 III.E.12 Transmission Facilities for the Lansing Smith Battery Energy Storage System Center in Bay County The work required to connect the approximate 400 MW (nameplate, AC) Lansing Smith Battery Energy Storage System Center in Bay County in the 4 th Quarter of 2026 is projected to be: I. Construct a new 230/34.5 kV substation (Parakeet) on the project site. Add one 230 kV line terminal at Lansing Smith switchyard for string bus to Parakeet substation (approximately 0.26 miles).",2026-09-26T16:50:05+00:00,2026-09-26T20:29:57+00:00,yes
babf4a572c6c8cf7d525,Florida Power & Light,Extend the existing 34.5 kV bus at Muscadine Substation,Transmission upgrade,NA,NA,NA,NA,NA,none,Extend the existing 34.5 kV bus at Muscadine,I. Extend the existing 34.5 kV bus at Strawberry,0,0,Transmission Facilities for the White Tail Battery Energy Storage System Center in Martin County; White Tail Battery Energy Storage System Center in Martin County,NA,NA,2026,0,NA,Extend the existing 34.5 kV bus at Muscadine; I. Extend the existing 34.5 kV bus at Strawberry; Transmission Facilities for the White Tail Battery Energy Storage System Center in Martin County; White Tail Battery Energy Storage System Center in Martin County; Muscadine Substation; Martin County; Strawberry Substation,FPL - Ten-Year Site Plan,https://www.fpl.com/content/dam/fplgp/us/en/about/pdf/ten-year-site-plan.pdf,"Extend the existing 34.5 kV bus at Muscadine Substation to connect the BESS. Add relays and other protective equipment. Breaker replacements: None II. No additional transmission work is required. No upgrades are expected to be necessary at this time. Florida Power & Light Company 112 III.E.16 Transmission Facilities for the White Tail Battery Energy Storage System Center in Martin County The work required to connect the approximate 74.5 MW (nameplate, AC) White Tail Battery Energy Storage System Center in Martin County in the 4 th Quarter of 2026 is projected to be: I. Extend the existing 34.5 kV bus at Strawberry Substation to connect the BESS. Add relays and other protective equipment.",2026-09-26T16:50:05+00:00,2026-09-26T20:29:57+00:00,yes
fa41d0ebd7e1caf77956,Florida Power & Light,Extend the existing 34.5 kV bus at Quincy Substation,Transmission upgrade,NA,"30.600729, -87.338474","3 QUARTERS RD, CANTONMENT, FL, 32533",address_geocode,U.S. Census Geocoder,medium,Extend the existing 34.5 kV bus at Quincy,NA,0,0,Transmission Facilities for the North Orange Battery Energy Storage System Center in St. Lucie County; North Orange Battery Energy Storage System Center in St. Lucie County,NA,NA,2026,0,NA,Extend the existing 34.5 kV bus at Quincy; Transmission Facilities for the North Orange Battery Energy Storage System Center in St. Lucie County; North Orange Battery Energy Storage System Center in St. Lucie County; Quincy Substation; St. Lucie County,FPL - Ten-Year Site Plan,https://www.fpl.com/content/dam/fplgp/us/en/about/pdf/ten-year-site-plan.pdf,"Extend the existing 34.5 kV bus at Quincy Substation to connect the BESS. Add relays and other protective equipment. Breaker replacements: None II. No additional transmission work is required. No upgrades are expected to be necessary at this time. Florida Power & Light Company 103 III.E.7 Transmission Facilities for the North Orange Battery Energy Storage System Center in St. Lucie County The work required to connect the approximate 74.5 MW (nameplate, AC) North Orange Battery Energy Storage System Center in St. Lucie County in the 3 rd Quarter of 2026 is projected to be: I.",2026-09-26T16:50:05+00:00,2026-09-26T20:29:57+00:00,yes
e80df1712e3f68f18204,Florida Power & Light,Extend the existing 34.5 kV bus at Song Substation,Transmission upgrade,NA,"30.600729, -87.338474","3 QUARTERS RD, CANTONMENT, FL, 32533",address_geocode,U.S. Census Geocoder,medium,Extend the existing 34.5 kV bus at Song,I. Extend the existing 34.5 kV bus at Quincy,0,0,Transmission Facilities for the Sand Pine Battery Energy Storage System Center in Calhoun County; Sand Pine Battery Energy Storage System Center in Calhoun County,NA,NA,2026,0,NA,Extend the existing 34.5 kV bus at Song; I. Extend the existing 34.5 kV bus at Quincy; Transmission Facilities for the Sand Pine Battery Energy Storage System Center in Calhoun County; Sand Pine Battery Energy Storage System Center in Calhoun County; Song Substation; Calhoun County; Quincy Substation,FPL - Ten-Year Site Plan,https://www.fpl.com/content/dam/fplgp/us/en/about/pdf/ten-year-site-plan.pdf,"Extend the existing 34.5 kV bus at Song Substation to connect the BESS. Add relays and other protective equipment. Breaker replacements: None II. No additional transmission work is required. No upgrades are expected to be necessary at this time. Florida Power & Light Company 102 III.E.6 Transmission Facilities for the Sand Pine Battery Energy Storage System Center in Calhoun County The work required to connect the approximate 74.5 MW (nameplate, AC) Sand Pine Battery Energy Storage System Center in Calhoun County in the 3 rd Quarter of 2026 is projected to be: I. Extend the existing 34.5 kV bus at Quincy Substation to connect the BESS. Add relays and other protective equipment.",2026-09-26T16:50:05+00:00,2026-09-26T20:29:57+00:00,yes
d5411fe4610e66b61026,Florida Power & Light,Extend the existing 34.5 kV bus at Strawberry Substation,Transmission upgrade,NA,NA,NA,NA,NA,none,Extend the existing 34.5 kV bus at Strawberry,I. Extend the existing 34.5 kV bus at Fawn,0,0,Transmission Facilities for the Fawn Battery Energy Storage System Center in Martin County; Fawn Battery Energy Storage System Center in Martin County,NA,NA,2026,0,NA,Extend the existing 34.5 kV bus at Strawberry; I. Extend the existing 34.5 kV bus at Fawn; Transmission Facilities for the Fawn Battery Energy Storage System Center in Martin County; Fawn Battery Energy Storage System Center in Martin County; Strawberry Substation; Martin County; Fawn Substation,FPL - Ten-Year Site Plan,https://www.fpl.com/content/dam/fplgp/us/en/about/pdf/ten-year-site-plan.pdf,"Extend the existing 34.5 kV bus at Strawberry Substation to connect the BESS. Add relays and other protective equipment. Breaker replacements: None II. No additional transmission work is required. No upgrades are expected to be necessary at this time. Florida Power & Light Company 113 III.E.17 Transmission Facilities for the Fawn Battery Energy Storage System Center in Martin County The work required to connect the approximate 74.5 MW (nameplate, AC) Fawn Battery Energy Storage System Center in Martin County in the 4th Quarter of 2026 is projected to be: I. Extend the existing 34.5 kV bus at Fawn Substation to connect the BESS. Add relays and other protective equipment.",2026-09-26T16:50:05+00:00,2026-09-26T20:29:57+00:00,yes
131d6a373a767eff928f,Florida Power & Light,Extend the existing 34.5 kV bus at Thomas Substation,Transmission upgrade,NA,NA,106 III.E.10 Transmission Facilities for the Cedar Trail Battery Energy Storage System,NA,NA,none,Extend the existing 34.5 kV bus at Thomas,I. Extend the existing 34.5 kV bus at Deodar,0,0,Transmission Facilities for the Cedar Trail Battery Energy Storage System Center in Baker County; Cedar Trail Battery Energy Storage System Center in Baker County,NA,NA,2026,0,NA,Extend the existing 34.5 kV bus at Thomas; I. Extend the existing 34.5 kV bus at Deodar; Transmission Facilities for the Cedar Trail Battery Energy Storage System Center in Baker County; Cedar Trail Battery Energy Storage System Center in Baker County; Thomas Substation; Baker County; Deodar Substation,FPL - Ten-Year Site Plan,https://www.fpl.com/content/dam/fplgp/us/en/about/pdf/ten-year-site-plan.pdf,"Extend the existing 34.5 kV bus at Thomas Substation to connect the BESS. Add relays and other protective equipment. Breaker replacements: None II. No additional transmission work is required. No upgrades are expected to be necessary at this time. Florida Power & Light Company 106 III.E.10 Transmission Facilities for the Cedar Trail Battery Energy Storage System Center in Baker County The work required to connect the approximate 74.5 MW (nameplate, AC) Cedar Trail Battery Energy Storage System Center in Baker County in the 3 rd Quarter of 2026 is projected to be: I. Extend the existing 34.5 kV bus at Deodar Substation to connect the BESS. Add relays and other protective equipment.",2026-09-26T16:50:05+00:00,2026-09-26T20:29:57+00:00,yes
bd114b585b4bafb82697,Florida Power & Light,FPL - Ten-Year Site Plan: 2/ The Andytown-Oasis Transmission Lines Project consists of four related transmission lines. The determination of need was filed,Transmission project,NA,NA,NA,NA,NA,none,NA,NA,0,0,Transmission Facilities for the Clover Solar Energy Center in St. Lucie County,NA,NA,2026,0,NA,Transmission Facilities for the Clover Solar Energy Center in St. Lucie County; St.,FPL - Ten-Year Site Plan,https://www.fpl.com/content/dam/fplgp/us/en/about/pdf/ten-year-site-plan.pdf,"2/ The Andytown-Oasis Transmission Lines Project consists of four related transmission lines. The determination of need was filed with the FPSC on March 11, 2026. The project has an overall planned in-service date of December 2033. There will also be transmission facilities needed to connect several projected generation capacity additions to the FPL transmission system. These transmission facilities are described on the following pages. Sites for longer term additions, such as projec ted solar and BESS additions for 2028 and beyond, have not yet been definitively determined so no transmission analyses for these additions have been performed. Florida Power & Light Company 97 III.E.1 Transmission Facilities for the Clover Solar Energy Center in St. Lucie County The work required to connect the approximate 74.5 MW (nameplate, AC) Clover Solar Energy Center in St.",2026-09-26T16:50:05+00:00,2026-09-26T20:29:57+00:00,yes
eae956ea67843cf068fc,Florida Power & Light,"FPL - Ten-Year Site Plan: 210 Schedule 7.2 Forecast of Capacity, Demand, and Scheduled Maintenance at Time of Winter Peak ..................................................................................................",Transmission project,NA,NA,NA,NA,NA,none,NA,NA,0,0,NA,NA,NA,2026,0,NA,Time,FPL - Ten-Year Site Plan,https://www.fpl.com/content/dam/fplgp/us/en/about/pdf/ten-year-site-plan.pdf,"210 Schedule 7.2 Forecast of Capacity, Demand, and Scheduled Maintenance at Time of Winter Peak .................................................................................................. 211 Schedule 8 Planned and Prospective Generating Facility Additions and Changes ............................................................................................................. 212 Schedule 9 Status Report and Specifications of Proposed Generating Facilities ..................................................................................................................... 215 Schedule 10 Status Report and Specifications of Proposed Transmission Lines ......................................................................................................................... 315 Schedule 11.1 FPL Existing Firm and Non-Firm Capacity and Energy by Primary Fuel Type Actuals for the Year 2025 ...................................................................... 399 Schedule 11.2 FPL Existing Non-Firm Self-Service Renewable Generation Facilities Actuals for the Year 2025 ....................................................................... 400 Schedule 11.3 FPL Renewable Capacity and Energy Projections, 2026-2035 ........................... 401 Florida Power & Light Company xi (This page is intentionally left blank.) Florida Power & Light Company 1 Overview of the Document Chapter 186, Florida Statutes, requires that each electric utility in the State of Florida with a minimum existing generating capacity of 250 megawatts (MW) must annually submit a Ten -Year Power Plant Site Plan (Site Plan).",2026-09-26T16:50:05+00:00,2026-09-26T20:29:57+00:00,yes
e243b5152a9885307f66,Florida Power & Light,FPL - Ten-Year Site Plan: Commercial In-service date: 2026 (5) Fuel a. Primary Fuel Not Applicable b. Alternate Fuel Not Applicable (6) Air,New transmission line,NA,NA,NA,NA,NA,none,NA,NA,0,0,Madison County,NA,NA,2026,0,20 years,Madison County,FPL - Ten-Year Site Plan,https://www.fpl.com/content/dam/fplgp/us/en/about/pdf/ten-year-site-plan.pdf,"Commercial In-service date: 2026 (5) Fuel a. Primary Fuel Not Applicable b. Alternate Fuel Not Applicable (6) Air Pollution and Control Strategy: Not Applicable (7) Cooling Method: Not Applicable (8) Total Site Area: 5 Acres (9) Construction Status: P (Planned Unit) (10) Certification Status: --- (11) Status with Federal Agencies: --- (12) Projected Unit Performance Data: Planned Outage Factor (POF): Not Applicable Forced Outage Factor (FOF): Not Applicable Equivalent Availability Factor (EAF): Not Applicable Round-Trip Efficiency: 88.00% (First Full Year Operation) Average Net Operating Heat Rate (ANOHR): Not Applicable Base Operation 75F,100% Average Net Incremental Heat Rate (ANIHR): Not Applicable Peak Operation 75F,100% (13) Projected Unit Financial Data * Book Life (Years): 20 years Total Installed Cost (2026 $/kW): 1,503 Direct Construction Cost ($/kW): 108 AFUDC Amount (2026 $/kW): 4 Escalation ($/kW): Accounted for in Direct Construction Cost Fixed O&M ($/kW-Yr.): (2026 $) 5.28 (First Full Year Operation) Variable O&M ($/MWH): (2026 $) 0.00 K Factor: 0.80 * $/kW values are based on nameplate capacity. Note: Total installed cost includes transmission interconnection and AFUDC. 1/ The value shown represents FPL’s current projection of the firm capacity of this battery storage after the net load of the system and other battery storage being discharged. Because battery storage ""flattens"" the peak period, the firm capacity value of storage decreases as more battery storage is added to the system. 2/ FPL will continue to analyze the projected impacts of increasing amounts of battery storage in its on-going resource planning work. Florida Power & Light Company 221 Florida Power & Light Company 222 Florida Power & Light Company 223 Page 9 of 100 Schedule 9 Status Repor",2026-09-26T16:50:05+00:00,2026-09-26T20:29:57+00:00,yes
599d2c2e7a7113f8d4fb,Florida Power & Light,"FPL - Ten-Year Site Plan: Lucie County, FL 1 Solar Energy 74.5 118 Cedar Trail Solar Baker County, FL 1 Solar Energy 74.5",Transmission project,NA,NA,"1 Solar Energy 74.5 118 Cedar Trail Solar Baker County, FL",NA,NA,none,NA,NA,0,0,Lucie County; Cedar Trail Solar Baker County; Georges Lakes Solar Putnam County; Hendry Isles Solar Hendry County; Honeybell Solar Okeechobee County; Escambia County; Okaloosa County; Norton Creek Solar Madison County; Holowpaw Solar Palm Beach County; Speckled Perch Solar Okeechobee County,NA,NA,2026,0,NA,Lucie County; Cedar Trail Solar Baker County; Georges Lakes Solar Putnam County; Hendry Isles Solar Hendry County; Honeybell Solar Okeechobee County; Escambia County; Okaloosa County; Norton Creek Solar Madison County; Holowpaw Solar Palm Beach County; Speckled Perch Solar Okeechobee County; Schedule; Qualifying Facilities,FPL - Ten-Year Site Plan,https://www.fpl.com/content/dam/fplgp/us/en/about/pdf/ten-year-site-plan.pdf,"Lucie County, FL 1 Solar Energy 74.5 118 Cedar Trail Solar Baker County, FL 1 Solar Energy 74.5 122 Georges Lakes Solar Putnam County, FL 1 Solar Energy 74.5 119 Hendry Isles Solar Hendry County, FL 1 Solar Energy 74.5 120 Honeybell Solar Okeechobee County, FL 1 Solar Energy 74.5 117 Mitchell Creek Solar* Escambia County, FL 1 Solar Energy 74.5 128 Kayak Solar* Okaloosa County, FL 1 Solar Energy 74.5 112 Norton Creek Solar Madison County, FL 1 Solar Energy 74.5 102 Holowpaw Solar Palm Beach County, FL 1 Solar Energy 74.5 110 Speckled Perch Solar Okeechobee County, FL 1 Solar Energy 74.5 107 Big Water Solar Okeechobee County, FL 1 Solar Energy 74.5 106 Fawn Solar Martin County, FL 1 Solar Energy 74.5 104 Hog Bay Solar DeSoto County, FL 1 Solar Energy 74.5 109 Green Pasture Solar Charlotte County, FL 1 Solar Energy 74.5 103 Thomas Creek Solar Nassau County, FL 1 Solar Energy 74.5 105 Redlands Solar Miami-Dade County, FL 1 Solar Energy 74.5 108 Fox Trail Solar Brevard County, FL 1 Solar Energy 74.5 101 Long Creek Solar Manatee County, FL 1 Solar Energy 74.5 100 Swallowtail Solar* Walton County, FL 1 Solar Energy 74.5 127 Tenmile Creek Solar* Calhoun County, FL 1 Solar Energy 74.5 Total Nameplate PV: 108 7,932 Total Units: 169 36,946 Nameplate System Generation as of December 31, 2025 = 36,946 Firm System Generation as of December 31, 2025 = 30,457 1/ The solar capacity values shown are nameplate capacity only, not firm capacity. Information on Summer and Winter Firm capacity for solar units is provided in Schedule 1. * Represents units located in the former Gulf Service Area but are now part of FPL's system and fall under the FPL NW region. Florida Power & Light Company 27 FPL Bulk Transmission System Figure I.A.2.2: FPL Bulk Transmission System Florida Power & Light Compa",2026-09-26T16:50:05+00:00,2026-09-26T20:29:57+00:00,yes
01d5e1d8c11387b2690c,Florida Power & Light,FPL - Ten-Year Site Plan: Table III.E.1: List of Proposed Power Lines (1) Line Ownership (2) Terminals (To) (3) Terminals (From) (4) Line,Transmission project,NA,NA,NA,NA,NA,none,NA,NA,0,0,NA,NA,NA,2026,0,NA,Sweatt; September,FPL - Ten-Year Site Plan,https://www.fpl.com/content/dam/fplgp/us/en/about/pdf/ten-year-site-plan.pdf,"Table III.E.1: List of Proposed Power Lines (1) Line Ownership (2) Terminals (To) (3) Terminals (From) (4) Line Length CKT. Miles (5) Commercial In-Service Date (Mo/Yr) (6) Nominal Voltage (KV) (7) Capacity (MVA) FPL Sweatt 1/ Whidden 79 June/2026 230 1,195 FPL Oasis 2/ Andytown 30 December/2031 500 3,464 FPL Oasis 2/ Quarry 15 December/2033 500 3,464 FPL Quarry 2/ Oasis 15 December/2033 230 1,195 FPL Levee 2/ Oasis 15 December/2033 230 1,195 1/ Need Determination for the Whidden to Sweatt project was approved on May 17, 2022, and Conditions of Certification were received in September 2022. The project is scheduled to be completed by June 2026. 2/ The Andytown-Oasis Transmission Lines Project consists of four related transmission lines. The determination of need was filed with the FPSC on March 11, 2026. The project has an overall planned in-service date of December 2033. There will also be transmission facilities needed to connect several projected generation capacity additions to the FPL transmission system. These transmission facilities are described on the following pages.",2026-09-26T16:50:05+00:00,2026-09-26T20:29:57+00:00,yes
0c35282d5604d603b1ad,Florida Power & Light,"FPL - Ten-Year Site Plan: The determination of need was filed with the FPSC on March 11, 2026. The project has an overall",Transmission project,NA,NA,NA,NA,NA,none,NA,NA,0,0,Transmission Facilities for the Clover Solar Energy Center in St. Lucie County; Clover Solar Energy Center in St. Lucie County,NA,NA,2026,0,NA,Transmission Facilities for the Clover Solar Energy Center in St. Lucie County; Clover Solar Energy Center in St. Lucie County; St. Lucie County,FPL - Ten-Year Site Plan,https://www.fpl.com/content/dam/fplgp/us/en/about/pdf/ten-year-site-plan.pdf,"The determination of need was filed with the FPSC on March 11, 2026. The project has an overall planned in-service date of December 2033. There will also be transmission facilities needed to connect several projected generation capacity additions to the FPL transmission system. These transmission facilities are described on the following pages. Sites for longer term additions, such as projec ted solar and BESS additions for 2028 and beyond, have not yet been definitively determined so no transmission analyses for these additions have been performed. Florida Power & Light Company 97 III.E.1 Transmission Facilities for the Clover Solar Energy Center in St. Lucie County The work required to connect the approximate 74.5 MW (nameplate, AC) Clover Solar Energy Center in St. Lucie County in the 2nd Quarter of 2026 is projected to be: I.Substation: 1.",2026-09-26T16:50:05+00:00,2026-09-26T20:29:57+00:00,yes
a6d2406b50341a3ef98b,Florida Power & Light,FPL - Ten-Year Site Plan: The information presented in this Site Plan is based on integrated resource planning (IRP) analyses that were carried,Transmission project,NA,NA,NA,NA,NA,none,NA,NA,0,0,NA,NA,NA,2026,0,NA,Chapter II. Included,FPL - Ten-Year Site Plan,https://www.fpl.com/content/dam/fplgp/us/en/about/pdf/ten-year-site-plan.pdf,"The information presented in this Site Plan is based on integrated resource planning (IRP) analyses that were carried out in 2025 and the 1st Quarter of 2026. The forecasted information presented in this plan addresses the years 2026 through 2035. This document is organized in the following manner: Chapter I - Description of Existing Resources This chapter provides an overview of FPL’s current generating facilities. Also included is information on other FPL resources including purchased power, demand -side management (DSM), and FPL’s transmission system. Chapter II - Forecast of Electric Power Demand The load forecasting methodology utilized for FPL, and the resulting forecast of seasonal peaks and annual energy usage, are presented in Chapter II. Included in this discussion are the projected ongoing impacts Florida Power & Light Company 2 of federal and state energy efficiency codes and standards, the continued adoption of private solar and electric vehicles, and forecast impacts driven by expected large load additions. Chapter III - Projection of Incremental Resource Additions This chapter discusses the IRP process and presents currently projected resource additions for FPL. This chapter also discusses a number of factors or issues that either have changed, or may change, the resource plan presented in this Site Plan.",2026-09-26T16:50:05+00:00,2026-09-26T20:29:57+00:00,yes
31e4be1238ef34a1de18,Florida Power & Light,FPL installed a second PV system at its Flagami substation,New substation,NA,NA,NA,NA,NA,none,FPL installed a second PV system at its Flagami,for several years before it was remov ed to make room for,0,0,Brevard County,NA,NA,2026,0,15 years,FPL installed a second PV system at its Flagami; for several years before it was remov ed to make room for; Brevard County; FSEC; Florida; Miami. This,FPL - Ten-Year Site Plan,https://www.fpl.com/content/dam/fplgp/us/en/about/pdf/ten-year-site-plan.pdf,"Plans for new renewable energy facilities from 2026-2035 are then discussed in a separate section. 1) Early Research & Development Efforts: In the late 1970s, FPL assisted the Florida Solar Energy Center (FSEC) in demonstrating the first residential PV system east of the Mississippi River. This PV installation at FSEC’s Brevard County location was in operation for more than 15 years and provid ed valuable information about PV performance capabilities in Florida on both a daily and annual basis. In 1984, FPL installed a second PV system at its Flagami substation in Miami. This 10-kilowatt (kW) system operated for several years before it was remov ed to make room for substation expansion. In addition, FPL maintained a thin -film PV test facility at the FPL Martin Plant Site for several years to test new thin-film PV technologies. 2) Demand-Side & Customer Efforts: In terms of utilizing renewable energy sources to meet its customers’ needs, FPL initiated the first utility-sponsored conservation program in Florida designed to facilitate the implementation of solar technologies by its customers. FPL’s Conservation Wate r Heating Program, first implemented in 1982, offered incentive payments to customers who chose solar water heaters.",2026-09-26T16:50:05+00:00,2026-09-26T20:29:57+00:00,yes
f1780e1c6af97111910b,Florida Power & Light,Fawn Substation,New transmission line,NA,NA,NA,NA,NA,none,Sunbreak,Heritage,230,0,Martin County; St. Lucie County; Okeechobee County,NA,NA,2026,0,NA,Sunbreak; Heritage; Martin County; St. Lucie County; Okeechobee County; Fawn Substation; Clementine Substation,FPL - Ten-Year Site Plan,https://www.fpl.com/content/dam/fplgp/us/en/about/pdf/ten-year-site-plan.pdf,Florida Power & Light Company 331 Page 17 of 84 Schedule 10 Status Report and Specifications of Proposed Transmission Lines Fawn Battery Energy Storage System Center (Martin County) (1) Point of Origin and Termination: Fawn Substation (2) Number of Lines: 1 (3) Right-of-way FPL - Owned (4) Line Length: 0 miles (5) Voltage: 230 kV (6) Anticipated Construction Timing: Start date: 2025 End date: 2026 (7) Anticipated Capital Investment: Included in total installed cost on Schedule 9 (Trans. and Sub.) (8) Substations: Fawn Substation (9) Participation with Other Utilities: None The Fawn Battery Energy Storage System Center will be connected to the transmission bus at Fawn Substation approximately 0.0 miles to connect the BESS. Florida Power & Light Company 332 Page 18 of 84 Schedule 10 Status Report and Specifications of Proposed Transmission Lines Indrio Solar Energy Center (St. Lucie County) (1) Point of Origin and Termination: Sunbreak - Heritage 230 kV transmission line to new Estuary Substation (2) Number of Lines: 1 (3) Right-of-way FPL - Owned (4) Line Length: 0 miles (5) Voltage: 230 kV (6) Anticipated Construction Timing: Start date: 2026 End date: 2027 (7) Anticipated Capital Investment: Included in total installed cost on Schedule 9 (Trans. and Sub.) (8) Substations: Estuary Substation (9) Participation with Other Utilities: None The Indrio Solar Energy Center will require bifurcating the new FPL Sunbreak - Heritage 230 kV transmission line approximately 0.0 miles to connect a new Estuary substation and connect the solar PV inv erter array. Florida Power & Light Company 333 Page 19 of 84 Schedule 10 Status Report and Specifications of Proposed Transmission Lines Tangelo Solar Energy Center (Okeechobee County) (1) Point of Origin and Termination: Clementine Substat,2026-09-26T16:50:05+00:00,2026-09-26T20:29:57+00:00,yes
abff077919115541599a,Florida Power & Light,Finca Substation,New transmission line,NA,NA,NA,NA,NA,none,Finca,Center will be connected to the transmission bus at Finca,230,0,Walton County; Baker County,NA,NA,2026,0,NA,Finca; Center will be connected to the transmission bus at Finca; Walton County; Baker County; Finca Substation; Quail Substation; Deodar Substation,FPL - Ten-Year Site Plan,https://www.fpl.com/content/dam/fplgp/us/en/about/pdf/ten-year-site-plan.pdf,and Sub.) (8) Substations: Finca Substation (9) Participation with Other Utilities: None The Sawgrass Battery Energy Storage Center will be connected to the transmission bus at Finca Substation approximately 0.0 miles to connect the BESS. Florida Power & Light Company 346 Page 32 of 84 Schedule 10 Status Report and Specifications of Proposed Transmission Lines Hardwood Hammock Solar Energy Center (Walton County) (1) Point of Origin and Termination: Quail Substation (2) Number of Lines: 1 (3) Right-of-way FPL - Owned (4) Line Length: 0 miles (5) Voltage: 230 kV (6) Anticipated Construction Timing: Start date: 2026 End date: 2027 (7) Anticipated Capital Investment: Included in total installed cost on Schedule 9 (Trans. and Sub.) (8) Substations: Pignut Substation (9) Participation with Other Utilities: None The Hardwood Hammock Solar Energy Center will require extending the transmission bus at Quail Substation approximately 0.0 miles to connect a new Pignut substation and connect the solar PV inv erter array. Florida Power & Light Company 347 Page 33 of 84 Schedule 10 Status Report and Specifications of Proposed Transmission Lines Maple Trail Solar Energy Center (Baker County) (1) Point of Origin and Termination: Maple Substation (2) Number of Lines: 1 (3) Right-of-way FPL - Owned (4) Line Length: 0 miles (5) Voltage: 230 kV (6) Anticipated Construction Timing: Start date: 2026 End date: 2027 (7) Anticipated Capital Investment: Included in total installed cost on Schedule 9 (Trans. and Sub.) (8) Substations: Maple Substation (9) Participation with Other Utilities: None The Maple Trail Solar Energy Center will require extending the transmission bus at Deodar Substation approximately 0.0 miles to connect a new Maple substation and connect the solar PV inv erter array. Flori,2026-09-26T16:50:05+00:00,2026-09-26T20:29:57+00:00,yes
bbc8ab3e0bc06cf1e672,Florida Power & Light,Ghost Substation,New transmission line,NA,NA,NA,NA,NA,none,Ghost,Center will require extending the transmission bus at Ghost,230,0,Madison County; St. Lucie County; Status Report and Specifications of Proposed Transmission Lines County; DeSoto County; None The County,NA,NA,2026,0,NA,Ghost; Center will require extending the transmission bus at Ghost; Madison County; St. Lucie County; Status Report and Specifications of Proposed Transmission Lines County; DeSoto County; None The County; Ghost Substation; Apricot Substation; Notts Substation,FPL - Ten-Year Site Plan,https://www.fpl.com/content/dam/fplgp/us/en/about/pdf/ten-year-site-plan.pdf,and Sub.) (8) Substations: Ghost Substation (9) Participation with Other Utilities: None The Hendry Solar Energy Center will require extending the transmission bus at Ghost Substation approximately 0.0 miles to connect the solar PV inv erter array. Florida Power & Light Company 336 Page 22 of 84 Schedule 10 Status Report and Specifications of Proposed Transmission Lines Middle Lake Solar Energy Center (Madison County) (1) Point of Origin and Termination: Sound Substation (2) Number of Lines: 1 (3) Right-of-way FPL - Owned (4) Line Length: 0 miles (5) Voltage: 161 kV (6) Anticipated Construction Timing: Start date: 2026 End date: 2027 (7) Anticipated Capital Investment: Included in total installed cost on Schedule 9 (Trans. and Sub.) (8) Substations: Sound Substation (9) Participation with Other Utilities: None The Middle Lake Solar Energy Center will require extending the transmission bus at future Bandit Substation approximately 0.0 miles to a new Sound substation and connect the solar PV inv erter array. Florida Power & Light Company 337 Page 23 of 84 Schedule 10 Status Report and Specifications of Proposed Transmission Lines Spanish Moss Solar Energy Center (St. Lucie County) (1) Point of Origin and Termination: Apricot Substation (2) Number of Lines: 1 (3) Right-of-way FPL - Owned (4) Line Length: 0 miles (5) Voltage: 230 kV (6) Anticipated Construction Timing: Start date: 2026 End date: 2027 (7) Anticipated Capital Investment: Included in total installed cost on Schedule 9 (Trans. and Sub.) (8) Substations: Apricot Substation (9) Participation with Other Utilities: None The Spanish Moss Solar Energy Center will require extending the transmission bus at Apricot Substation approximately 0.0 miles to connect the solar PV inverter array. Florida Power & Light Company 3,2026-09-26T16:50:05+00:00,2026-09-26T20:29:57+00:00,yes
11bb8698adfd513392b9,Florida Power & Light,Ghost Substation,New transmission line,NA,NA,NA,NA,NA,none,Ghost,Center will be connected to the transmission bus at Ghost,500,0,Hendry County; Clay County; Indian River County; Walton County,NA,NA,2026,0,NA,Ghost; Center will be connected to the transmission bus at Ghost; Hendry County; Clay County; Indian River County; Walton County; Ghost Substation; Terrill Substation Florida Power; Finca Substation; Quail Substation,FPL - Ten-Year Site Plan,https://www.fpl.com/content/dam/fplgp/us/en/about/pdf/ten-year-site-plan.pdf,Florida Power & Light Company 343 Page 29 of 84 Schedule 10 Status Report and Specifications of Proposed Transmission Lines Sawgrass Battery Energy Storage System Center (Hendry County) (1) Point of Origin and Termination: Ghost Substation (2) Number of Lines: 1 (3) Right-of-way FPL - Owned (4) Line Length: 0 miles (5) Voltage: 500 kV (6) Anticipated Construction Timing: Start date: 2026 End date: 2027 (7) Anticipated Capital Investment: Included in total installed cost on Schedule 9 (Trans. and Sub.) (8) Substations: Ghost Substation (9) Participation with Other Utilities: None The Sawgrass Battery Energy Storage Center will be connected to the transmission bus at Ghost Substation approximately 0.0 miles to connect the BESS. Florida Power & Light Company 344 Page 30 of 84 Schedule 10 Status Report and Specifications of Proposed Transmission Lines Terrill Creek Battery Energy Storage System Center (Clay County) (1) Point of Origin and Termination: Terrill Substation (2) Number of Lines: 1 (3) Right-of-way FPL - Owned (4) Line Length: 0 miles (5) Voltage: 230 kV (6) Anticipated Construction Timing: Start date: 2026 End date: 2027 (7) Anticipated Capital Investment: Included in total installed cost on Schedule 9 (Trans. and Sub.) (8) Substations: Terrill Substation (9) Participation with Other Utilities: None approximately 0.0 miles to connect the BESS. The Terrill Creek Battery Energy Storage Center will be connected to the transmission bus at Terrill Substation Florida Power & Light Company 345 Page 31 of 84 Schedule 10 Status Report and Specifications of Proposed Transmission Lines Orange Blossom Battery Energy Storage System Center (Indian River County) (1) Point of Origin and Termination: Finca Substation (2) Number of Lines: 1 (3) Right-of-way FPL - Owned (4) Line L,2026-09-26T16:50:05+00:00,2026-09-26T20:29:57+00:00,yes
0cbd783ac5f905687820,Florida Power & Light,Ghost Substation,New transmission line,NA,NA,NA,NA,NA,none,Ghost,Center will be connected to the transmission bus at Ghost,230,0,Clay County; Indian River County; Walton County; Baker County,NA,NA,2026,0,NA,Ghost; Center will be connected to the transmission bus at Ghost; Clay County; Indian River County; Walton County; Baker County; Ghost Substation; Terrill Substation Florida Power; Finca Substation; Quail Substation,FPL - Ten-Year Site Plan,https://www.fpl.com/content/dam/fplgp/us/en/about/pdf/ten-year-site-plan.pdf,and Sub.) (8) Substations: Ghost Substation (9) Participation with Other Utilities: None The Sawgrass Battery Energy Storage Center will be connected to the transmission bus at Ghost Substation approximately 0.0 miles to connect the BESS. Florida Power & Light Company 344 Page 30 of 84 Schedule 10 Status Report and Specifications of Proposed Transmission Lines Terrill Creek Battery Energy Storage System Center (Clay County) (1) Point of Origin and Termination: Terrill Substation (2) Number of Lines: 1 (3) Right-of-way FPL - Owned (4) Line Length: 0 miles (5) Voltage: 230 kV (6) Anticipated Construction Timing: Start date: 2026 End date: 2027 (7) Anticipated Capital Investment: Included in total installed cost on Schedule 9 (Trans. and Sub.) (8) Substations: Terrill Substation (9) Participation with Other Utilities: None approximately 0.0 miles to connect the BESS. The Terrill Creek Battery Energy Storage Center will be connected to the transmission bus at Terrill Substation Florida Power & Light Company 345 Page 31 of 84 Schedule 10 Status Report and Specifications of Proposed Transmission Lines Orange Blossom Battery Energy Storage System Center (Indian River County) (1) Point of Origin and Termination: Finca Substation (2) Number of Lines: 1 (3) Right-of-way FPL - Owned (4) Line Length: 0 miles (5) Voltage: 230 kV (6) Anticipated Construction Timing: Start date: 2026 End date: 2027 (7) Anticipated Capital Investment: Included in total installed cost on Schedule 9 (Trans. and Sub.) (8) Substations: Finca Substation (9) Participation with Other Utilities: None The Sawgrass Battery Energy Storage Center will be connected to the transmission bus at Finca Substation approximately 0.0 miles to connect the BESS. Florida Power & Light Company 346 Page 32 of 84 Schedule 10 Sta,2026-09-26T16:50:05+00:00,2026-09-26T20:29:57+00:00,yes
75be02885b189bcc657c,Florida Power & Light,Gopher Substation,New transmission line,NA,NA,NA,NA,NA,none,Gopher,Center will be connected to the transmission bus at Gopher,230,0,Martin County; Walton County; Union County; Okeechobee County,NA,NA,2026,0,NA,Gopher; Center will be connected to the transmission bus at Gopher; Martin County; Walton County; Union County; Okeechobee County; Gopher Substation; Swallowtail Substation Florida Power; Plum Substation,FPL - Ten-Year Site Plan,https://www.fpl.com/content/dam/fplgp/us/en/about/pdf/ten-year-site-plan.pdf,and Sub.) (8) Substations: Gopher Substation (9) Participation with Other Utilities: None The Monarch Battery Energy Storage Center will be connected to the transmission bus at Gopher Substation approximately 0.0 miles to connect the BESS. Florida Power & Light Company 351 Page 37 of 84 Schedule 10 Status Report and Specifications of Proposed Transmission Lines Monarch ACES Battery Energy Storage System Center Pilot (Martin County) (1) Point of Origin and Termination: Gopher Substation (2) Number of Lines: 1 (3) Right-of-way FPL - Owned (4) Line Length: 0 miles (5) Voltage: 230 kV (6) Anticipated Construction Timing: Start date: 2026 End date: 2027 (7) Anticipated Capital Investment: Included in total installed cost on Schedule 9 (Trans. and Sub.) (8) Substations: Gopher Substation (9) Participation with Other Utilities: None The Monarch ACES Battery Energy Storage Center Pilot will be connected to the transmission bus at Gopher Substation approximately 0.0 miles to connect the BESS. Florida Power & Light Company 352 Page 38 of 84 Schedule 10 Status Report and Specifications of Proposed Transmission Lines Swallowtail Battery Energy Storage System Center (Walton County) (1) Point of Origin and Termination: Swallowtail Substation (2) Number of Lines: 1 (3) Right-of-way FPL - Owned (4) Line Length: 0 miles (5) Voltage: 230 kV (6) Anticipated Construction Timing: Start date: 2026 End date: 2027 (7) Anticipated Capital Investment: Included in total installed cost on Schedule 9 (Trans. and Sub.) (8) Substations: Swallowtail Substation (9) Participation with Other Utilities: None approximately 0.0 miles to connect the BESS. The Swallowtail Battery Energy Storage Center will be connected to the transmission bus at Swallowtail Substation Florida Power & Light Company 353 Page 39,2026-09-26T16:50:05+00:00,2026-09-26T20:29:57+00:00,yes
3773cd25d5a2d813176f,Florida Power & Light,Gopher Substation,New transmission line,NA,NA,NA,NA,NA,none,Gopher,Pilot will be connected to the transmission bus at Gopher,230,0,Martin County; Walton County; Union County; Okeechobee County,NA,NA,2026,0,NA,Gopher; Pilot will be connected to the transmission bus at Gopher; Martin County; Walton County; Union County; Okeechobee County; Gopher Substation; Swallowtail Substation Florida Power; Plum Substation; Pyrite Substation,FPL - Ten-Year Site Plan,https://www.fpl.com/content/dam/fplgp/us/en/about/pdf/ten-year-site-plan.pdf,Florida Power & Light Company 351 Page 37 of 84 Schedule 10 Status Report and Specifications of Proposed Transmission Lines Monarch ACES Battery Energy Storage System Center Pilot (Martin County) (1) Point of Origin and Termination: Gopher Substation (2) Number of Lines: 1 (3) Right-of-way FPL - Owned (4) Line Length: 0 miles (5) Voltage: 230 kV (6) Anticipated Construction Timing: Start date: 2026 End date: 2027 (7) Anticipated Capital Investment: Included in total installed cost on Schedule 9 (Trans. and Sub.) (8) Substations: Gopher Substation (9) Participation with Other Utilities: None The Monarch ACES Battery Energy Storage Center Pilot will be connected to the transmission bus at Gopher Substation approximately 0.0 miles to connect the BESS. Florida Power & Light Company 352 Page 38 of 84 Schedule 10 Status Report and Specifications of Proposed Transmission Lines Swallowtail Battery Energy Storage System Center (Walton County) (1) Point of Origin and Termination: Swallowtail Substation (2) Number of Lines: 1 (3) Right-of-way FPL - Owned (4) Line Length: 0 miles (5) Voltage: 230 kV (6) Anticipated Construction Timing: Start date: 2026 End date: 2027 (7) Anticipated Capital Investment: Included in total installed cost on Schedule 9 (Trans. and Sub.) (8) Substations: Swallowtail Substation (9) Participation with Other Utilities: None approximately 0.0 miles to connect the BESS. The Swallowtail Battery Energy Storage Center will be connected to the transmission bus at Swallowtail Substation Florida Power & Light Company 353 Page 39 of 84 Schedule 10 Status Report and Specifications of Proposed Transmission Lines Union Springs Battery Energy Storage System Center (Union County) (1) Point of Origin and Termination: Plum Substation (2) Number of Lines: 1 (3) Right-of-wa,2026-09-26T16:50:05+00:00,2026-09-26T20:29:57+00:00,yes
8c58718391bb62fbdf6d,Florida Power & Light,Harvey Substation,New transmission line,NA,NA,NA,NA,NA,none,Harvey,Center will be connected to the transmission bus at Harv ey,230,0,Baker County; Bay County; Putnam County; St. Lucie County,NA,NA,2026,0,NA,Harvey; Center will be connected to the transmission bus at Harv ey; Baker County; Bay County; Putnam County; St. Lucie County; Harv; Lansing Smith Switchyard; Putnam Switchyard,FPL - Ten-Year Site Plan,https://www.fpl.com/content/dam/fplgp/us/en/about/pdf/ten-year-site-plan.pdf,Florida Power & Light Company 325 Page 11 of 84 Schedule 10 Status Report and Specifications of Proposed Transmission Lines Nature Trail Battery Energy Storage System Center (Baker County) (1) Point of Origin and Termination: Harvey Substation (2) Number of Lines: 1 (3) Right-of-way FPL - Owned (4) Line Length: 0 miles (5) Voltage: 230 kV (6) Anticipated Construction Timing: Start date: 2025 End date: 2026 (7) Anticipated Capital Investment: Included in total installed cost on Schedule 9 (Trans. and Sub.) (8) Substations: Harvey Substation (9) Participation with Other Utilities: None The Nature Trail Battery Energy Storage Center will be connected to the transmission bus at Harv ey Substation approximately 0.0 miles to connect the BESS. Florida Power & Light Company 326 Page 12 of 84 Schedule 10 Status Report and Specifications of Proposed Transmission Lines Lansing Smith Battery Energy Storage System Center (Bay County) (1) Point of Origin and Termination: Parakeet substation (2) Number of Lines: 1 (3) Right-of-way FPL - Owned (4) Line Length: 0.26 miles (5) Voltage: 230 kV (6) Anticipated Construction Timing: Start date: 2025 End date: 2026 (7) Anticipated Capital Investment: Included in total installed cost on Schedule 9 (Trans. and Sub.) (8) Substations: Parakeet substation (9) Participation with Other Utilities: None The Lansing Smith Battery Energy Storage System Center will be connected to the transmission bus at Lansing Smith Switchyard approximately 0.26 miles to a new Parakeet substation and connect the BESS system. Florida Power & Light Company 327 Page 13 of 84 Schedule 10 Status Report and Specifications of Proposed Transmission Lines Putnam Battery Energy Storage System Center (Putnam County) (1) Point of Origin and Termination: Putnam BESS U1 substation (,2026-09-26T16:50:05+00:00,2026-09-26T20:29:57+00:00,yes
a548739370bebbd6732e,Florida Power & Light,I. Construct a new 230/34.5 kV substation,New transmission line,NA,NA,NA,NA,NA,none,at Lansing Smith switchyard. Add two 230/34.5 kV main step,up transformer (225 MVA) with a,230,0.26,Transmission Facilities for the Lansing Smith Battery Energy Storage System Center in Bay County; Lansing Smith Battery Energy Storage System Center in Bay County,NA,NA,2026,0,NA,at Lansing Smith switchyard. Add two 230/34.5 kV main step; up transformer (225 MVA) with a; Transmission Facilities for the Lansing Smith Battery Energy Storage System Center in Bay County; Lansing Smith Battery Energy Storage System Center in Bay County; Bay County; Lansing Smith; Parakeet,FPL - Ten-Year Site Plan,https://www.fpl.com/content/dam/fplgp/us/en/about/pdf/ten-year-site-plan.pdf,"Breaker replacements: None II. No additional transmission work is required. No upgrades are expected to be necessary at this time. Florida Power & Light Company 108 III.E.12 Transmission Facilities for the Lansing Smith Battery Energy Storage System Center in Bay County The work required to connect the approximate 400 MW (nameplate, AC) Lansing Smith Battery Energy Storage System Center in Bay County in the 4 th Quarter of 2026 is projected to be: I. Construct a new 230/34.5 kV substation (Parakeet) on the project site. Add one 230 kV line terminal at Lansing Smith switchyard for string bus to Parakeet substation (approximately 0.26 miles). Add two 230kV breakers at Lansing Smith switchyard. Add two 230/34.5 kV main step-up transformer (225 MVA) with a 230 kV breaker at Parakeet substation to connect each BESS.",2026-09-26T16:50:05+00:00,2026-09-26T20:29:57+00:00,yes
d8009dbdde8a5b9cddc0,Florida Power & Light,I. Construct a new 230/34.5 kV substation,New transmission line,NA,NA,NA,NA,NA,none,breakers at Putnam switchyard. Add one 115/34.5 kV main step,up transformer (225 MVA) with a,115,0.3,Transmission Facilities for the Putnam Battery Energy Storage System Center in Putnam County; Putnam Battery Energy Storage System Center in Putnam County,NA,NA,2026,0,NA,breakers at Putnam switchyard. Add one 115/34.5 kV main step; up transformer (225 MVA) with a; Transmission Facilities for the Putnam Battery Energy Storage System Center in Putnam County; Putnam Battery Energy Storage System Center in Putnam County; Putnam County; Putnam; Putnam BESS,FPL - Ten-Year Site Plan,https://www.fpl.com/content/dam/fplgp/us/en/about/pdf/ten-year-site-plan.pdf,"No upgrades are expected to be necessary at this time. Florida Power & Light Company 109 III.E.13 Transmission Facilities for the Putnam Battery Energy Storage System Center in Putnam County The work required to connect the approximate 200 MW (nameplate, AC) Putnam Battery Energy Storage System Center in Putnam County in the 4th Quarter of 2026 is projected to be: I. Construct a new 230/34.5 kV substation (Putnam BESS U1) on the project site. Add one 115 kV line terminal at Putnam switchyard for string bus to Putnam BESS U1 substation (approximately 0.3 miles). Add two 115kV breakers at Putnam switchyard. Add one 115/34.5 kV main step-up transformer (225 MVA) with a 115 kV breaker at Putnam BESS U1 substation to connect the BESS. Add relays and other protective equipment. Breaker replacements: None II.",2026-09-26T16:50:05+00:00,2026-09-26T20:29:57+00:00,yes
16659e310969b4a3028f,Florida Power & Light,I. Extend the existing 34.5 kV bus at Apricot Substation,Transmission upgrade,NA,"30.600729, -87.338474","3 QUARTERS RD, CANTONMENT, FL, 32533",address_geocode,U.S. Census Geocoder,medium,I. Extend the existing 34.5 kV bus at Apricot,NA,0,0,Transmission Facilities for the North Orange Battery Energy Storage System Center in St. Lucie County; North Orange Battery Energy Storage System Center in St. Lucie County,NA,NA,2026,0,NA,I. Extend the existing 34.5 kV bus at Apricot; Transmission Facilities for the North Orange Battery Energy Storage System Center in St. Lucie County; North Orange Battery Energy Storage System Center in St. Lucie County; St. Lucie County; Apricot Substation,FPL - Ten-Year Site Plan,https://www.fpl.com/content/dam/fplgp/us/en/about/pdf/ten-year-site-plan.pdf,"Breaker replacements: None II. No additional transmission work is required. No upgrades are expected to be necessary at this time. Florida Power & Light Company 103 III.E.7 Transmission Facilities for the North Orange Battery Energy Storage System Center in St. Lucie County The work required to connect the approximate 74.5 MW (nameplate, AC) North Orange Battery Energy Storage System Center in St. Lucie County in the 3 rd Quarter of 2026 is projected to be: I. Extend the existing 34.5 kV bus at Apricot Substation to connect the BESS. Add relays and other protective equipment.",2026-09-26T16:50:05+00:00,2026-09-26T20:29:57+00:00,yes
05d425a12eb04b40bef9,Florida Power & Light,I. Extend the existing 34.5 kV bus at Bandit Substation,Transmission upgrade,NA,"30.600729, -87.338474","3 QUARTERS RD, CANTONMENT, FL, 32533",address_geocode,U.S. Census Geocoder,medium,I. Extend the existing 34.5 kV bus at Bandit,NA,0,0,Transmission Facilities for the Norton Creek Battery Energy Storage System Center in Madison County; Norton Creek Battery Energy Storage System Center in Madison County,NA,NA,2026,0,NA,I. Extend the existing 34.5 kV bus at Bandit; Transmission Facilities for the Norton Creek Battery Energy Storage System Center in Madison County; Norton Creek Battery Energy Storage System Center in Madison County; Madison County; Bandit Substation,FPL - Ten-Year Site Plan,https://www.fpl.com/content/dam/fplgp/us/en/about/pdf/ten-year-site-plan.pdf,"Breaker replacements: None II. No additional transmission work is required. No upgrades are expected to be necessary at this time. Florida Power & Light Company 104 III.E.8 Transmission Facilities for the Norton Creek Battery Energy Storage System Center in Madison County The work required to connect the approximate 74.5 MW (nameplate, AC) Norton Creek Battery Energy Storage System Center in Madison County in the 3 rd Quarter of 2026 is projected to be: I. Extend the existing 34.5 kV bus at Bandit Substation to connect the BESS. Add relays and other protective equipment. Breaker replacements: None II. No additional transmission work is required.",2026-09-26T16:50:05+00:00,2026-09-26T20:29:57+00:00,yes
fced6006b837bb7b8ca1,Florida Power & Light,I. Extend the existing 34.5 kV bus at Clover Substation,Transmission upgrade,NA,NA,NA,NA,NA,none,I. Extend the existing 34.5 kV bus at Clover,NA,0,0,Transmission Facilities for the Clover Battery Energy Storage System Center in St. Lucie County; Clover Battery Energy Storage System Center in St. Lucie County,NA,NA,2026,0,NA,I. Extend the existing 34.5 kV bus at Clover; Transmission Facilities for the Clover Battery Energy Storage System Center in St. Lucie County; Clover Battery Energy Storage System Center in St. Lucie County; St. Lucie County; Clover Substation,FPL - Ten-Year Site Plan,https://www.fpl.com/content/dam/fplgp/us/en/about/pdf/ten-year-site-plan.pdf,"Florida Power & Light Company 110 III.E.14 Transmission Facilities for the Clover Battery Energy Storage System Center in St. Lucie County The work required to connect the approximate 74.5 MW (nameplate, AC) Clover Battery Energy Storage System Center in St. Lucie County in the 4th Quarter of 2026 is projected to be: I. Extend the existing 34.5 kV bus at Clover Substation to connect the BESS. Add relays and other protective equipment. Breaker replacements: None II. No additional transmission work is required. No upgrades are expected to be necessary at this time.",2026-09-26T16:50:05+00:00,2026-09-26T20:29:57+00:00,yes
3da0b74d64cccd734bfe,Florida Power & Light,I. Extend the existing 34.5 kV bus at Deodar Substation,Transmission upgrade,NA,NA,106 III.E.10 Transmission Facilities for the Cedar Trail Battery Energy Storage System,NA,NA,none,I. Extend the existing 34.5 kV bus at Deodar,NA,0,0,Transmission Facilities for the Cedar Trail Battery Energy Storage System Center in Baker County; Cedar Trail Battery Energy Storage System Center in Baker County,NA,NA,2026,0,NA,I. Extend the existing 34.5 kV bus at Deodar; Transmission Facilities for the Cedar Trail Battery Energy Storage System Center in Baker County; Cedar Trail Battery Energy Storage System Center in Baker County; Baker County; Deodar Substation,FPL - Ten-Year Site Plan,https://www.fpl.com/content/dam/fplgp/us/en/about/pdf/ten-year-site-plan.pdf,"Breaker replacements: None II. No additional transmission work is required. No upgrades are expected to be necessary at this time. Florida Power & Light Company 106 III.E.10 Transmission Facilities for the Cedar Trail Battery Energy Storage System Center in Baker County The work required to connect the approximate 74.5 MW (nameplate, AC) Cedar Trail Battery Energy Storage System Center in Baker County in the 3 rd Quarter of 2026 is projected to be: I. Extend the existing 34.5 kV bus at Deodar Substation to connect the BESS. Add relays and other protective equipment. Breaker replacements: None II. No additional transmission work is required.",2026-09-26T16:50:05+00:00,2026-09-26T20:29:57+00:00,yes
15e8f234de2c48ccdf56,Florida Power & Light,I. Extend the existing 34.5 kV bus at Fawn Substation,Transmission upgrade,NA,NA,NA,NA,NA,none,I. Extend the existing 34.5 kV bus at Fawn,NA,0,0,Transmission Facilities for the Fawn Battery Energy Storage System Center in Martin County; Fawn Battery Energy Storage System Center in Martin County,NA,NA,2026,0,NA,I. Extend the existing 34.5 kV bus at Fawn; Transmission Facilities for the Fawn Battery Energy Storage System Center in Martin County; Fawn Battery Energy Storage System Center in Martin County; Martin County; Fawn Substation,FPL - Ten-Year Site Plan,https://www.fpl.com/content/dam/fplgp/us/en/about/pdf/ten-year-site-plan.pdf,"Breaker replacements: None II. No additional transmission work is required. No upgrades are expected to be necessary at this time. Florida Power & Light Company 113 III.E.17 Transmission Facilities for the Fawn Battery Energy Storage System Center in Martin County The work required to connect the approximate 74.5 MW (nameplate, AC) Fawn Battery Energy Storage System Center in Martin County in the 4th Quarter of 2026 is projected to be: I. Extend the existing 34.5 kV bus at Fawn Substation to connect the BESS. Add relays and other protective equipment. Breaker replacements: None II. No additional transmission work is required.",2026-09-26T16:50:05+00:00,2026-09-26T20:29:57+00:00,yes
88d906cf0c32fa1bef2c,Florida Power & Light,I. Extend the existing 34.5 kV bus at Harvey Substation,Transmission upgrade,NA,NA,107 III.E.11 Transmission Facilities for the Nature Trail Battery Energy Storage System,NA,NA,none,I. Extend the existing 34.5 kV bus at Harvey,NA,0,0,Transmission Facilities for the Nature Trail Battery Energy Storage System Center in Baker County; Nature Trail Battery Energy Storage System Center in Baker County,NA,NA,2026,0,NA,I. Extend the existing 34.5 kV bus at Harvey; Transmission Facilities for the Nature Trail Battery Energy Storage System Center in Baker County; Nature Trail Battery Energy Storage System Center in Baker County; Baker County; Harvey Substation,FPL - Ten-Year Site Plan,https://www.fpl.com/content/dam/fplgp/us/en/about/pdf/ten-year-site-plan.pdf,"Breaker replacements: None II. No additional transmission work is required. No upgrades are expected to be necessary at this time. Florida Power & Light Company 107 III.E.11 Transmission Facilities for the Nature Trail Battery Energy Storage System Center in Baker County The work required to connect the approximate 74.5 MW (nameplate, AC) Nature Trail Battery Energy Storage System Center in Baker County in the 3 rd Quarter of 2026 is projected to be: I. Extend the existing 34.5 kV bus at Harvey Substation to connect the BESS. Add relays and other protective equipment. Breaker replacements: None II. No additional transmission work is required.",2026-09-26T16:50:05+00:00,2026-09-26T20:29:57+00:00,yes
82e9296d6163a95ec786,Florida Power & Light,I. Extend the existing 34.5 kV bus at Muscadine Substation,Transmission upgrade,NA,NA,NA,NA,NA,none,I. Extend the existing 34.5 kV bus at Muscadine,NA,0,0,Transmission Facilities for the Sea Grape Battery Energy Storage System Center in St. Lucie County; Sea Grape Battery Energy Storage System Center in St. Lucie County,NA,NA,2026,0,NA,I. Extend the existing 34.5 kV bus at Muscadine; Transmission Facilities for the Sea Grape Battery Energy Storage System Center in St. Lucie County; Sea Grape Battery Energy Storage System Center in St. Lucie County; St. Lucie County; Muscadine Substation,FPL - Ten-Year Site Plan,https://www.fpl.com/content/dam/fplgp/us/en/about/pdf/ten-year-site-plan.pdf,"Breaker replacements: None II. No additional transmission work is required. No upgrades are expected to be necessary at this time. Florida Power & Light Company 111 III.E.15 Transmission Facilities for the Sea Grape Battery Energy Storage System Center in St. Lucie County The work required to connect the approximate 74.5 MW (nameplate, AC) Sea Grape Battery Energy Storage System Center in St. Lucie County in the 4 th Quarter of 2026 is projected to be: I. Extend the existing 34.5 kV bus at Muscadine Substation to connect the BESS. Add relays and other protective equipment.",2026-09-26T16:50:05+00:00,2026-09-26T20:29:57+00:00,yes
8e45f0adda798473b60e,Florida Power & Light,I. Extend the existing 34.5 kV bus at Quincy Substation,Transmission upgrade,NA,"30.600729, -87.338474","3 QUARTERS RD, CANTONMENT, FL, 32533",address_geocode,U.S. Census Geocoder,medium,I. Extend the existing 34.5 kV bus at Quincy,NA,0,0,Transmission Facilities for the Sand Pine Battery Energy Storage System Center in Calhoun County; Sand Pine Battery Energy Storage System Center in Calhoun County,NA,NA,2026,0,NA,I. Extend the existing 34.5 kV bus at Quincy; Transmission Facilities for the Sand Pine Battery Energy Storage System Center in Calhoun County; Sand Pine Battery Energy Storage System Center in Calhoun County; Calhoun County; Quincy Substation,FPL - Ten-Year Site Plan,https://www.fpl.com/content/dam/fplgp/us/en/about/pdf/ten-year-site-plan.pdf,"Breaker replacements: None II. No additional transmission work is required. No upgrades are expected to be necessary at this time. Florida Power & Light Company 102 III.E.6 Transmission Facilities for the Sand Pine Battery Energy Storage System Center in Calhoun County The work required to connect the approximate 74.5 MW (nameplate, AC) Sand Pine Battery Energy Storage System Center in Calhoun County in the 3 rd Quarter of 2026 is projected to be: I. Extend the existing 34.5 kV bus at Quincy Substation to connect the BESS. Add relays and other protective equipment. Breaker replacements: None II. No additional transmission work is required.",2026-09-26T16:50:05+00:00,2026-09-26T20:29:57+00:00,yes
00932cc57bd1ae3d008b,Florida Power & Light,I. Extend the existing 34.5 kV bus at Song Substation,Transmission upgrade,NA,NA,NA,NA,NA,none,I. Extend the existing 34.5 kV bus at Song,NA,0,0,Transmission Facilities for the Big Brook Battery Energy Storage System Center in Calhoun County; Big Brook Battery Energy Storage System Center in Calhoun County,NA,NA,2026,0,NA,I. Extend the existing 34.5 kV bus at Song; Transmission Facilities for the Big Brook Battery Energy Storage System Center in Calhoun County; Big Brook Battery Energy Storage System Center in Calhoun County; Calhoun County; Song Substation,FPL - Ten-Year Site Plan,https://www.fpl.com/content/dam/fplgp/us/en/about/pdf/ten-year-site-plan.pdf,"Add relays and other protective equipment. Breaker replacements: None. No additional upgrades are expected to be necessary at this time. Florida Power & Light Company 101 III.E.5 Transmission Facilities for the Big Brook Battery Energy Storage System Center in Calhoun County The work required to connect the approximate 74.5 MW (nameplate, AC) Big Brook Battery Energy Storage System Center in Calhoun County in the 3rd Quarter of 2026 is projected to be: I. Extend the existing 34.5 kV bus at Song Substation to connect the BESS. Add relays and other protective equipment. Breaker replacements: None II. No additional transmission work is required.",2026-09-26T16:50:05+00:00,2026-09-26T20:29:57+00:00,yes
fd917c49853d0c8377ce,Florida Power & Light,I. Extend the existing 34.5 kV bus at Strawberry Substation,Transmission upgrade,NA,NA,NA,NA,NA,none,I. Extend the existing 34.5 kV bus at Strawberry,NA,0,0,Transmission Facilities for the White Tail Battery Energy Storage System Center in Martin County; White Tail Battery Energy Storage System Center in Martin County,NA,NA,2026,0,NA,I. Extend the existing 34.5 kV bus at Strawberry; Transmission Facilities for the White Tail Battery Energy Storage System Center in Martin County; White Tail Battery Energy Storage System Center in Martin County; Martin County; Strawberry Substation,FPL - Ten-Year Site Plan,https://www.fpl.com/content/dam/fplgp/us/en/about/pdf/ten-year-site-plan.pdf,"Breaker replacements: None II. No additional transmission work is required. No upgrades are expected to be necessary at this time. Florida Power & Light Company 112 III.E.16 Transmission Facilities for the White Tail Battery Energy Storage System Center in Martin County The work required to connect the approximate 74.5 MW (nameplate, AC) White Tail Battery Energy Storage System Center in Martin County in the 4 th Quarter of 2026 is projected to be: I. Extend the existing 34.5 kV bus at Strawberry Substation to connect the BESS. Add relays and other protective equipment. Breaker replacements: None II. No additional transmission work is required.",2026-09-26T16:50:05+00:00,2026-09-26T20:29:57+00:00,yes
0af571220d30e2b47f05,Florida Power & Light,I. Extend the existing 34.5 kV bus at Thomas Substation,Transmission upgrade,NA,"30.600729, -87.338474","3 QUARTERS RD, CANTONMENT, FL, 32533",address_geocode,U.S. Census Geocoder,medium,I. Extend the existing 34.5 kV bus at Thomas,NA,0,0,Transmission Facilities for the Thomas Creek Battery Energy Storage System Center in Nassau County; Thomas Creek Battery Energy Storage System Center in Nassau County,NA,NA,2026,0,NA,I. Extend the existing 34.5 kV bus at Thomas; Transmission Facilities for the Thomas Creek Battery Energy Storage System Center in Nassau County; Thomas Creek Battery Energy Storage System Center in Nassau County; Nassau County; Thomas Substation,FPL - Ten-Year Site Plan,https://www.fpl.com/content/dam/fplgp/us/en/about/pdf/ten-year-site-plan.pdf,"Breaker replacements: None II. No additional transmission work is required. No upgrades are expected to be necessary at this time. Florida Power & Light Company 105 III.E.9 Transmission Facilities for the Thomas Creek Battery Energy Storage System Center in Nassau County The work required to connect the approximate 74.5 MW (nameplate, AC) Thomas Creek Battery Energy Storage System Center in Nassau County in the 3 rd Quarter of 2026 is projected to be: I. Extend the existing 34.5 kV bus at Thomas Substation to connect the BESS. Add relays and other protective equipment. Breaker replacements: None II. No additional transmission work is required.",2026-09-26T16:50:05+00:00,2026-09-26T20:29:57+00:00,yes
7f30ca6e31ba5a896597,Florida Power & Light,Lemur Substation,New transmission line,NA,NA,NA,NA,NA,none,Solar Energy Center will require bifurcating the FPL Sunbreak,Glint,230,0,Manatee County; DeSoto County; Indian River County,NA,NA,2026,0,NA,Solar Energy Center will require bifurcating the FPL Sunbreak; Glint; Manatee County; DeSoto County; Indian River County; Lemur Substation Florida Power; Stallion Substation,FPL - Ten-Year Site Plan,https://www.fpl.com/content/dam/fplgp/us/en/about/pdf/ten-year-site-plan.pdf,Florida Power & Light Company 357 Page 43 of 84 Schedule 10 Status Report and Specifications of Proposed Transmission Lines Myakka Solar Energy Center (Manatee County) (1) Point of Origin and Termination: Lemur Substation (2) Number of Lines: 1 (3) Right-of-way FPL - Owned (4) Line Length: 0.0 miles (5) Voltage: 230 kV (6) Anticipated Construction Timing: Start date: 2027 End date: 2027 (7) Anticipated Capital Investment: Included in total installed cost on Schedule 9 (Trans. and Sub.) (8) Substations: Lemur Substation (9) Participation with Other Utilities: None line approximately 0.0 miles to connect the solar PV inv erter array. The Mayakka Solar Energy Center will require extending the transmission bus at Lemur Substation Florida Power & Light Company 358 Page 44 of 84 Schedule 10 Status Report and Specifications of Proposed Transmission Lines Joshua Creek Solar Energy Center (DeSoto County) (1) Point of Origin and Termination: Stallion Substation (2) Number of Lines: 1 (3) Right-of-way FPL - Owned (4) Line Length: 0.0 miles (5) Voltage: 230 kV (6) Anticipated Construction Timing: Start date: 2026 End date: 2027 (7) Anticipated Capital Investment: Included in total installed cost on Schedule 9 (Trans. and Sub.) (8) Substations: Stallion Substation (9) Participation with Other Utilities: None (9) Participation with Other Utilities: None The Joshua Creek Solar Energy Center will require extending a transmission bus at Stallion Substation approximately 0.0 miles to connect the solar PV inv erter array. Florida Power & Light Company 359 Page 45 of 84 Schedule 10 Status Report and Specifications of Proposed Transmission Lines Vernia Solar Energy Center (Indian River County) (1) Point of Origin and Termination: Vernia (2) Number of Lines: 1 (3) Right-of-way FPL - Owned (4,2026-09-26T16:50:05+00:00,2026-09-26T20:29:57+00:00,yes
62e551d3aabdacab2552,Florida Power & Light,Liberty Substation,New transmission line,NA,NA,NA,NA,NA,none,Liberty,Center will require extending the transmission bus at Liberty,500,0,St. Lucie County; Hendry County; Madison County,NA,NA,2026,0,NA,Liberty; Center will require extending the transmission bus at Liberty; St. Lucie County; Hendry County; Madison County; Liberty Substation Florida Power; Ghost Substation,FPL - Ten-Year Site Plan,https://www.fpl.com/content/dam/fplgp/us/en/about/pdf/ten-year-site-plan.pdf,Florida Power & Light Company 334 Page 20 of 84 Schedule 10 Status Report and Specifications of Proposed Transmission Lines Wood Stork Solar Energy Center (St. Lucie County) (1) Point of Origin and Termination: Liberty Substation (2) Number of Lines: 1 (3) Right-of-way FPL - Owned (4) Line Length: 0 miles (5) Voltage: 230 kV (6) Anticipated Construction Timing: Start date: 2026 End date: 2027 (7) Anticipated Capital Investment: Included in total installed cost on Schedule 9 (Trans. and Sub.) (8) Substations: Liberty Substation (9) Participation with Other Utilities: None approximately 0.0 miles to connect the solar PV inv erter array. The Wood Stork Solar Energy Center will require extending the transmission bus at Liberty Substation Florida Power & Light Company 335 Page 21 of 84 Schedule 10 Status Report and Specifications of Proposed Transmission Lines Hendry Solar Energy Center (Hendry County) (1) Point of Origin and Termination: Ghost Substation (2) Number of Lines: 0 (3) Right-of-way FPL - Owned (4) Line Length: 0 miles (5) Voltage: 500 kV (6) Anticipated Construction Timing: Start date: 2026 End date: 2027 (7) Anticipated Capital Investment: Included in total installed cost on Schedule 9 (Trans. and Sub.) (8) Substations: Ghost Substation (9) Participation with Other Utilities: None The Hendry Solar Energy Center will require extending the transmission bus at Ghost Substation approximately 0.0 miles to connect the solar PV inv erter array. Florida Power & Light Company 336 Page 22 of 84 Schedule 10 Status Report and Specifications of Proposed Transmission Lines Middle Lake Solar Energy Center (Madison County) (1) Point of Origin and Termination: Sound Substation (2) Number of Lines: 1 (3) Right-of-way FPL - Owned (4) Line Length: 0 miles (5) Voltage: 161 kV (6) A,2026-09-26T16:50:05+00:00,2026-09-26T20:29:57+00:00,yes
7f22a697c031d9a0a00c,Florida Power & Light,Liberty Substation,New transmission line,NA,NA,NA,NA,NA,none,Liberty,Center will require extending the transmission bus at Liberty,500,0,Hendry County; Madison County; St. Lucie County,NA,NA,2026,0,NA,Liberty; Center will require extending the transmission bus at Liberty; Hendry County; Madison County; St. Lucie County; Liberty Substation Florida Power; Ghost Substation; Apricot Substation,FPL - Ten-Year Site Plan,https://www.fpl.com/content/dam/fplgp/us/en/about/pdf/ten-year-site-plan.pdf,and Sub.) (8) Substations: Liberty Substation (9) Participation with Other Utilities: None approximately 0.0 miles to connect the solar PV inv erter array. The Wood Stork Solar Energy Center will require extending the transmission bus at Liberty Substation Florida Power & Light Company 335 Page 21 of 84 Schedule 10 Status Report and Specifications of Proposed Transmission Lines Hendry Solar Energy Center (Hendry County) (1) Point of Origin and Termination: Ghost Substation (2) Number of Lines: 0 (3) Right-of-way FPL - Owned (4) Line Length: 0 miles (5) Voltage: 500 kV (6) Anticipated Construction Timing: Start date: 2026 End date: 2027 (7) Anticipated Capital Investment: Included in total installed cost on Schedule 9 (Trans. and Sub.) (8) Substations: Ghost Substation (9) Participation with Other Utilities: None The Hendry Solar Energy Center will require extending the transmission bus at Ghost Substation approximately 0.0 miles to connect the solar PV inv erter array. Florida Power & Light Company 336 Page 22 of 84 Schedule 10 Status Report and Specifications of Proposed Transmission Lines Middle Lake Solar Energy Center (Madison County) (1) Point of Origin and Termination: Sound Substation (2) Number of Lines: 1 (3) Right-of-way FPL - Owned (4) Line Length: 0 miles (5) Voltage: 161 kV (6) Anticipated Construction Timing: Start date: 2026 End date: 2027 (7) Anticipated Capital Investment: Included in total installed cost on Schedule 9 (Trans. and Sub.) (8) Substations: Sound Substation (9) Participation with Other Utilities: None The Middle Lake Solar Energy Center will require extending the transmission bus at future Bandit Substation approximately 0.0 miles to a new Sound substation and connect the solar PV inv erter array. Florida Power & Light Company 337 Page 23 o,2026-09-26T16:50:05+00:00,2026-09-26T20:29:57+00:00,yes
58955be7398155cdca3e,Florida Power & Light,Loop the adjacent Sunbreak - Morrow 230 kV into Muscadine substation,New transmission line,NA,NA,NA,NA,NA,none,Loop the adjacent Sunbreak,Morrow,230,0,Transmission Facilities for the North Orange Solar Energy Center in St. Lucie County; North Orange Solar Energy Center in St. Lucie County,NA,NA,2026,0,NA,Loop the adjacent Sunbreak; Morrow; Transmission Facilities for the North Orange Solar Energy Center in St. Lucie County; North Orange Solar Energy Center in St. Lucie County; St. Lucie County; Apricot,FPL - Ten-Year Site Plan,https://www.fpl.com/content/dam/fplgp/us/en/about/pdf/ten-year-site-plan.pdf,"Breaker replacements: None II.Transmission: 1. Loop the adjacent Sunbreak - Morrow 230 kV into Muscadine substation. No additional upgrades are expected to be necessary at this time. Florida Power & Light Company 99 III.E.3 Transmission Facilities for the North Orange Solar Energy Center in St. Lucie County The work required to connect the approximate 74.5 MW (nameplate, AC) North Orange Solar Energy Center in St. Lucie County in the 2 nd Quarter of 2026 is projected to be: I.Substation: 1. Construct a new single bus, two (2) breaker 230 kV substation (Apricot) on the project site, adjacent to the new Sunbreak - Muscadine 230 kV line. Add one 230/34.5 kV main step-up transformer (85 MVA) with a 230 kV breaker to connect PV inverter array at Apricot substation.",2026-09-26T16:50:05+00:00,2026-09-26T20:29:57+00:00,yes
3180994642b6feaefd0a,Florida Power & Light,Loop the adjacent Sunbreak - Muscadine 230 kV into Apricot substation,New transmission line,NA,NA,NA,NA,NA,none,Loop the adjacent Sunbreak,Muscadine,230,0,Transmission Facilities for the Sand Pine Solar Energy Center in Calhoun County; Sand Pine Solar Energy Center in Calhoun County,NA,NA,2026,0,NA,Loop the adjacent Sunbreak; Muscadine; Transmission Facilities for the Sand Pine Solar Energy Center in Calhoun County; Sand Pine Solar Energy Center in Calhoun County; Calhoun County; Quincy; Chinkapin,FPL - Ten-Year Site Plan,https://www.fpl.com/content/dam/fplgp/us/en/about/pdf/ten-year-site-plan.pdf,"Breaker replacements: None II.Transmission: 1. Loop the adjacent Sunbreak - Muscadine 230 kV into Apricot substation. No additional upgrades are expected to be necessary at this time. Florida Power & Light Company 100 III.E.4 Transmission Facilities for the Sand Pine Solar Energy Center in Calhoun County The work required to connect the approximate 74.5 MW (nameplate, AC) Sand Pine Solar Energy Center in Calhoun County in the 2nd Quarter of 2026 is projected to be: I.Substation: 1. Extend 230 kV bus at Quincy substation to a new substation (Chinkapin) and interconnect the 230/34.5kV transformer through a 230kV breaker. Construct 34.5 kV bus to connect the PV array to Chinkapin 230 kV Substation. Add relays and other protective equipment. Breaker replacements: None.",2026-09-26T16:50:05+00:00,2026-09-26T20:29:57+00:00,yes
3c476842b50ffd23446b,Florida Power & Light,Maple Substation,New transmission line,NA,NA,NA,NA,NA,none,Maple,Center will require extending the transmission bus at Deodar,230,0,Baker County; St. Lucie County; Martin County,NA,NA,2026,0,NA,Maple; Center will require extending the transmission bus at Deodar; Baker County; St. Lucie County; Martin County; Deodar Substation; Estuary Substation Florida Power,FPL - Ten-Year Site Plan,https://www.fpl.com/content/dam/fplgp/us/en/about/pdf/ten-year-site-plan.pdf,Florida Power & Light Company 347 Page 33 of 84 Schedule 10 Status Report and Specifications of Proposed Transmission Lines Maple Trail Solar Energy Center (Baker County) (1) Point of Origin and Termination: Maple Substation (2) Number of Lines: 1 (3) Right-of-way FPL - Owned (4) Line Length: 0 miles (5) Voltage: 230 kV (6) Anticipated Construction Timing: Start date: 2026 End date: 2027 (7) Anticipated Capital Investment: Included in total installed cost on Schedule 9 (Trans. and Sub.) (8) Substations: Maple Substation (9) Participation with Other Utilities: None The Maple Trail Solar Energy Center will require extending the transmission bus at Deodar Substation approximately 0.0 miles to connect a new Maple substation and connect the solar PV inv erter array. Florida Power & Light Company 348 Page 34 of 84 Schedule 10 Status Report and Specifications of Proposed Transmission Lines Maple Trail Battery Energy Storage System Center (Baker County) (1) Point of Origin and Termination: Deodar Substation (2) Number of Lines: 1 (3) Right-of-way FPL - Owned (4) Line Length: 0 miles (5) Voltage: 230 kV (6) Anticipated Construction Timing: Start date: 2026 End date: 2027 (7) Anticipated Capital Investment: Included in total installed cost on Schedule 9 (Trans. and Sub.) (8) Substations: Deodar Substation (9) Participation with Other Utilities: None The Maple Trail Battery Energy Storage Center will be connected to the transmission bus at Deodar Substation approximately 0.0 miles to connect the BESS. Florida Power & Light Company 349 Page 35 of 84 Schedule 10 Status Report and Specifications of Proposed Transmission Lines Indrio Battery Energy Storage System Center (St. Lucie County) (1) Point of Origin and Termination: Estuary Substation (2) Number of Lines: 1 (3) Right-of-way F,2026-09-26T16:50:05+00:00,2026-09-26T20:29:57+00:00,yes
eff6194aa2edbecdd7a0,Florida Power & Light,Medieval Substation,New transmission line,NA,NA,NA,NA,NA,none,Medieval,Center will require extending the transmission bus at Notts,230,0,Status Report and Specifications of Proposed Transmission Lines County; DeSoto County; None The County; Hendry County; Charlotte County,NA,NA,2026,0,NA,Medieval; Center will require extending the transmission bus at Notts; Status Report and Specifications of Proposed Transmission Lines County; DeSoto County; None The County; Hendry County; Charlotte County; Notts Substation; Ponna Substation; Swamp Substation,FPL - Ten-Year Site Plan,https://www.fpl.com/content/dam/fplgp/us/en/about/pdf/ten-year-site-plan.pdf,Florida Power & Light Company 338 Page 24 of 84 Schedule 10 Status Report and Specifications of Proposed Transmission Lines County Line Solar Energy Center (DeSoto County) (1) Point of Origin and Termination: Medieval Substation (2) Number of Lines: 1 (3) Right-of-way FPL - Owned (4) Line Length: 0 miles (5) Voltage: 230 kV (6) Anticipated Construction Timing: Start date: 2026 End date: 2027 (7) Anticipated Capital Investment: Included in total installed cost on Schedule 9 (Trans. and Sub.) (8) Substations: Medieval Substation (9) Participation with Other Utilities: None The County Line Solar Energy Center will require extending the transmission bus at Notts Substation approximately 0.0 miles to connect a new Mediev al substation and connect the solar PV inv erter array. Florida Power & Light Company 339 Page 25 of 84 Schedule 10 Status Report and Specifications of Proposed Transmission Lines Saddle Solar Energy Center (DeSoto County) (1) Point of Origin and Termination: Cheriot Substation (2) Number of Lines: 1 (3) Right-of-way FPL - Owned (4) Line Length: 0 miles (5) Voltage: 230 kV (6) Anticipated Construction Timing: Start date: 2026 End date: 2027 (7) Anticipated Capital Investment: Included in total installed cost on Schedule 9 (Trans. and Sub.) (8) Substations: Pignut Substation (9) Participation with Other Utilities: None The Saddle Solar Energy Center will require extending the transmission bus at Ponna Substation approximately 0.0 miles to a new Cheriot substation and connect the solar PV inv erter array. Florida Power & Light Company 340 Page 26 of 84 Schedule 10 Status Report and Specifications of Proposed Transmission Lines Swamp Cabbage Battery Energy Storage System Center (Hendry County) (1) Point of Origin and Termination: Swamp Substation (2) Number of,2026-09-26T16:50:05+00:00,2026-09-26T20:29:57+00:00,yes
7fa1777d0b2da2d1fb64,Florida Power & Light,Medieval Substation,New transmission line,NA,NA,NA,NA,NA,none,Medieval,Center will require extending the transmission bus at Notts,230,0,None The County; DeSoto County; Hendry County; Charlotte County,NA,NA,2026,0,NA,Medieval; Center will require extending the transmission bus at Notts; None The County; DeSoto County; Hendry County; Charlotte County; Notts Substation; Ponna Substation; Swamp Substation; Zoysia Substation Florida Power,FPL - Ten-Year Site Plan,https://www.fpl.com/content/dam/fplgp/us/en/about/pdf/ten-year-site-plan.pdf,and Sub.) (8) Substations: Medieval Substation (9) Participation with Other Utilities: None The County Line Solar Energy Center will require extending the transmission bus at Notts Substation approximately 0.0 miles to connect a new Mediev al substation and connect the solar PV inv erter array. Florida Power & Light Company 339 Page 25 of 84 Schedule 10 Status Report and Specifications of Proposed Transmission Lines Saddle Solar Energy Center (DeSoto County) (1) Point of Origin and Termination: Cheriot Substation (2) Number of Lines: 1 (3) Right-of-way FPL - Owned (4) Line Length: 0 miles (5) Voltage: 230 kV (6) Anticipated Construction Timing: Start date: 2026 End date: 2027 (7) Anticipated Capital Investment: Included in total installed cost on Schedule 9 (Trans. and Sub.) (8) Substations: Pignut Substation (9) Participation with Other Utilities: None The Saddle Solar Energy Center will require extending the transmission bus at Ponna Substation approximately 0.0 miles to a new Cheriot substation and connect the solar PV inv erter array. Florida Power & Light Company 340 Page 26 of 84 Schedule 10 Status Report and Specifications of Proposed Transmission Lines Swamp Cabbage Battery Energy Storage System Center (Hendry County) (1) Point of Origin and Termination: Swamp Substation (2) Number of Lines: 1 (3) Right-of-way FPL - Owned (4) Line Length: 0 miles (5) Voltage: 230 kV (6) Anticipated Construction Timing: Start date: 2026 End date: 2027 (7) Anticipated Capital Investment: Included in total installed cost on Schedule 9 (Trans. and Sub.) (8) Substations: Swamp Substation (9) Participation with Other Utilities: None The Swamp Cabbage Battery Energy Storage Center will be connected to the transmission bus at Swamp Substation approximately 0.0 miles to connect the BESS.,2026-09-26T16:50:05+00:00,2026-09-26T20:29:57+00:00,yes
26c8eb82063200eb3126,Florida Power & Light,Mulberry Substation,New transmission line,NA,NA,NA,NA,NA,none,Mulberry,Center will require extending the transmission bus at Witt,230,0,Hendry County; Calhoun County; Manatee County; DeSoto County,NA,NA,2026,0,NA,Mulberry; Center will require extending the transmission bus at Witt; Hendry County; Calhoun County; Manatee County; DeSoto County; Witt Substation; Chinkapin Substation; Lemur Substation Florida Power,FPL - Ten-Year Site Plan,https://www.fpl.com/content/dam/fplgp/us/en/about/pdf/ten-year-site-plan.pdf,Florida Power & Light Company 355 Page 41 of 84 Schedule 10 Status Report and Specifications of Proposed Transmission Lines Cocoplum Solar Energy Center (Hendry County) (1) Point of Origin and Termination: Mulberry Substation (2) Number of Lines: 1 (3) Right-of-way FPL - Owned (4) Line Length: 0 miles (5) Voltage: 230 kV (6) Anticipated Construction Timing: Start date: 2026 End date: 2027 (7) Anticipated Capital Investment: Included in total installed cost on Schedule 9 (Trans. and Sub.) (8) Substations: Mulberry Substation (9) Participation with Other Utilities: None The Cocoplum Solar Energy Center will require extending the transmission bus at Witt Substation approximately 0.0 miles to connect a new Mulberry substation and connect the solar PV inv erter array. Florida Power & Light Company 356 Page 42 of 84 Schedule 10 Status Report and Specifications of Proposed Transmission Lines Pinecone Solar Energy Center (Calhoun County) (1) Point of Origin and Termination: Chinkapin Substation (2) Number of Lines: 1 (3) Right-of-way FPL - Owned (4) Line Length: 0 miles (5) Voltage: 230 kV (6) Anticipated Construction Timing: Start date: 2026 End date: 2027 (7) Anticipated Capital Investment: Included in total installed cost on Schedule 9 (Trans. and Sub.) (8) Substations: Chinkapin Substation (9) Participation with Other Utilities: None (9) Participation with Other Utilities: None The Pinecone Solar Energy Center will require extending the transmission bus at Chinkapin Substation approximately 0.0 miles to connect the solar PV inv erter array. Florida Power & Light Company 357 Page 43 of 84 Schedule 10 Status Report and Specifications of Proposed Transmission Lines Myakka Solar Energy Center (Manatee County) (1) Point of Origin and Termination: Lemur Substation (2) Number of L,2026-09-26T16:50:05+00:00,2026-09-26T20:29:57+00:00,yes
ce3ede010e0b1afb3a22,Florida Power & Light,Muscadine Substation,New transmission line,NA,NA,NA,NA,NA,none,Energy Center will require bifurcating the new FPL Sunbreak,Morrow,230,0,St. Lucie County; Calhoun County,NA,NA,2026,0,NA,Energy Center will require bifurcating the new FPL Sunbreak; Morrow; St. Lucie County; Calhoun County; Quincy Substation; Song Substation,FPL - Ten-Year Site Plan,https://www.fpl.com/content/dam/fplgp/us/en/about/pdf/ten-year-site-plan.pdf,and Sub.) (8) Substations: Muscadine Substation (9) Participation with Other Utilities: None The Sea Grape Solar Energy Center will require bifurcating the new FPL Sunbreak - Morrow 230 kV transmission line approximately 0.0 miles to connect a new Muscadine substation and connect the solar PV inv erter array. Florida Power & Light Company 317 Page 3 of 84 Schedule 10 Status Report and Specifications of Proposed Transmission Lines North Orange Solar Energy Center (St. Lucie County) (1) Point of Origin and Termination: Sunbreak - Morrow 230 kV transmission line to new Apricot Substation (2) Number of Lines: 1 (3) Right-of-way FPL - Owned (4) Line Length: 0 miles (5) Voltage: 230 kV (6) Anticipated Construction Timing: Start date: 2025 End date: 2026 (7) Anticipated Capital Investment: Included in total installed cost on Schedule 9 (Trans. and Sub.) (8) Substations: Apricot Substation (9) Participation with Other Utilities: None The North Orange Solar Energy Center will require bifurcating the new FPL Sunbreak - Morrow 230 kV transmission line approximately 0.0 miles to connect a new Apricot substation and connect the solar PV inv erter array. Florida Power & Light Company 318 Page 4 of 84 Schedule 10 Status Report and Specifications of Proposed Transmission Lines Sand Pine Solar Energy Center (Calhoun County) (1) Point of Origin and Termination: Quincy Substation (2) Number of Lines: 1 (3) Right-of-way FPL - Owned (4) Line Length: 0 miles (5) Voltage: 230 kV (6) Anticipated Construction Timing: Start date: 2025 End date: 2026 (7) Anticipated Capital Investment: Included in total installed cost on Schedule 9 (Trans. and Sub.) (8) Substations: Chinkapin Substation (9) Participation with Other Utilities: None The Sand Pine Solar Energy Center will require extending the trans,2026-09-26T16:50:05+00:00,2026-09-26T20:29:57+00:00,yes
5d302a9509b97e75780f,Florida Power & Light,Muscadine Substation,New transmission line,NA,NA,NA,NA,NA,none,Muscadine,Center will be connected to the transmission bus at Muscadine,230,0,St. Lucie County; Martin County,NA,NA,2026,0,NA,Muscadine; Center will be connected to the transmission bus at Muscadine; St. Lucie County; Martin County; Muscadine Substation; Strawberry Substation; Fawn Substation,FPL - Ten-Year Site Plan,https://www.fpl.com/content/dam/fplgp/us/en/about/pdf/ten-year-site-plan.pdf,Florida Power & Light Company 329 Page 15 of 84 Schedule 10 Status Report and Specifications of Proposed Transmission Lines Sea Grape Battery Energy Storage System Center (St. Lucie County) (1) Point of Origin and Termination: Muscadine Substation (2) Number of Lines: 1 (3) Right-of-way FPL - Owned (4) Line Length: 0 miles (5) Voltage: 230 kV (6) Anticipated Construction Timing: Start date: 2025 End date: 2026 (7) Anticipated Capital Investment: Included in total installed cost on Schedule 9 (Trans. and Sub.) (8) Substations: Muscadine Substation (9) Participation with Other Utilities: None The Sea Grape Battery Energy Storage System Center will be connected to the transmission bus at Muscadine Substation approximately 0.0 miles to connect the BESS. Florida Power & Light Company 330 Page 16 of 84 Schedule 10 Status Report and Specifications of Proposed Transmission Lines White Tail Battery Energy Storage System Center (Martin County) (1) Point of Origin and Termination: Strawberry Substation (2) Number of Lines: 1 (3) Right-of-way FPL - Owned (4) Line Length: 0 miles (5) Voltage: 230 kV (6) Anticipated Construction Timing: Start date: 2025 End date: 2026 (7) Anticipated Capital Investment: Included in total installed cost on Schedule 9 (Trans. and Sub.) (8) Substations: Strawberry Substation (9) Participation with Other Utilities: None The White Tail Battery Energy Storage System Center will be connected to the transmission bus at Strawberry Substation approximately 0.0 miles to connect the BESS. Florida Power & Light Company 331 Page 17 of 84 Schedule 10 Status Report and Specifications of Proposed Transmission Lines Fawn Battery Energy Storage System Center (Martin County) (1) Point of Origin and Termination: Fawn Substation (2) Number of Lines: 1 (3) Right-of-way FPL,2026-09-26T16:50:05+00:00,2026-09-26T20:29:57+00:00,yes
a4885884fd58ca1cbd9d,Florida Power & Light,Muscadine Substation,New transmission line,NA,NA,NA,NA,NA,none,Sunbreak,Heritage,230,0,Lucie County; Martin County; St. Lucie County,NA,NA,2026,0,NA,Sunbreak; Heritage; Lucie County; Martin County; St. Lucie County; Muscadine Substation; Strawberry Substation; Fawn Substation,FPL - Ten-Year Site Plan,https://www.fpl.com/content/dam/fplgp/us/en/about/pdf/ten-year-site-plan.pdf,Lucie County) (1) Point of Origin and Termination: Muscadine Substation (2) Number of Lines: 1 (3) Right-of-way FPL - Owned (4) Line Length: 0 miles (5) Voltage: 230 kV (6) Anticipated Construction Timing: Start date: 2025 End date: 2026 (7) Anticipated Capital Investment: Included in total installed cost on Schedule 9 (Trans. and Sub.) (8) Substations: Muscadine Substation (9) Participation with Other Utilities: None The Sea Grape Battery Energy Storage System Center will be connected to the transmission bus at Muscadine Substation approximately 0.0 miles to connect the BESS. Florida Power & Light Company 330 Page 16 of 84 Schedule 10 Status Report and Specifications of Proposed Transmission Lines White Tail Battery Energy Storage System Center (Martin County) (1) Point of Origin and Termination: Strawberry Substation (2) Number of Lines: 1 (3) Right-of-way FPL - Owned (4) Line Length: 0 miles (5) Voltage: 230 kV (6) Anticipated Construction Timing: Start date: 2025 End date: 2026 (7) Anticipated Capital Investment: Included in total installed cost on Schedule 9 (Trans. and Sub.) (8) Substations: Strawberry Substation (9) Participation with Other Utilities: None The White Tail Battery Energy Storage System Center will be connected to the transmission bus at Strawberry Substation approximately 0.0 miles to connect the BESS. Florida Power & Light Company 331 Page 17 of 84 Schedule 10 Status Report and Specifications of Proposed Transmission Lines Fawn Battery Energy Storage System Center (Martin County) (1) Point of Origin and Termination: Fawn Substation (2) Number of Lines: 1 (3) Right-of-way FPL - Owned (4) Line Length: 0 miles (5) Voltage: 230 kV (6) Anticipated Construction Timing: Start date: 2025 End date: 2026 (7) Anticipated Capital Investment: Included in total,2026-09-26T16:50:05+00:00,2026-09-26T20:29:57+00:00,yes
2be9a9affb4c1f5197c0,Florida Power & Light,None II. Construct approximately 0.26 miles string bus from Lansing Smith switchyard,New transmission line,NA,NA,NA,NA,NA,none,breakers at Putnam switchyard. Add one 115/34.5 kV main step,up transformer (225 MVA) with a,230,0.26,Transmission Facilities for the Putnam Battery Energy Storage System Center in Putnam County; Putnam Battery Energy Storage System Center in Putnam County,NA,NA,2026,0,NA,breakers at Putnam switchyard. Add one 115/34.5 kV main step; up transformer (225 MVA) with a; Transmission Facilities for the Putnam Battery Energy Storage System Center in Putnam County; Putnam Battery Energy Storage System Center in Putnam County; Lansing Smith; Parakeet; Putnam County; Putnam; Putnam BESS,FPL - Ten-Year Site Plan,https://www.fpl.com/content/dam/fplgp/us/en/about/pdf/ten-year-site-plan.pdf,"Breaker replacements: None II. Construct approximately 0.26 miles string bus from Lansing Smith switchyard 230 kV to Parakeet substation. No upgrades are expected to be necessary at this time. Florida Power & Light Company 109 III.E.13 Transmission Facilities for the Putnam Battery Energy Storage System Center in Putnam County The work required to connect the approximate 200 MW (nameplate, AC) Putnam Battery Energy Storage System Center in Putnam County in the 4th Quarter of 2026 is projected to be: I. Construct a new 230/34.5 kV substation (Putnam BESS U1) on the project site. Add one 115 kV line terminal at Putnam switchyard for string bus to Putnam BESS U1 substation (approximately 0.3 miles). Add two 115kV breakers at Putnam switchyard. Add one 115/34.5 kV main step-up transformer (225 MVA) with a 115 kV breaker at Putnam BESS U1 substation to connect the BESS.",2026-09-26T16:50:05+00:00,2026-09-26T20:29:57+00:00,yes
4fb40ae04b52714b9511,Florida Power & Light,None II. Construct approximately 0.3 miles string bus from Putnam switchyard,New transmission line,"{""type"":""Point"",""coordinates"":[-81.5863760825382,29.6282927468]}","29.628293, -81.586376",NA,hifld_substation_point,https://services1.arcgis.com/CD5mKowwN6nIaqd8/ArcGIS/rest/services/project_renewable_us_substations_2022/FeatureServer/10 | matched: PUTNAM,medium,II. Construct approximately 0.3 miles string bus from Putnam,kV to Putnam BESS U1,115,0.3,Transmission Facilities for the Clover Battery Energy Storage System Center in St. Lucie County; Clover Battery Energy Storage System Center in St. Lucie County,NA,NA,2026,0,NA,II. Construct approximately 0.3 miles string bus from Putnam; kV to Putnam BESS U1; Transmission Facilities for the Clover Battery Energy Storage System Center in St. Lucie County; Clover Battery Energy Storage System Center in St. Lucie County; Putnam; Putnam BESS; St. Lucie County; Clover Substation,FPL - Ten-Year Site Plan,https://www.fpl.com/content/dam/fplgp/us/en/about/pdf/ten-year-site-plan.pdf,"Breaker replacements: None II. Construct approximately 0.3 miles string bus from Putnam switchyard 115 kV to Putnam BESS U1 substation. No upgrades are expected to be necessary at this time. Florida Power & Light Company 110 III.E.14 Transmission Facilities for the Clover Battery Energy Storage System Center in St. Lucie County The work required to connect the approximate 74.5 MW (nameplate, AC) Clover Battery Energy Storage System Center in St. Lucie County in the 4th Quarter of 2026 is projected to be: I. Extend the existing 34.5 kV bus at Clover Substation to connect the BESS. Add relays and other protective equipment.",2026-09-26T16:50:05+00:00,2026-09-26T20:29:57+00:00,yes
1565c934059471599212,Florida Power & Light,None The Vernia Solar Energy Center will require bifurcating the FPL Sunbreak - Glint 230 kV transmission line,New transmission line,NA,NA,NA,NA,NA,none,Solar Energy Center will require bifurcating the FPL Sunbreak,Glint,230,0,Indian River County; St. Lucie County,NA,NA,2026,0,NA,Solar Energy Center will require bifurcating the FPL Sunbreak; Glint; Indian River County; St. Lucie County; Vernia Substation Florida Power,FPL - Ten-Year Site Plan,https://www.fpl.com/content/dam/fplgp/us/en/about/pdf/ten-year-site-plan.pdf,Florida Power & Light Company 359 Page 45 of 84 Schedule 10 Status Report and Specifications of Proposed Transmission Lines Vernia Solar Energy Center (Indian River County) (1) Point of Origin and Termination: Vernia (2) Number of Lines: 1 (3) Right-of-way FPL - Owned (4) Line Length: 0 miles (5) Voltage: 230 kV (6) Anticipated Construction Timing: Start date: 2026 End date: 2027 (7) Anticipated Capital Investment: Included in total installed cost on Schedule 9 (Trans. and Sub.) (8) Substations: Vernia (9) Participation with Other Utilities: None The Vernia Solar Energy Center will require bifurcating the FPL Sunbreak - Glint 230 kV transmission line approximately 0.0 miles to connect a new Vernia substation and connect the solar PV inverter array. Florida Power & Light Company 360 Page 46 of 84 Schedule 10 Status Report and Specifications of Proposed Transmission Lines Ambersweet Solar Energy Center (Indian River County) (1) Point of Origin and Termination: Ambersweet Substation (2) Number of Lines: 1 (3) Right-of-way FPL - Owned (4) Line Length: 0 miles (5) Voltage: 230 kV (6) Anticipated Construction Timing: Start date: 2027 End date: 2028 (7) Anticipated Capital Investment: Included in total installed cost on Schedule 9 (Trans. and Sub.) (8) Substations: Ambersweet Substation (9) Participation with Other Utilities: None line approximately 0.0 miles to connect the solar PV inverter array. The Ambersweet Solar Energy Center will require extending the transmission bus at Vernia Substation Florida Power & Light Company 361 Page 47 of 84 Schedule 10 Status Report and Specifications of Proposed Transmission Lines Waveland Solar Energy Center (St. Lucie County) (1) Point of Origin and Termination: Waveland Substation (2) Number of Lines: 1 (3) Right-of-way FPL - Owned (4),2026-09-26T16:50:05+00:00,2026-09-26T20:29:57+00:00,yes
3f9f27f564e570e1fab0,Florida Power & Light,One 230kV transmission line,New transmission line,NA,NA,NA,NA,NA,none,s planned Oasis,to the existing Quarry,500,0,NA,NA,NA,2026,0,NA,s planned Oasis; to the existing Quarry; FPL; May; Care To Share,FPL - Transmission Projects,https://www.fpl.com/reliability/andytown-oasis-project.html,"One 230kV transmission line from FPL’s planned Oasis substation to the existing Quarry substation. FPL evaluated various potential routes for the new transmission line corridor, some of which include existing rights-of-ways, and identified a preliminary preferred corridor. FPL is committed to keeping the community informed throughout the process and we will provide additional information as the project progresses. FPL has filed an application under the Florida’s Electric Transmission Line Siting Act. FPL will work safely and respectfully and abide by applicable environmental and governmental regulations. FPL plans to complete the projects in 2033. Project Timeline Early 2026: Public Engagement and Input 2026-2028: Design and Permitting Early 2029: Start Construction Late 2033: Project Completion Construction Process Construction consists of right-of-way clearing, access road construction (where necessary), line construction and restoration Structures are generally delivered using semi-trucks and trailers Vegetation management is conducted according to approved standards Equipment used for construction typically includes trucks, trailers, cranes, auger diggers and other support vehicles Permitting FPL will abide by applicable regulations After review of various factors and constraints, FPL identified multiple routes and a preliminary preferred corridor for the proposed transmission lines The project will be licensed through the Transmission Line Siting Act (TSLA) administered by the Florida Department of Environmental Protection: ○ Streamlines all State and local agency permitting approvals into a single process ○ Allows for feedback from agencies and the public on the Preferred Corridor ○ Application filed in May 2026. Additional federal permits will be obtained after t",2026-09-26T16:50:05+00:00,2026-09-26T20:29:57+00:00,yes
245861999937a733d152,Florida Power & Light,One 500kV transmission line,New transmission line,"{""type"":""Point"",""coordinates"":[-80.4398011822507,26.0355415571303]}","26.035542, -80.439801",NA,hifld_substation_point,https://services1.arcgis.com/CD5mKowwN6nIaqd8/ArcGIS/rest/services/project_renewable_us_substations_2022/FeatureServer/10 | matched: ANDYTOWN,medium,s existing Andytown,to the planned Oasis,500,0,Broward to Miami-Dade County,NA,NA,2026,0,NA,s existing Andytown; to the planned Oasis; Broward to Miami-Dade County; Broward; FPL,FPL - Transmission Projects,https://www.fpl.com/reliability/andytown-oasis-project.html,"FPL OR FPL Northwest FL CONTINUE Andytown-Oasis Project Delivering reliable energy for today and tomorrow. FPL is committed to delivering reliable service to our customers and properly planning for anticipated growth throughout the state. To do so, the company continues to invest in our energy grid. FPL is proposing to construct four new transmission lines extending approximately 30-miles from Broward to Miami-Dade County. The proposed transmission lines would maintain system reliability for our customers and support growth in the area. Over the next eight years, from 2026 to 2033, we anticipate an increase of approximately 220,000 new customers and/or approximately 11% increase in load in the Miami-Dade Area. Quick Facts The Andytown-Oasis project includes four transmission lines: One 500kV transmission line from FPL’s existing Andytown substation to the planned Oasis substation. One 500kV transmission line from FPL’s existing Quarry substation to the planned Oasis substation.",2026-09-26T16:50:05+00:00,2026-09-26T20:29:57+00:00,yes
81b3ac5b9039b79d6708,Florida Power & Light,One 500kV transmission line,New transmission line,"{""type"":""Point"",""coordinates"":[-80.4398011822507,26.0355415571303]}","26.035542, -80.439801",NA,hifld_substation_point,https://services1.arcgis.com/CD5mKowwN6nIaqd8/ArcGIS/rest/services/project_renewable_us_substations_2022/FeatureServer/10 | matched: ANDYTOWN,medium,s existing Andytown,to the planned Oasis,500,0,Broward to Miami-Dade County,NA,NA,2026,0,NA,s existing Andytown; to the planned Oasis; Broward to Miami-Dade County; Broward; FPL,FPL - Transmission Projects,https://www.fpl.com/reliability/andytown-oasis-project.html,"FPL is committed to delivering reliable service to our customers and properly planning for anticipated growth throughout the state. To do so, the company continues to invest in our energy grid. FPL is proposing to construct four new transmission lines extending approximately 30-miles from Broward to Miami-Dade County. The proposed transmission lines would maintain system reliability for our customers and support growth in the area. Over the next eight years, from 2026 to 2033, we anticipate an increase of approximately 220,000 new customers and/or approximately 11% increase in load in the Miami-Dade Area. Quick Facts The Andytown-Oasis project includes four transmission lines: One 500kV transmission line from FPL’s existing Andytown substation to the planned Oasis substation. One 500kV transmission line from FPL’s existing Quarry substation to the planned Oasis substation. One 230kV transmission line from FPL’s planned Oasis substation to the existing Levee substation.",2026-09-26T16:50:05+00:00,2026-09-26T20:29:57+00:00,yes
ad0ffe99673c1acfb15a,Florida Power & Light,Parakeet substation,New transmission line,NA,NA,NA,NA,NA,none,Parakeet,will be connected to the transmission bus at Lansing Smith,230,0.26,Bay County; Putnam County; St. Lucie County,NA,NA,2026,0,NA,Parakeet; will be connected to the transmission bus at Lansing Smith; Bay County; Putnam County; St. Lucie County; Lansing Smith Switchyard; Putnam Switchyard; Clov,FPL - Ten-Year Site Plan,https://www.fpl.com/content/dam/fplgp/us/en/about/pdf/ten-year-site-plan.pdf,Florida Power & Light Company 326 Page 12 of 84 Schedule 10 Status Report and Specifications of Proposed Transmission Lines Lansing Smith Battery Energy Storage System Center (Bay County) (1) Point of Origin and Termination: Parakeet substation (2) Number of Lines: 1 (3) Right-of-way FPL - Owned (4) Line Length: 0.26 miles (5) Voltage: 230 kV (6) Anticipated Construction Timing: Start date: 2025 End date: 2026 (7) Anticipated Capital Investment: Included in total installed cost on Schedule 9 (Trans. and Sub.) (8) Substations: Parakeet substation (9) Participation with Other Utilities: None The Lansing Smith Battery Energy Storage System Center will be connected to the transmission bus at Lansing Smith Switchyard approximately 0.26 miles to a new Parakeet substation and connect the BESS system. Florida Power & Light Company 327 Page 13 of 84 Schedule 10 Status Report and Specifications of Proposed Transmission Lines Putnam Battery Energy Storage System Center (Putnam County) (1) Point of Origin and Termination: Putnam BESS U1 substation (2) Number of Lines: 1 (3) Right-of-way FPL - Owned (4) Line Length: 0.3 miles (5) Voltage: 115 kV (6) Anticipated Construction Timing: Start date: 2025 End date: 2026 (7) Anticipated Capital Investment: Included in total installed cost on Schedule 9 (Trans. and Sub.) (8) Substations: Putnam BESS U1 substation (9) Participation with Other Utilities: None (9) Participation with Other Utilities: None The Putnam Battery Energy Storage System Center will be connected to the transmission bus at Putnam Switchyard approximately 0.3 miles to a new Putnam BESS U1 substation and connect the BESS system. Florida Power & Light Company 328 Page 14 of 84 Schedule 10 Status Report and Specifications of Proposed Transmission Lines Clover Battery Energy S,2026-09-26T16:50:05+00:00,2026-09-26T20:29:57+00:00,yes
79f0937580972787ed4f,Florida Power & Light,Parakeet substation,New transmission line,NA,NA,NA,NA,NA,none,Parakeet,will be connected to the transmission bus at Lansing Smith,230,0.26,Putnam County; St. Lucie County,NA,NA,2026,0,NA,Parakeet; will be connected to the transmission bus at Lansing Smith; Putnam County; St. Lucie County; Lansing Smith Switchyard; Putnam Switchyard; Clov,FPL - Ten-Year Site Plan,https://www.fpl.com/content/dam/fplgp/us/en/about/pdf/ten-year-site-plan.pdf,and Sub.) (8) Substations: Parakeet substation (9) Participation with Other Utilities: None The Lansing Smith Battery Energy Storage System Center will be connected to the transmission bus at Lansing Smith Switchyard approximately 0.26 miles to a new Parakeet substation and connect the BESS system. Florida Power & Light Company 327 Page 13 of 84 Schedule 10 Status Report and Specifications of Proposed Transmission Lines Putnam Battery Energy Storage System Center (Putnam County) (1) Point of Origin and Termination: Putnam BESS U1 substation (2) Number of Lines: 1 (3) Right-of-way FPL - Owned (4) Line Length: 0.3 miles (5) Voltage: 115 kV (6) Anticipated Construction Timing: Start date: 2025 End date: 2026 (7) Anticipated Capital Investment: Included in total installed cost on Schedule 9 (Trans. and Sub.) (8) Substations: Putnam BESS U1 substation (9) Participation with Other Utilities: None (9) Participation with Other Utilities: None The Putnam Battery Energy Storage System Center will be connected to the transmission bus at Putnam Switchyard approximately 0.3 miles to a new Putnam BESS U1 substation and connect the BESS system. Florida Power & Light Company 328 Page 14 of 84 Schedule 10 Status Report and Specifications of Proposed Transmission Lines Clover Battery Energy Storage System Center (St. Lucie County) (1) Point of Origin and Termination: Clover Substation (2) Number of Lines: 1 (3) Right-of-way FPL - Owned (4) Line Length: 0 miles (5) Voltage: 230 kV (6) Anticipated Construction Timing: Start date: 2025 End date: 2026 (7) Anticipated Capital Investment: Included in total installed cost on Schedule 9 (Trans. and Sub.) (8) Substations: Clover Substation (9) Participation with Other Utilities: None The Clov er Battery Energy Storage System Center will be connec,2026-09-26T16:50:05+00:00,2026-09-26T20:29:57+00:00,yes
e4c06e565eb5a5acaa8b,Florida Power & Light,Pignut Substation,New transmission line,NA,NA,NA,NA,NA,none,Pignut,Center will require extending the transmission bus at Ponna,500,0,Hendry County; Charlotte County,NA,NA,2026,0,NA,Pignut; Center will require extending the transmission bus at Ponna; Hendry County; Charlotte County; Ponna Substation; Swamp Substation; Zoysia Substation Florida Power; Citron Substation,FPL - Ten-Year Site Plan,https://www.fpl.com/content/dam/fplgp/us/en/about/pdf/ten-year-site-plan.pdf,and Sub.) (8) Substations: Pignut Substation (9) Participation with Other Utilities: None The Saddle Solar Energy Center will require extending the transmission bus at Ponna Substation approximately 0.0 miles to a new Cheriot substation and connect the solar PV inv erter array. Florida Power & Light Company 340 Page 26 of 84 Schedule 10 Status Report and Specifications of Proposed Transmission Lines Swamp Cabbage Battery Energy Storage System Center (Hendry County) (1) Point of Origin and Termination: Swamp Substation (2) Number of Lines: 1 (3) Right-of-way FPL - Owned (4) Line Length: 0 miles (5) Voltage: 230 kV (6) Anticipated Construction Timing: Start date: 2026 End date: 2027 (7) Anticipated Capital Investment: Included in total installed cost on Schedule 9 (Trans. and Sub.) (8) Substations: Swamp Substation (9) Participation with Other Utilities: None The Swamp Cabbage Battery Energy Storage Center will be connected to the transmission bus at Swamp Substation approximately 0.0 miles to connect the BESS. Florida Power & Light Company 341 Page 27 of 84 Schedule 10 Status Report and Specifications of Proposed Transmission Lines Green Pasture Battery Energy Storage System Center (Charlotte County) (1) Point of Origin and Termination: Zoysia Substation (2) Number of Lines: 1 (3) Right-of-way FPL - Owned (4) Line Length: 0 miles (5) Voltage: 230 kV (6) Anticipated Construction Timing: Start date: 2026 End date: 2027 (7) Anticipated Capital Investment: Included in total installed cost on Schedule 9 (Trans. and Sub.) (8) Substations: Zoysia Substation (9) Participation with Other Utilities: None approximately 0.0 miles to connect the BESS. The Green Pasture Battery Energy Storage Center will be connected to the transmission bus at Zoysia Substation Florida Power & Light C,2026-09-26T16:50:05+00:00,2026-09-26T20:29:57+00:00,yes
d4ec112e7ca98f98937b,Florida Power & Light,Pignut Substation,New transmission line,NA,NA,NA,NA,NA,none,Pignut,Center will require extending the transmission bus at Quail,230,0,Baker County; St. Lucie County,NA,NA,2026,0,NA,Pignut; Center will require extending the transmission bus at Quail; Baker County; St. Lucie County; Quail Substation; Deodar Substation,FPL - Ten-Year Site Plan,https://www.fpl.com/content/dam/fplgp/us/en/about/pdf/ten-year-site-plan.pdf,and Sub.) (8) Substations: Pignut Substation (9) Participation with Other Utilities: None The Hardwood Hammock Solar Energy Center will require extending the transmission bus at Quail Substation approximately 0.0 miles to connect a new Pignut substation and connect the solar PV inv erter array. Florida Power & Light Company 347 Page 33 of 84 Schedule 10 Status Report and Specifications of Proposed Transmission Lines Maple Trail Solar Energy Center (Baker County) (1) Point of Origin and Termination: Maple Substation (2) Number of Lines: 1 (3) Right-of-way FPL - Owned (4) Line Length: 0 miles (5) Voltage: 230 kV (6) Anticipated Construction Timing: Start date: 2026 End date: 2027 (7) Anticipated Capital Investment: Included in total installed cost on Schedule 9 (Trans. and Sub.) (8) Substations: Maple Substation (9) Participation with Other Utilities: None The Maple Trail Solar Energy Center will require extending the transmission bus at Deodar Substation approximately 0.0 miles to connect a new Maple substation and connect the solar PV inv erter array. Florida Power & Light Company 348 Page 34 of 84 Schedule 10 Status Report and Specifications of Proposed Transmission Lines Maple Trail Battery Energy Storage System Center (Baker County) (1) Point of Origin and Termination: Deodar Substation (2) Number of Lines: 1 (3) Right-of-way FPL - Owned (4) Line Length: 0 miles (5) Voltage: 230 kV (6) Anticipated Construction Timing: Start date: 2026 End date: 2027 (7) Anticipated Capital Investment: Included in total installed cost on Schedule 9 (Trans. and Sub.) (8) Substations: Deodar Substation (9) Participation with Other Utilities: None The Maple Trail Battery Energy Storage Center will be connected to the transmission bus at Deodar Substation approximately 0.0 miles to connec,2026-09-26T16:50:05+00:00,2026-09-26T20:29:57+00:00,yes
430d2729a38dbe5ddea4,Florida Power & Light,Plum Substation,New transmission line,"{""type"":""Point"",""coordinates"":[-80.1096175919504,26.9134488422923]}","26.913449, -80.109618",NA,hifld_substation_point,https://services1.arcgis.com/CD5mKowwN6nIaqd8/ArcGIS/rest/services/project_renewable_us_substations_2022/FeatureServer/10 | matched: PLUMOSUS,medium,Plum,Center will be connected to the transmission bus at Plum,230,0,Okeechobee County; Hendry County; Calhoun County; Manatee County,NA,NA,2026,0,NA,Plum; Center will be connected to the transmission bus at Plum; Okeechobee County; Hendry County; Calhoun County; Manatee County; Plum Substation; Pyrite Substation; Witt Substation; Chinkapin Substation,FPL - Ten-Year Site Plan,https://www.fpl.com/content/dam/fplgp/us/en/about/pdf/ten-year-site-plan.pdf,and Sub.) (8) Substations: Plum Substation (9) Participation with Other Utilities: None The Union Springs Battery Energy Storage Center will be connected to the transmission bus at Plum Substation approximately 0.0 miles to connect the BESS. Florida Power & Light Company 354 Page 40 of 84 Schedule 10 Status Report and Specifications of Proposed Transmission Lines Catfish Solar Energy Center (Okeechobee County) (1) Point of Origin and Termination: Catfish Substation (2) Number of Lines: 1 (3) Right-of-way FPL - Owned (4) Line Length: 0 miles (5) Voltage: 230 kV (6) Anticipated Construction Timing: Start date: 2026 End date: 2027 (7) Anticipated Capital Investment: Included in total installed cost on Schedule 9 (Trans. and Sub.) (8) Substations: Catfish Substation (9) Participation with Other Utilities: None The Catfish Solar Energy Center will require extending the transmission bus at Pyrite Substation approximately 0.0 miles to connect a new Catfish substation and connect the solar PV inv erter array. Florida Power & Light Company 355 Page 41 of 84 Schedule 10 Status Report and Specifications of Proposed Transmission Lines Cocoplum Solar Energy Center (Hendry County) (1) Point of Origin and Termination: Mulberry Substation (2) Number of Lines: 1 (3) Right-of-way FPL - Owned (4) Line Length: 0 miles (5) Voltage: 230 kV (6) Anticipated Construction Timing: Start date: 2026 End date: 2027 (7) Anticipated Capital Investment: Included in total installed cost on Schedule 9 (Trans. and Sub.) (8) Substations: Mulberry Substation (9) Participation with Other Utilities: None The Cocoplum Solar Energy Center will require extending the transmission bus at Witt Substation approximately 0.0 miles to connect a new Mulberry substation and connect the solar PV inv erter array. Florida P,2026-09-26T16:50:05+00:00,2026-09-26T20:29:57+00:00,yes
7112c59781f29bc1d5f5,Florida Power & Light,Putnam BESS U1 substation,New transmission line,"{""type"":""Point"",""coordinates"":[-81.5858368756359,29.6298664249641]}","29.629866, -81.585837",NA,hifld_substation_point,https://services1.arcgis.com/CD5mKowwN6nIaqd8/ArcGIS/rest/services/project_renewable_us_substations_2022/FeatureServer/10 | matched: PUTNAM,high,Putnam BESS U1,Center will be connected to the transmission bus at Putnam,230,0.3,Putnam County; St. Lucie County,NA,NA,2026,0,NA,Putnam BESS U1; Center will be connected to the transmission bus at Putnam; Putnam County; St. Lucie County; Putnam Switchyard; Clov; Muscadine Substation,FPL - Ten-Year Site Plan,https://www.fpl.com/content/dam/fplgp/us/en/about/pdf/ten-year-site-plan.pdf,Florida Power & Light Company 327 Page 13 of 84 Schedule 10 Status Report and Specifications of Proposed Transmission Lines Putnam Battery Energy Storage System Center (Putnam County) (1) Point of Origin and Termination: Putnam BESS U1 substation (2) Number of Lines: 1 (3) Right-of-way FPL - Owned (4) Line Length: 0.3 miles (5) Voltage: 115 kV (6) Anticipated Construction Timing: Start date: 2025 End date: 2026 (7) Anticipated Capital Investment: Included in total installed cost on Schedule 9 (Trans. and Sub.) (8) Substations: Putnam BESS U1 substation (9) Participation with Other Utilities: None (9) Participation with Other Utilities: None The Putnam Battery Energy Storage System Center will be connected to the transmission bus at Putnam Switchyard approximately 0.3 miles to a new Putnam BESS U1 substation and connect the BESS system. Florida Power & Light Company 328 Page 14 of 84 Schedule 10 Status Report and Specifications of Proposed Transmission Lines Clover Battery Energy Storage System Center (St. Lucie County) (1) Point of Origin and Termination: Clover Substation (2) Number of Lines: 1 (3) Right-of-way FPL - Owned (4) Line Length: 0 miles (5) Voltage: 230 kV (6) Anticipated Construction Timing: Start date: 2025 End date: 2026 (7) Anticipated Capital Investment: Included in total installed cost on Schedule 9 (Trans. and Sub.) (8) Substations: Clover Substation (9) Participation with Other Utilities: None The Clov er Battery Energy Storage System Center will be connected to the transmission bus at Clov er Substation approximately 0.0 miles to connect the BESS. Florida Power & Light Company 329 Page 15 of 84 Schedule 10 Status Report and Specifications of Proposed Transmission Lines Sea Grape Battery Energy Storage System Center (St. Lucie County) (1) Point of Or,2026-09-26T16:50:05+00:00,2026-09-26T20:29:57+00:00,yes
8abc7040d5f92e77223b,Florida Power & Light,Putnam BESS U1 substation,New transmission line,"{""type"":""Point"",""coordinates"":[-81.5858368756359,29.6298664249641]}","29.629866, -81.585837",NA,hifld_substation_point,https://services1.arcgis.com/CD5mKowwN6nIaqd8/ArcGIS/rest/services/project_renewable_us_substations_2022/FeatureServer/10 | matched: PUTNAM,medium,Putnam BESS U1,Center will be connected to the transmission bus at Putnam,230,0.3,St. Lucie County; Martin County,NA,NA,2026,0,NA,Putnam BESS U1; Center will be connected to the transmission bus at Putnam; St. Lucie County; Martin County; Putnam Switchyard; Clov; Muscadine Substation,FPL - Ten-Year Site Plan,https://www.fpl.com/content/dam/fplgp/us/en/about/pdf/ten-year-site-plan.pdf,and Sub.) (8) Substations: Putnam BESS U1 substation (9) Participation with Other Utilities: None (9) Participation with Other Utilities: None The Putnam Battery Energy Storage System Center will be connected to the transmission bus at Putnam Switchyard approximately 0.3 miles to a new Putnam BESS U1 substation and connect the BESS system. Florida Power & Light Company 328 Page 14 of 84 Schedule 10 Status Report and Specifications of Proposed Transmission Lines Clover Battery Energy Storage System Center (St. Lucie County) (1) Point of Origin and Termination: Clover Substation (2) Number of Lines: 1 (3) Right-of-way FPL - Owned (4) Line Length: 0 miles (5) Voltage: 230 kV (6) Anticipated Construction Timing: Start date: 2025 End date: 2026 (7) Anticipated Capital Investment: Included in total installed cost on Schedule 9 (Trans. and Sub.) (8) Substations: Clover Substation (9) Participation with Other Utilities: None The Clov er Battery Energy Storage System Center will be connected to the transmission bus at Clov er Substation approximately 0.0 miles to connect the BESS. Florida Power & Light Company 329 Page 15 of 84 Schedule 10 Status Report and Specifications of Proposed Transmission Lines Sea Grape Battery Energy Storage System Center (St. Lucie County) (1) Point of Origin and Termination: Muscadine Substation (2) Number of Lines: 1 (3) Right-of-way FPL - Owned (4) Line Length: 0 miles (5) Voltage: 230 kV (6) Anticipated Construction Timing: Start date: 2025 End date: 2026 (7) Anticipated Capital Investment: Included in total installed cost on Schedule 9 (Trans. and Sub.) (8) Substations: Muscadine Substation (9) Participation with Other Utilities: None The Sea Grape Battery Energy Storage System Center will be connected to the transmission bus at Muscadine Substat,2026-09-26T16:50:05+00:00,2026-09-26T20:29:57+00:00,yes
eb773b097c2ee4b79472,Florida Power & Light,Quail Substation,New transmission line,NA,NA,NA,NA,NA,none,Quail,Pignut,230,0,Walton County; Baker County; St. Lucie County,NA,NA,2026,0,NA,Quail; Pignut; Walton County; Baker County; St. Lucie County; Quail Substation; Deodar Substation,FPL - Ten-Year Site Plan,https://www.fpl.com/content/dam/fplgp/us/en/about/pdf/ten-year-site-plan.pdf,Florida Power & Light Company 346 Page 32 of 84 Schedule 10 Status Report and Specifications of Proposed Transmission Lines Hardwood Hammock Solar Energy Center (Walton County) (1) Point of Origin and Termination: Quail Substation (2) Number of Lines: 1 (3) Right-of-way FPL - Owned (4) Line Length: 0 miles (5) Voltage: 230 kV (6) Anticipated Construction Timing: Start date: 2026 End date: 2027 (7) Anticipated Capital Investment: Included in total installed cost on Schedule 9 (Trans. and Sub.) (8) Substations: Pignut Substation (9) Participation with Other Utilities: None The Hardwood Hammock Solar Energy Center will require extending the transmission bus at Quail Substation approximately 0.0 miles to connect a new Pignut substation and connect the solar PV inv erter array. Florida Power & Light Company 347 Page 33 of 84 Schedule 10 Status Report and Specifications of Proposed Transmission Lines Maple Trail Solar Energy Center (Baker County) (1) Point of Origin and Termination: Maple Substation (2) Number of Lines: 1 (3) Right-of-way FPL - Owned (4) Line Length: 0 miles (5) Voltage: 230 kV (6) Anticipated Construction Timing: Start date: 2026 End date: 2027 (7) Anticipated Capital Investment: Included in total installed cost on Schedule 9 (Trans. and Sub.) (8) Substations: Maple Substation (9) Participation with Other Utilities: None The Maple Trail Solar Energy Center will require extending the transmission bus at Deodar Substation approximately 0.0 miles to connect a new Maple substation and connect the solar PV inv erter array. Florida Power & Light Company 348 Page 34 of 84 Schedule 10 Status Report and Specifications of Proposed Transmission Lines Maple Trail Battery Energy Storage System Center (Baker County) (1) Point of Origin and Termination: Deodar Substation (,2026-09-26T16:50:05+00:00,2026-09-26T20:29:57+00:00,yes
548f925d7b74ae278efb,Florida Power & Light,Quincy Substation,New transmission line,NA,NA,NA,NA,NA,none,Quincy,Chinkapin,230,0,Calhoun County; St. Lucie County,NA,NA,2026,0,NA,Quincy; Chinkapin; Calhoun County; St. Lucie County; Quincy Substation; Song Substation,FPL - Ten-Year Site Plan,https://www.fpl.com/content/dam/fplgp/us/en/about/pdf/ten-year-site-plan.pdf,Florida Power & Light Company 318 Page 4 of 84 Schedule 10 Status Report and Specifications of Proposed Transmission Lines Sand Pine Solar Energy Center (Calhoun County) (1) Point of Origin and Termination: Quincy Substation (2) Number of Lines: 1 (3) Right-of-way FPL - Owned (4) Line Length: 0 miles (5) Voltage: 230 kV (6) Anticipated Construction Timing: Start date: 2025 End date: 2026 (7) Anticipated Capital Investment: Included in total installed cost on Schedule 9 (Trans. and Sub.) (8) Substations: Chinkapin Substation (9) Participation with Other Utilities: None The Sand Pine Solar Energy Center will require extending the transmission bus at Quincy Substation approximately 0.0 miles to connect a new Chinkapin substation and connect the solar PV inv erter array. Florida Power & Light Company 319 Page 5 of 84 Schedule 10 Status Report and Specifications of Proposed Transmission Lines Big Brook Battery Energy Storage System Center (Calhoun County) (1) Point of Origin and Termination: Song Substation (2) Number of Lines: 1 (3) Right-of-way FPL - Owned (4) Line Length: 0 miles (5) Voltage: 230 kV (6) Anticipated Construction Timing: Start date: 2025 End date: 2026 (7) Anticipated Capital Investment: Included in total installed cost on Schedule 9 (Trans. and Sub.) (8) Substations: Song Substation (9) Participation with Other Utilities: None The Big Brook Battery Energy Storage Center will be connected to the transmission bus at Song Substation approximately 0.0 miles to connect the BESS. Florida Power & Light Company 320 Page 6 of 84 Schedule 10 Status Report and Specifications of Proposed Transmission Lines Sand Pine Battery Energy Storage System Center (Calhoun County) (1) Point of Origin and Termination: Quincy Substation (2) Number of Lines: 1 (3) Right-of-way FPL -,2026-09-26T16:50:05+00:00,2026-09-26T20:29:57+00:00,yes
66732a2346bf4daea8f9,Florida Power & Light,Quincy Substation,New transmission line,NA,NA,NA,NA,NA,none,Quincy,Chinkapin,230,0,Calhoun County; St. Lucie County; Madison County; Nassau County,NA,NA,2026,0,NA,Quincy; Chinkapin; Calhoun County; St. Lucie County; Madison County; Nassau County; Quincy Substation; Apricot Substation; Bandit Substation,FPL - Ten-Year Site Plan,https://www.fpl.com/content/dam/fplgp/us/en/about/pdf/ten-year-site-plan.pdf,Florida Power & Light Company 320 Page 6 of 84 Schedule 10 Status Report and Specifications of Proposed Transmission Lines Sand Pine Battery Energy Storage System Center (Calhoun County) (1) Point of Origin and Termination: Quincy Substation (2) Number of Lines: 1 (3) Right-of-way FPL - Owned (4) Line Length: 0 miles (5) Voltage: 230 kV (6) Anticipated Construction Timing: Start date: 2025 End date: 2026 (7) Anticipated Capital Investment: Included in total installed cost on Schedule 9 (Trans. and Sub.) (8) Substations: Chinkapin Substation (9) Participation with Other Utilities: None The Sand Pine Battery Energy Storage Center will be connected to the transmission bus at Quincy Substation approximately 0.0 miles to connect the BESS. Florida Power & Light Company 321 Page 7 of 84 Schedule 10 Status Report and Specifications of Proposed Transmission Lines North Orange Battery Energy Storage System Center (St. Lucie County) (1) Point of Origin and Termination: Apricot Substation (2) Number of Lines: 1 (3) Right-of-way FPL - Owned (4) Line Length: 0 miles (5) Voltage: 230 kV (6) Anticipated Construction Timing: Start date: 2025 End date: 2026 (7) Anticipated Capital Investment: Included in total installed cost on Schedule 9 (Trans. and Sub.) (8) Substations: Apricot Substation (9) Participation with Other Utilities: None The North Orange Battery Energy Storage Center will be connected to the transmission bus at Apricot Substation approximately 0.0 miles to connect the BESS. Florida Power & Light Company 322 Page 8 of 84 Schedule 10 Status Report and Specifications of Proposed Transmission Lines Norton Creek Battery Energy Storage System Center (Madison County) (1) Point of Origin and Termination: Bandit Substation (2) Number of Lines: 1 (3) Right-of-way FPL - Owned (4) Lin,2026-09-26T16:50:05+00:00,2026-09-26T20:29:57+00:00,yes
53ee1a40e862d0463970,Florida Power & Light,Song Substation,New transmission line,NA,NA,NA,NA,NA,none,Song,Center will be connected to the transmission bus at Song,230,0,Calhoun County; St. Lucie County; Madison County,NA,NA,2026,0,NA,Song; Center will be connected to the transmission bus at Song; Calhoun County; St. Lucie County; Madison County; Song Substation; Quincy Substation; Apricot Substation,FPL - Ten-Year Site Plan,https://www.fpl.com/content/dam/fplgp/us/en/about/pdf/ten-year-site-plan.pdf,Florida Power & Light Company 319 Page 5 of 84 Schedule 10 Status Report and Specifications of Proposed Transmission Lines Big Brook Battery Energy Storage System Center (Calhoun County) (1) Point of Origin and Termination: Song Substation (2) Number of Lines: 1 (3) Right-of-way FPL - Owned (4) Line Length: 0 miles (5) Voltage: 230 kV (6) Anticipated Construction Timing: Start date: 2025 End date: 2026 (7) Anticipated Capital Investment: Included in total installed cost on Schedule 9 (Trans. and Sub.) (8) Substations: Song Substation (9) Participation with Other Utilities: None The Big Brook Battery Energy Storage Center will be connected to the transmission bus at Song Substation approximately 0.0 miles to connect the BESS. Florida Power & Light Company 320 Page 6 of 84 Schedule 10 Status Report and Specifications of Proposed Transmission Lines Sand Pine Battery Energy Storage System Center (Calhoun County) (1) Point of Origin and Termination: Quincy Substation (2) Number of Lines: 1 (3) Right-of-way FPL - Owned (4) Line Length: 0 miles (5) Voltage: 230 kV (6) Anticipated Construction Timing: Start date: 2025 End date: 2026 (7) Anticipated Capital Investment: Included in total installed cost on Schedule 9 (Trans. and Sub.) (8) Substations: Chinkapin Substation (9) Participation with Other Utilities: None The Sand Pine Battery Energy Storage Center will be connected to the transmission bus at Quincy Substation approximately 0.0 miles to connect the BESS. Florida Power & Light Company 321 Page 7 of 84 Schedule 10 Status Report and Specifications of Proposed Transmission Lines North Orange Battery Energy Storage System Center (St. Lucie County) (1) Point of Origin and Termination: Apricot Substation (2) Number of Lines: 1 (3) Right-of-way FPL - Owned (4) Line Length: 0 mi,2026-09-26T16:50:05+00:00,2026-09-26T20:29:57+00:00,yes
ed529e7cd4a0ae40d810,Florida Power & Light,Sound Substation,New transmission line,NA,NA,NA,NA,NA,none,Sound,will require extending the transmission bus at future Bandit,230,0,Madison County; St. Lucie County; Status Report and Specifications of Proposed Transmission Lines County; DeSoto County; None The County,NA,NA,2026,0,NA,Sound; will require extending the transmission bus at future Bandit; Madison County; St. Lucie County; Status Report and Specifications of Proposed Transmission Lines County; DeSoto County; None The County; Apricot Substation; Notts Substation,FPL - Ten-Year Site Plan,https://www.fpl.com/content/dam/fplgp/us/en/about/pdf/ten-year-site-plan.pdf,Florida Power & Light Company 336 Page 22 of 84 Schedule 10 Status Report and Specifications of Proposed Transmission Lines Middle Lake Solar Energy Center (Madison County) (1) Point of Origin and Termination: Sound Substation (2) Number of Lines: 1 (3) Right-of-way FPL - Owned (4) Line Length: 0 miles (5) Voltage: 161 kV (6) Anticipated Construction Timing: Start date: 2026 End date: 2027 (7) Anticipated Capital Investment: Included in total installed cost on Schedule 9 (Trans. and Sub.) (8) Substations: Sound Substation (9) Participation with Other Utilities: None The Middle Lake Solar Energy Center will require extending the transmission bus at future Bandit Substation approximately 0.0 miles to a new Sound substation and connect the solar PV inv erter array. Florida Power & Light Company 337 Page 23 of 84 Schedule 10 Status Report and Specifications of Proposed Transmission Lines Spanish Moss Solar Energy Center (St. Lucie County) (1) Point of Origin and Termination: Apricot Substation (2) Number of Lines: 1 (3) Right-of-way FPL - Owned (4) Line Length: 0 miles (5) Voltage: 230 kV (6) Anticipated Construction Timing: Start date: 2026 End date: 2027 (7) Anticipated Capital Investment: Included in total installed cost on Schedule 9 (Trans. and Sub.) (8) Substations: Apricot Substation (9) Participation with Other Utilities: None The Spanish Moss Solar Energy Center will require extending the transmission bus at Apricot Substation approximately 0.0 miles to connect the solar PV inverter array. Florida Power & Light Company 338 Page 24 of 84 Schedule 10 Status Report and Specifications of Proposed Transmission Lines County Line Solar Energy Center (DeSoto County) (1) Point of Origin and Termination: Medieval Substation (2) Number of Lines: 1 (3) Right-of-way FPL - Owned,2026-09-26T16:50:05+00:00,2026-09-26T20:29:57+00:00,yes
ca7cbc411385c264ab9d,Florida Power & Light,Sound Substation,New transmission line,NA,NA,NA,NA,NA,none,Sound,will require extending the transmission bus at future Bandit,230,0,St. Lucie County; Status Report and Specifications of Proposed Transmission Lines County; DeSoto County; None The County,NA,NA,2026,0,NA,Sound; will require extending the transmission bus at future Bandit; St. Lucie County; Status Report and Specifications of Proposed Transmission Lines County; DeSoto County; None The County; Apricot Substation; Notts Substation; Ponna Substation,FPL - Ten-Year Site Plan,https://www.fpl.com/content/dam/fplgp/us/en/about/pdf/ten-year-site-plan.pdf,and Sub.) (8) Substations: Sound Substation (9) Participation with Other Utilities: None The Middle Lake Solar Energy Center will require extending the transmission bus at future Bandit Substation approximately 0.0 miles to a new Sound substation and connect the solar PV inv erter array. Florida Power & Light Company 337 Page 23 of 84 Schedule 10 Status Report and Specifications of Proposed Transmission Lines Spanish Moss Solar Energy Center (St. Lucie County) (1) Point of Origin and Termination: Apricot Substation (2) Number of Lines: 1 (3) Right-of-way FPL - Owned (4) Line Length: 0 miles (5) Voltage: 230 kV (6) Anticipated Construction Timing: Start date: 2026 End date: 2027 (7) Anticipated Capital Investment: Included in total installed cost on Schedule 9 (Trans. and Sub.) (8) Substations: Apricot Substation (9) Participation with Other Utilities: None The Spanish Moss Solar Energy Center will require extending the transmission bus at Apricot Substation approximately 0.0 miles to connect the solar PV inverter array. Florida Power & Light Company 338 Page 24 of 84 Schedule 10 Status Report and Specifications of Proposed Transmission Lines County Line Solar Energy Center (DeSoto County) (1) Point of Origin and Termination: Medieval Substation (2) Number of Lines: 1 (3) Right-of-way FPL - Owned (4) Line Length: 0 miles (5) Voltage: 230 kV (6) Anticipated Construction Timing: Start date: 2026 End date: 2027 (7) Anticipated Capital Investment: Included in total installed cost on Schedule 9 (Trans. and Sub.) (8) Substations: Medieval Substation (9) Participation with Other Utilities: None The County Line Solar Energy Center will require extending the transmission bus at Notts Substation approximately 0.0 miles to connect a new Mediev al substation and connect the solar PV,2026-09-26T16:50:05+00:00,2026-09-26T20:29:57+00:00,yes
2e5a31501fccf91fc421,Florida Power & Light,Stallion Substation,New transmission line,NA,NA,NA,NA,NA,none,Solar Energy Center will require bifurcating the FPL Sunbreak,Glint,230,0,Indian River County; St. Lucie County,NA,NA,2026,0,NA,Solar Energy Center will require bifurcating the FPL Sunbreak; Glint; Indian River County; St. Lucie County; Stallion Substation; Vernia Substation Florida Power,FPL - Ten-Year Site Plan,https://www.fpl.com/content/dam/fplgp/us/en/about/pdf/ten-year-site-plan.pdf,and Sub.) (8) Substations: Stallion Substation (9) Participation with Other Utilities: None (9) Participation with Other Utilities: None The Joshua Creek Solar Energy Center will require extending a transmission bus at Stallion Substation approximately 0.0 miles to connect the solar PV inv erter array. Florida Power & Light Company 359 Page 45 of 84 Schedule 10 Status Report and Specifications of Proposed Transmission Lines Vernia Solar Energy Center (Indian River County) (1) Point of Origin and Termination: Vernia (2) Number of Lines: 1 (3) Right-of-way FPL - Owned (4) Line Length: 0 miles (5) Voltage: 230 kV (6) Anticipated Construction Timing: Start date: 2026 End date: 2027 (7) Anticipated Capital Investment: Included in total installed cost on Schedule 9 (Trans. and Sub.) (8) Substations: Vernia (9) Participation with Other Utilities: None The Vernia Solar Energy Center will require bifurcating the FPL Sunbreak - Glint 230 kV transmission line approximately 0.0 miles to connect a new Vernia substation and connect the solar PV inverter array. Florida Power & Light Company 360 Page 46 of 84 Schedule 10 Status Report and Specifications of Proposed Transmission Lines Ambersweet Solar Energy Center (Indian River County) (1) Point of Origin and Termination: Ambersweet Substation (2) Number of Lines: 1 (3) Right-of-way FPL - Owned (4) Line Length: 0 miles (5) Voltage: 230 kV (6) Anticipated Construction Timing: Start date: 2027 End date: 2028 (7) Anticipated Capital Investment: Included in total installed cost on Schedule 9 (Trans. and Sub.) (8) Substations: Ambersweet Substation (9) Participation with Other Utilities: None line approximately 0.0 miles to connect the solar PV inverter array. The Ambersweet Solar Energy Center will require extending the transmission bus at,2026-09-26T16:50:05+00:00,2026-09-26T20:29:57+00:00,yes
051b4c79e86a7f7b50c7,Florida Power & Light,Strawberry Substation,New transmission line,NA,NA,NA,NA,NA,none,Sunbreak,Heritage,230,0,Martin County; St. Lucie County; Okeechobee County,NA,NA,2026,0,NA,Sunbreak; Heritage; Martin County; St. Lucie County; Okeechobee County; Strawberry Substation; Fawn Substation,FPL - Ten-Year Site Plan,https://www.fpl.com/content/dam/fplgp/us/en/about/pdf/ten-year-site-plan.pdf,Florida Power & Light Company 330 Page 16 of 84 Schedule 10 Status Report and Specifications of Proposed Transmission Lines White Tail Battery Energy Storage System Center (Martin County) (1) Point of Origin and Termination: Strawberry Substation (2) Number of Lines: 1 (3) Right-of-way FPL - Owned (4) Line Length: 0 miles (5) Voltage: 230 kV (6) Anticipated Construction Timing: Start date: 2025 End date: 2026 (7) Anticipated Capital Investment: Included in total installed cost on Schedule 9 (Trans. and Sub.) (8) Substations: Strawberry Substation (9) Participation with Other Utilities: None The White Tail Battery Energy Storage System Center will be connected to the transmission bus at Strawberry Substation approximately 0.0 miles to connect the BESS. Florida Power & Light Company 331 Page 17 of 84 Schedule 10 Status Report and Specifications of Proposed Transmission Lines Fawn Battery Energy Storage System Center (Martin County) (1) Point of Origin and Termination: Fawn Substation (2) Number of Lines: 1 (3) Right-of-way FPL - Owned (4) Line Length: 0 miles (5) Voltage: 230 kV (6) Anticipated Construction Timing: Start date: 2025 End date: 2026 (7) Anticipated Capital Investment: Included in total installed cost on Schedule 9 (Trans. and Sub.) (8) Substations: Fawn Substation (9) Participation with Other Utilities: None The Fawn Battery Energy Storage System Center will be connected to the transmission bus at Fawn Substation approximately 0.0 miles to connect the BESS. Florida Power & Light Company 332 Page 18 of 84 Schedule 10 Status Report and Specifications of Proposed Transmission Lines Indrio Solar Energy Center (St. Lucie County) (1) Point of Origin and Termination: Sunbreak - Heritage 230 kV transmission line to new Estuary Substation (2) Number of Lines: 1 (3) R,2026-09-26T16:50:05+00:00,2026-09-26T20:29:57+00:00,yes
24ce22834ccebcdcbcb8,Florida Power & Light,Sunbreak - Heritage 230 kV transmission line,New transmission line,NA,NA,NA,NA,NA,none,Sunbreak,Heritage,230,0,St. Lucie County; Okeechobee County,NA,NA,2026,0,NA,Sunbreak; Heritage; St. Lucie County; Okeechobee County; Clementine Substation,FPL - Ten-Year Site Plan,https://www.fpl.com/content/dam/fplgp/us/en/about/pdf/ten-year-site-plan.pdf,Florida Power & Light Company 332 Page 18 of 84 Schedule 10 Status Report and Specifications of Proposed Transmission Lines Indrio Solar Energy Center (St. Lucie County) (1) Point of Origin and Termination: Sunbreak - Heritage 230 kV transmission line to new Estuary Substation (2) Number of Lines: 1 (3) Right-of-way FPL - Owned (4) Line Length: 0 miles (5) Voltage: 230 kV (6) Anticipated Construction Timing: Start date: 2026 End date: 2027 (7) Anticipated Capital Investment: Included in total installed cost on Schedule 9 (Trans. and Sub.) (8) Substations: Estuary Substation (9) Participation with Other Utilities: None The Indrio Solar Energy Center will require bifurcating the new FPL Sunbreak - Heritage 230 kV transmission line approximately 0.0 miles to connect a new Estuary substation and connect the solar PV inv erter array. Florida Power & Light Company 333 Page 19 of 84 Schedule 10 Status Report and Specifications of Proposed Transmission Lines Tangelo Solar Energy Center (Okeechobee County) (1) Point of Origin and Termination: Clementine Substation (2) Number of Lines: 1 (3) Right-of-way FPL - Owned (4) Line Length: 0 miles (5) Voltage: 230 kV (6) Anticipated Construction Timing: Start date: 2026 End date: 2027 (7) Anticipated Capital Investment: Included in total installed cost on Schedule 9 (Trans. and Sub.) (8) Substations: Clementine Substation (9) Participation with Other Utilities: None The Tangelo Solar Energy Center will require extending the transmission bus at Clementine Substation approximately 0.0 miles to connect the solar PV inv erter array. Florida Power & Light Company 334 Page 20 of 84 Schedule 10 Status Report and Specifications of Proposed Transmission Lines Wood Stork Solar Energy Center (St. Lucie County) (1) Point of Origin and Termination:,2026-09-26T16:50:05+00:00,2026-09-26T20:29:57+00:00,yes
8bb688afa391dd2ef8d1,Florida Power & Light,Sunbreak - Heritage 230 kV transmission line,New transmission line,NA,NA,NA,NA,NA,none,Sunbreak,Heritage,500,0,Lucie County; Okeechobee County; St. Lucie County; Hendry County,NA,NA,2026,0,NA,Sunbreak; Heritage; Lucie County; Okeechobee County; St. Lucie County; Hendry County; Clementine Substation; Liberty Substation Florida Power,FPL - Ten-Year Site Plan,https://www.fpl.com/content/dam/fplgp/us/en/about/pdf/ten-year-site-plan.pdf,Lucie County) (1) Point of Origin and Termination: Sunbreak - Heritage 230 kV transmission line to new Estuary Substation (2) Number of Lines: 1 (3) Right-of-way FPL - Owned (4) Line Length: 0 miles (5) Voltage: 230 kV (6) Anticipated Construction Timing: Start date: 2026 End date: 2027 (7) Anticipated Capital Investment: Included in total installed cost on Schedule 9 (Trans. and Sub.) (8) Substations: Estuary Substation (9) Participation with Other Utilities: None The Indrio Solar Energy Center will require bifurcating the new FPL Sunbreak - Heritage 230 kV transmission line approximately 0.0 miles to connect a new Estuary substation and connect the solar PV inv erter array. Florida Power & Light Company 333 Page 19 of 84 Schedule 10 Status Report and Specifications of Proposed Transmission Lines Tangelo Solar Energy Center (Okeechobee County) (1) Point of Origin and Termination: Clementine Substation (2) Number of Lines: 1 (3) Right-of-way FPL - Owned (4) Line Length: 0 miles (5) Voltage: 230 kV (6) Anticipated Construction Timing: Start date: 2026 End date: 2027 (7) Anticipated Capital Investment: Included in total installed cost on Schedule 9 (Trans. and Sub.) (8) Substations: Clementine Substation (9) Participation with Other Utilities: None The Tangelo Solar Energy Center will require extending the transmission bus at Clementine Substation approximately 0.0 miles to connect the solar PV inv erter array. Florida Power & Light Company 334 Page 20 of 84 Schedule 10 Status Report and Specifications of Proposed Transmission Lines Wood Stork Solar Energy Center (St. Lucie County) (1) Point of Origin and Termination: Liberty Substation (2) Number of Lines: 1 (3) Right-of-way FPL - Owned (4) Line Length: 0 miles (5) Voltage: 230 kV (6) Anticipated Construction Timing: Sta,2026-09-26T16:50:05+00:00,2026-09-26T20:29:57+00:00,yes
474581905969dbcc313b,Florida Power & Light,Sunbreak - Morrow 230 kV transmission line,New transmission line,NA,NA,NA,NA,NA,none,Sunbreak,Morrow,230,0,St. Lucie County; Calhoun County,NA,NA,2026,0,NA,Sunbreak; Morrow; St. Lucie County; Calhoun County; Quincy Substation,FPL - Ten-Year Site Plan,https://www.fpl.com/content/dam/fplgp/us/en/about/pdf/ten-year-site-plan.pdf,Florida Power & Light Company 316 Page 2 of 84 Schedule 10 Status Report and Specifications of Proposed Transmission Lines Sea Grape Solar Energy Center (St. Lucie County) (1) Point of Origin and Termination: Sunbreak - Morrow 230 kV transmission line to new Muscadine Substation (2) Number of Lines: 1 (3) Right-of-way FPL - Owned (4) Line Length: 0 miles (5) Voltage: 230 kV (6) Anticipated Construction Timing: Start date: 2025 End date: 2026 (7) Anticipated Capital Investment: Included in total installed cost on Schedule 9 (Trans. and Sub.) (8) Substations: Muscadine Substation (9) Participation with Other Utilities: None The Sea Grape Solar Energy Center will require bifurcating the new FPL Sunbreak - Morrow 230 kV transmission line approximately 0.0 miles to connect a new Muscadine substation and connect the solar PV inv erter array. Florida Power & Light Company 317 Page 3 of 84 Schedule 10 Status Report and Specifications of Proposed Transmission Lines North Orange Solar Energy Center (St. Lucie County) (1) Point of Origin and Termination: Sunbreak - Morrow 230 kV transmission line to new Apricot Substation (2) Number of Lines: 1 (3) Right-of-way FPL - Owned (4) Line Length: 0 miles (5) Voltage: 230 kV (6) Anticipated Construction Timing: Start date: 2025 End date: 2026 (7) Anticipated Capital Investment: Included in total installed cost on Schedule 9 (Trans. and Sub.) (8) Substations: Apricot Substation (9) Participation with Other Utilities: None The North Orange Solar Energy Center will require bifurcating the new FPL Sunbreak - Morrow 230 kV transmission line approximately 0.0 miles to connect a new Apricot substation and connect the solar PV inv erter array. Florida Power & Light Company 318 Page 4 of 84 Schedule 10 Status Report and Specifications of Proposed,2026-09-26T16:50:05+00:00,2026-09-26T20:29:57+00:00,yes
e7a8c491c592b82a7966,Florida Power & Light,Sunbreak Substation,New transmission line,NA,NA,NA,NA,NA,none,new Sunbreak,connect the new Clov er,230,2,St. Lucie County,NA,NA,2026,0,NA,new Sunbreak; connect the new Clov er; St. Lucie County,FPL - Ten-Year Site Plan,https://www.fpl.com/content/dam/fplgp/us/en/about/pdf/ten-year-site-plan.pdf,"1/ The value show n represents FPL’s current projection of the firm capacity of this battery storage after the net load of the system and other battery storage being discharged. Because battery storage ""flattens"" the peak period, the firm capacity value of storage decreases as more battery storage is added to the system. 2/ FPL w ill continue to analyze the projected impacts of increasing amounts of battery storage in its on-going resource planning w ork. Florida Power & Light Company 315 Page 1 of 84 Schedule 10 Status Report and Specifications of Proposed Transmission Lines Clover Solar Energy Center (St. Lucie County) (1) Point of Origin and Termination: Sunbreak Substation to the new Clover Substation (2) Number of Lines: 1 (3) Right-of-way FPL - Owned (4) Line Length: Approximately 2 miles (5) Voltage: 230 kV (6) Anticipated Construction Timing: Start date: 2025 End date: 2026 (7) Anticipated Capital Investment: Included in total installed cost on Schedule 9 (Trans. and Sub.) (8) Substations: Clover Substation (9) Participation with Other Utilities: None The Clov er Solar Energy Center will require extending a transmission line from the new Sunbreak Substation approximately 2.0 miles to connect the new Clov er Substation and connect the solar PV inv erter array. Florida Power & Light Company 316 Page 2 of 84 Schedule 10 Status Report and Specifications of Proposed Transmission Lines Sea Grape Solar Energy Center (St. Lucie County) (1) Point of Origin and Termination: Sunbreak - Morrow 230 kV transmission line to new Muscadine Substation (2) Number of Lines: 1 (3) Right-of-way FPL - Owned (4) Line Length: 0 miles (5) Voltage: 230 kV (6) Anticipated Construction Timing: Start date: 2025 End date: 2026 (7) Anticipated Capital Investment: Included in total installed co",2026-09-26T16:50:05+00:00,2026-09-26T20:29:57+00:00,yes
f96921a91cf6e82a8a19,Florida Power & Light,Swallowtail Substation,New transmission line,NA,NA,NA,NA,NA,none,Swallowtail,will be connected to the transmission bus at Swallowtail,230,0,Walton County; Union County; Okeechobee County; Hendry County,NA,NA,2026,0,NA,Swallowtail; will be connected to the transmission bus at Swallowtail; Walton County; Union County; Okeechobee County; Hendry County; Swallowtail Substation Florida Power; Plum Substation; Pyrite Substation; Witt Substation,FPL - Ten-Year Site Plan,https://www.fpl.com/content/dam/fplgp/us/en/about/pdf/ten-year-site-plan.pdf,Florida Power & Light Company 352 Page 38 of 84 Schedule 10 Status Report and Specifications of Proposed Transmission Lines Swallowtail Battery Energy Storage System Center (Walton County) (1) Point of Origin and Termination: Swallowtail Substation (2) Number of Lines: 1 (3) Right-of-way FPL - Owned (4) Line Length: 0 miles (5) Voltage: 230 kV (6) Anticipated Construction Timing: Start date: 2026 End date: 2027 (7) Anticipated Capital Investment: Included in total installed cost on Schedule 9 (Trans. and Sub.) (8) Substations: Swallowtail Substation (9) Participation with Other Utilities: None approximately 0.0 miles to connect the BESS. The Swallowtail Battery Energy Storage Center will be connected to the transmission bus at Swallowtail Substation Florida Power & Light Company 353 Page 39 of 84 Schedule 10 Status Report and Specifications of Proposed Transmission Lines Union Springs Battery Energy Storage System Center (Union County) (1) Point of Origin and Termination: Plum Substation (2) Number of Lines: 1 (3) Right-of-way FPL - Owned (4) Line Length: 0 miles (5) Voltage: 115 kV (6) Anticipated Construction Timing: Start date: 2026 End date: 2027 (7) Anticipated Capital Investment: Included in total installed cost on Schedule 9 (Trans. and Sub.) (8) Substations: Plum Substation (9) Participation with Other Utilities: None The Union Springs Battery Energy Storage Center will be connected to the transmission bus at Plum Substation approximately 0.0 miles to connect the BESS. Florida Power & Light Company 354 Page 40 of 84 Schedule 10 Status Report and Specifications of Proposed Transmission Lines Catfish Solar Energy Center (Okeechobee County) (1) Point of Origin and Termination: Catfish Substation (2) Number of Lines: 1 (3) Right-of-way FPL - Owned (4) Line Length: 0,2026-09-26T16:50:05+00:00,2026-09-26T20:29:57+00:00,yes
a8126ef41b7615c4b52d,Florida Power & Light,Swallowtail Substation,New transmission line,NA,NA,NA,NA,NA,none,Swallowtail,will be connected to the transmission bus at Swallowtail,230,0,Union County; Okeechobee County; Hendry County; Calhoun County,NA,NA,2026,0,NA,Swallowtail; will be connected to the transmission bus at Swallowtail; Union County; Okeechobee County; Hendry County; Calhoun County; Swallowtail Substation Florida Power; Plum Substation; Pyrite Substation; Witt Substation,FPL - Ten-Year Site Plan,https://www.fpl.com/content/dam/fplgp/us/en/about/pdf/ten-year-site-plan.pdf,and Sub.) (8) Substations: Swallowtail Substation (9) Participation with Other Utilities: None approximately 0.0 miles to connect the BESS. The Swallowtail Battery Energy Storage Center will be connected to the transmission bus at Swallowtail Substation Florida Power & Light Company 353 Page 39 of 84 Schedule 10 Status Report and Specifications of Proposed Transmission Lines Union Springs Battery Energy Storage System Center (Union County) (1) Point of Origin and Termination: Plum Substation (2) Number of Lines: 1 (3) Right-of-way FPL - Owned (4) Line Length: 0 miles (5) Voltage: 115 kV (6) Anticipated Construction Timing: Start date: 2026 End date: 2027 (7) Anticipated Capital Investment: Included in total installed cost on Schedule 9 (Trans. and Sub.) (8) Substations: Plum Substation (9) Participation with Other Utilities: None The Union Springs Battery Energy Storage Center will be connected to the transmission bus at Plum Substation approximately 0.0 miles to connect the BESS. Florida Power & Light Company 354 Page 40 of 84 Schedule 10 Status Report and Specifications of Proposed Transmission Lines Catfish Solar Energy Center (Okeechobee County) (1) Point of Origin and Termination: Catfish Substation (2) Number of Lines: 1 (3) Right-of-way FPL - Owned (4) Line Length: 0 miles (5) Voltage: 230 kV (6) Anticipated Construction Timing: Start date: 2026 End date: 2027 (7) Anticipated Capital Investment: Included in total installed cost on Schedule 9 (Trans. and Sub.) (8) Substations: Catfish Substation (9) Participation with Other Utilities: None The Catfish Solar Energy Center will require extending the transmission bus at Pyrite Substation approximately 0.0 miles to connect a new Catfish substation and connect the solar PV inv erter array. Florida Power & Light Company,2026-09-26T16:50:05+00:00,2026-09-26T20:29:57+00:00,yes
5019092a83ec27b3fd20,Florida Power & Light,Swamp Substation,New transmission line,NA,NA,NA,NA,NA,none,Swamp,Center will be connected to the transmission bus at Swamp,500,0,Hendry County; Charlotte County,NA,NA,2026,0,NA,Swamp; Center will be connected to the transmission bus at Swamp; Hendry County; Charlotte County; Swamp Substation; Zoysia Substation Florida Power; Citron Substation; Ghost Substation,FPL - Ten-Year Site Plan,https://www.fpl.com/content/dam/fplgp/us/en/about/pdf/ten-year-site-plan.pdf,Florida Power & Light Company 340 Page 26 of 84 Schedule 10 Status Report and Specifications of Proposed Transmission Lines Swamp Cabbage Battery Energy Storage System Center (Hendry County) (1) Point of Origin and Termination: Swamp Substation (2) Number of Lines: 1 (3) Right-of-way FPL - Owned (4) Line Length: 0 miles (5) Voltage: 230 kV (6) Anticipated Construction Timing: Start date: 2026 End date: 2027 (7) Anticipated Capital Investment: Included in total installed cost on Schedule 9 (Trans. and Sub.) (8) Substations: Swamp Substation (9) Participation with Other Utilities: None The Swamp Cabbage Battery Energy Storage Center will be connected to the transmission bus at Swamp Substation approximately 0.0 miles to connect the BESS. Florida Power & Light Company 341 Page 27 of 84 Schedule 10 Status Report and Specifications of Proposed Transmission Lines Green Pasture Battery Energy Storage System Center (Charlotte County) (1) Point of Origin and Termination: Zoysia Substation (2) Number of Lines: 1 (3) Right-of-way FPL - Owned (4) Line Length: 0 miles (5) Voltage: 230 kV (6) Anticipated Construction Timing: Start date: 2026 End date: 2027 (7) Anticipated Capital Investment: Included in total installed cost on Schedule 9 (Trans. and Sub.) (8) Substations: Zoysia Substation (9) Participation with Other Utilities: None approximately 0.0 miles to connect the BESS. The Green Pasture Battery Energy Storage Center will be connected to the transmission bus at Zoysia Substation Florida Power & Light Company 342 Page 28 of 84 Schedule 10 Status Report and Specifications of Proposed Transmission Lines Blue Heron Battery Energy Storage System Center (Hendry County) (1) Point of Origin and Termination: Citron Substation (2) Number of Lines: 1 (3) Right-of-way FPL - Owned (4) Lin,2026-09-26T16:50:05+00:00,2026-09-26T20:29:57+00:00,yes
e3661d235fd1ea965577,Florida Power & Light,Terrill Substation,New transmission line,NA,NA,NA,NA,NA,none,Terrill,Center will be connected to the transmission bus at Terrill,230,0,Clay County; Indian River County; Walton County; Baker County,NA,NA,2026,0,NA,Terrill; Center will be connected to the transmission bus at Terrill; Clay County; Indian River County; Walton County; Baker County; Terrill Substation Florida Power; Finca Substation; Quail Substation; Deodar Substation,FPL - Ten-Year Site Plan,https://www.fpl.com/content/dam/fplgp/us/en/about/pdf/ten-year-site-plan.pdf,Florida Power & Light Company 344 Page 30 of 84 Schedule 10 Status Report and Specifications of Proposed Transmission Lines Terrill Creek Battery Energy Storage System Center (Clay County) (1) Point of Origin and Termination: Terrill Substation (2) Number of Lines: 1 (3) Right-of-way FPL - Owned (4) Line Length: 0 miles (5) Voltage: 230 kV (6) Anticipated Construction Timing: Start date: 2026 End date: 2027 (7) Anticipated Capital Investment: Included in total installed cost on Schedule 9 (Trans. and Sub.) (8) Substations: Terrill Substation (9) Participation with Other Utilities: None approximately 0.0 miles to connect the BESS. The Terrill Creek Battery Energy Storage Center will be connected to the transmission bus at Terrill Substation Florida Power & Light Company 345 Page 31 of 84 Schedule 10 Status Report and Specifications of Proposed Transmission Lines Orange Blossom Battery Energy Storage System Center (Indian River County) (1) Point of Origin and Termination: Finca Substation (2) Number of Lines: 1 (3) Right-of-way FPL - Owned (4) Line Length: 0 miles (5) Voltage: 230 kV (6) Anticipated Construction Timing: Start date: 2026 End date: 2027 (7) Anticipated Capital Investment: Included in total installed cost on Schedule 9 (Trans. and Sub.) (8) Substations: Finca Substation (9) Participation with Other Utilities: None The Sawgrass Battery Energy Storage Center will be connected to the transmission bus at Finca Substation approximately 0.0 miles to connect the BESS. Florida Power & Light Company 346 Page 32 of 84 Schedule 10 Status Report and Specifications of Proposed Transmission Lines Hardwood Hammock Solar Energy Center (Walton County) (1) Point of Origin and Termination: Quail Substation (2) Number of Lines: 1 (3) Right-of-way FPL - Owned (4) Line Length: 0,2026-09-26T16:50:05+00:00,2026-09-26T20:29:57+00:00,yes
7b2ff651ec065854ff65,Florida Power & Light,The Green Pasture Battery Energy Storage Center will be connected to the transmission bus at Zoysia Substation,New transmission line,NA,NA,NA,NA,NA,none,Center will be connected to the transmission bus at Zoysia,Citron,500,0,Hendry County; Clay County; Indian River County,NA,NA,2026,0,NA,Center will be connected to the transmission bus at Zoysia; Citron; Hendry County; Clay County; Indian River County; Zoysia Substation Florida Power; Citron Substation; Ghost Substation; Terrill Substation Florida Power,FPL - Ten-Year Site Plan,https://www.fpl.com/content/dam/fplgp/us/en/about/pdf/ten-year-site-plan.pdf,The Green Pasture Battery Energy Storage Center will be connected to the transmission bus at Zoysia Substation Florida Power & Light Company 342 Page 28 of 84 Schedule 10 Status Report and Specifications of Proposed Transmission Lines Blue Heron Battery Energy Storage System Center (Hendry County) (1) Point of Origin and Termination: Citron Substation (2) Number of Lines: 1 (3) Right-of-way FPL - Owned (4) Line Length: 0 miles (5) Voltage: 138 kV (6) Anticipated Construction Timing: Start date: 2026 End date: 2027 (7) Anticipated Capital Investment: Included in total installed cost on Schedule 9 (Trans. and Sub.) (8) Substations: Citron Substation (9) Participation with Other Utilities: None The Blue Heron Battery Energy Storage Center will be connected to the transmission bus at Citron Substation approximately 0.0 miles to connect the BESS. Florida Power & Light Company 343 Page 29 of 84 Schedule 10 Status Report and Specifications of Proposed Transmission Lines Sawgrass Battery Energy Storage System Center (Hendry County) (1) Point of Origin and Termination: Ghost Substation (2) Number of Lines: 1 (3) Right-of-way FPL - Owned (4) Line Length: 0 miles (5) Voltage: 500 kV (6) Anticipated Construction Timing: Start date: 2026 End date: 2027 (7) Anticipated Capital Investment: Included in total installed cost on Schedule 9 (Trans. and Sub.) (8) Substations: Ghost Substation (9) Participation with Other Utilities: None The Sawgrass Battery Energy Storage Center will be connected to the transmission bus at Ghost Substation approximately 0.0 miles to connect the BESS. Florida Power & Light Company 344 Page 30 of 84 Schedule 10 Status Report and Specifications of Proposed Transmission Lines Terrill Creek Battery Energy Storage System Center (Clay County) (1) Point of Origin a,2026-09-26T16:50:05+00:00,2026-09-26T20:29:57+00:00,yes
23c9bca23432285dc1f5,Florida Power & Light,The Indrio Battery Energy Storage Center will be connected to the transmission bus at Estuary Substation,New transmission line,NA,NA,NA,NA,NA,none,Center will be connected to the transmission bus at Estuary,Gopher,230,0,Martin County; Walton County; Union County,NA,NA,2026,0,NA,Center will be connected to the transmission bus at Estuary; Gopher; Martin County; Walton County; Union County; Estuary Substation Florida Power; Gopher Substation; Swallowtail Substation Florida Power,FPL - Ten-Year Site Plan,https://www.fpl.com/content/dam/fplgp/us/en/about/pdf/ten-year-site-plan.pdf,The Indrio Battery Energy Storage Center will be connected to the transmission bus at Estuary Substation Florida Power & Light Company 350 Page 36 of 84 Schedule 10 Status Report and Specifications of Proposed Transmission Lines Monarch Battery Energy Storage System Center (Martin County) (1) Point of Origin and Termination: Gopher Substation (2) Number of Lines: 1 (3) Right-of-way FPL - Owned (4) Line Length: 0 miles (5) Voltage: 230 kV (6) Anticipated Construction Timing: Start date: 2026 End date: 2027 (7) Anticipated Capital Investment: Included in total installed cost on Schedule 9 (Trans. and Sub.) (8) Substations: Gopher Substation (9) Participation with Other Utilities: None The Monarch Battery Energy Storage Center will be connected to the transmission bus at Gopher Substation approximately 0.0 miles to connect the BESS. Florida Power & Light Company 351 Page 37 of 84 Schedule 10 Status Report and Specifications of Proposed Transmission Lines Monarch ACES Battery Energy Storage System Center Pilot (Martin County) (1) Point of Origin and Termination: Gopher Substation (2) Number of Lines: 1 (3) Right-of-way FPL - Owned (4) Line Length: 0 miles (5) Voltage: 230 kV (6) Anticipated Construction Timing: Start date: 2026 End date: 2027 (7) Anticipated Capital Investment: Included in total installed cost on Schedule 9 (Trans. and Sub.) (8) Substations: Gopher Substation (9) Participation with Other Utilities: None The Monarch ACES Battery Energy Storage Center Pilot will be connected to the transmission bus at Gopher Substation approximately 0.0 miles to connect the BESS. Florida Power & Light Company 352 Page 38 of 84 Schedule 10 Status Report and Specifications of Proposed Transmission Lines Swallowtail Battery Energy Storage System Center (Walton County) (1) Point,2026-09-26T16:50:05+00:00,2026-09-26T20:29:57+00:00,yes
9d44f144c6e6c1db6cdc,Florida Power & Light,The Mayakka Solar Energy Center will require extending the transmission bus at Lemur Substation,New transmission line,NA,NA,NA,NA,NA,none,Solar Energy Center will require bifurcating the FPL Sunbreak,Glint,230,0,DeSoto County; Indian River County; St. Lucie County,NA,NA,2026,0,NA,Solar Energy Center will require bifurcating the FPL Sunbreak; Glint; DeSoto County; Indian River County; St. Lucie County; Lemur Substation Florida Power; Stallion Substation; Vernia Substation Florida Power,FPL - Ten-Year Site Plan,https://www.fpl.com/content/dam/fplgp/us/en/about/pdf/ten-year-site-plan.pdf,The Mayakka Solar Energy Center will require extending the transmission bus at Lemur Substation Florida Power & Light Company 358 Page 44 of 84 Schedule 10 Status Report and Specifications of Proposed Transmission Lines Joshua Creek Solar Energy Center (DeSoto County) (1) Point of Origin and Termination: Stallion Substation (2) Number of Lines: 1 (3) Right-of-way FPL - Owned (4) Line Length: 0.0 miles (5) Voltage: 230 kV (6) Anticipated Construction Timing: Start date: 2026 End date: 2027 (7) Anticipated Capital Investment: Included in total installed cost on Schedule 9 (Trans. and Sub.) (8) Substations: Stallion Substation (9) Participation with Other Utilities: None (9) Participation with Other Utilities: None The Joshua Creek Solar Energy Center will require extending a transmission bus at Stallion Substation approximately 0.0 miles to connect the solar PV inv erter array. Florida Power & Light Company 359 Page 45 of 84 Schedule 10 Status Report and Specifications of Proposed Transmission Lines Vernia Solar Energy Center (Indian River County) (1) Point of Origin and Termination: Vernia (2) Number of Lines: 1 (3) Right-of-way FPL - Owned (4) Line Length: 0 miles (5) Voltage: 230 kV (6) Anticipated Construction Timing: Start date: 2026 End date: 2027 (7) Anticipated Capital Investment: Included in total installed cost on Schedule 9 (Trans. and Sub.) (8) Substations: Vernia (9) Participation with Other Utilities: None The Vernia Solar Energy Center will require bifurcating the FPL Sunbreak - Glint 230 kV transmission line approximately 0.0 miles to connect a new Vernia substation and connect the solar PV inverter array. Florida Power & Light Company 360 Page 46 of 84 Schedule 10 Status Report and Specifications of Proposed Transmission Lines Ambersweet Solar Energy Cent,2026-09-26T16:50:05+00:00,2026-09-26T20:29:57+00:00,yes
f7dbd9b857a669afa6f0,Florida Power & Light,The Swallowtail Battery Energy Storage Center will be connected to the transmission bus at Swallowtail Substation,New transmission line,"{""type"":""Point"",""coordinates"":[-80.1096175919504,26.9134488422923]}","26.913449, -80.109618",NA,hifld_substation_point,https://services1.arcgis.com/CD5mKowwN6nIaqd8/ArcGIS/rest/services/project_renewable_us_substations_2022/FeatureServer/10 | matched: PLUMOSUS,medium,will be connected to the transmission bus at Swallowtail,Plum,230,0,Union County; Okeechobee County; Hendry County; Calhoun County,NA,NA,2026,0,NA,will be connected to the transmission bus at Swallowtail; Plum; Union County; Okeechobee County; Hendry County; Calhoun County; Swallowtail Substation Florida Power; Plum Substation; Pyrite Substation; Witt Substation,FPL - Ten-Year Site Plan,https://www.fpl.com/content/dam/fplgp/us/en/about/pdf/ten-year-site-plan.pdf,The Swallowtail Battery Energy Storage Center will be connected to the transmission bus at Swallowtail Substation Florida Power & Light Company 353 Page 39 of 84 Schedule 10 Status Report and Specifications of Proposed Transmission Lines Union Springs Battery Energy Storage System Center (Union County) (1) Point of Origin and Termination: Plum Substation (2) Number of Lines: 1 (3) Right-of-way FPL - Owned (4) Line Length: 0 miles (5) Voltage: 115 kV (6) Anticipated Construction Timing: Start date: 2026 End date: 2027 (7) Anticipated Capital Investment: Included in total installed cost on Schedule 9 (Trans. and Sub.) (8) Substations: Plum Substation (9) Participation with Other Utilities: None The Union Springs Battery Energy Storage Center will be connected to the transmission bus at Plum Substation approximately 0.0 miles to connect the BESS. Florida Power & Light Company 354 Page 40 of 84 Schedule 10 Status Report and Specifications of Proposed Transmission Lines Catfish Solar Energy Center (Okeechobee County) (1) Point of Origin and Termination: Catfish Substation (2) Number of Lines: 1 (3) Right-of-way FPL - Owned (4) Line Length: 0 miles (5) Voltage: 230 kV (6) Anticipated Construction Timing: Start date: 2026 End date: 2027 (7) Anticipated Capital Investment: Included in total installed cost on Schedule 9 (Trans. and Sub.) (8) Substations: Catfish Substation (9) Participation with Other Utilities: None The Catfish Solar Energy Center will require extending the transmission bus at Pyrite Substation approximately 0.0 miles to connect a new Catfish substation and connect the solar PV inv erter array. Florida Power & Light Company 355 Page 41 of 84 Schedule 10 Status Report and Specifications of Proposed Transmission Lines Cocoplum Solar Energy Center (Hendry County),2026-09-26T16:50:05+00:00,2026-09-26T20:29:57+00:00,yes
ec7e66cff25769cd8ae1,Florida Power & Light,The Terrill Creek Battery Energy Storage Center will be connected to the transmission bus at Terrill Substation,New transmission line,NA,NA,NA,NA,NA,none,Center will be connected to the transmission bus at Terrill,Finca,230,0,Indian River County; Walton County; Baker County,NA,NA,2026,0,NA,Center will be connected to the transmission bus at Terrill; Finca; Indian River County; Walton County; Baker County; Terrill Substation Florida Power; Finca Substation; Quail Substation; Deodar Substation,FPL - Ten-Year Site Plan,https://www.fpl.com/content/dam/fplgp/us/en/about/pdf/ten-year-site-plan.pdf,The Terrill Creek Battery Energy Storage Center will be connected to the transmission bus at Terrill Substation Florida Power & Light Company 345 Page 31 of 84 Schedule 10 Status Report and Specifications of Proposed Transmission Lines Orange Blossom Battery Energy Storage System Center (Indian River County) (1) Point of Origin and Termination: Finca Substation (2) Number of Lines: 1 (3) Right-of-way FPL - Owned (4) Line Length: 0 miles (5) Voltage: 230 kV (6) Anticipated Construction Timing: Start date: 2026 End date: 2027 (7) Anticipated Capital Investment: Included in total installed cost on Schedule 9 (Trans. and Sub.) (8) Substations: Finca Substation (9) Participation with Other Utilities: None The Sawgrass Battery Energy Storage Center will be connected to the transmission bus at Finca Substation approximately 0.0 miles to connect the BESS. Florida Power & Light Company 346 Page 32 of 84 Schedule 10 Status Report and Specifications of Proposed Transmission Lines Hardwood Hammock Solar Energy Center (Walton County) (1) Point of Origin and Termination: Quail Substation (2) Number of Lines: 1 (3) Right-of-way FPL - Owned (4) Line Length: 0 miles (5) Voltage: 230 kV (6) Anticipated Construction Timing: Start date: 2026 End date: 2027 (7) Anticipated Capital Investment: Included in total installed cost on Schedule 9 (Trans. and Sub.) (8) Substations: Pignut Substation (9) Participation with Other Utilities: None The Hardwood Hammock Solar Energy Center will require extending the transmission bus at Quail Substation approximately 0.0 miles to connect a new Pignut substation and connect the solar PV inv erter array. Florida Power & Light Company 347 Page 33 of 84 Schedule 10 Status Report and Specifications of Proposed Transmission Lines Maple Trail Solar Energy Center,2026-09-26T16:50:05+00:00,2026-09-26T20:29:57+00:00,yes
39d4b07758ba410c1bf3,Florida Power & Light,The Wood Stork Solar Energy Center will require extending the transmission bus at Liberty Substation,New transmission line,NA,NA,NA,NA,NA,none,Center will require extending the transmission bus at Liberty,Ghost,500,0,Hendry County; Madison County; St. Lucie County; Status Report and Specifications of Proposed Transmission Lines County; DeSoto County,NA,NA,2026,0,NA,Center will require extending the transmission bus at Liberty; Ghost; Hendry County; Madison County; St. Lucie County; Status Report and Specifications of Proposed Transmission Lines County; DeSoto County; Liberty Substation Florida Power; Ghost Substation; Apricot Substation,FPL - Ten-Year Site Plan,https://www.fpl.com/content/dam/fplgp/us/en/about/pdf/ten-year-site-plan.pdf,The Wood Stork Solar Energy Center will require extending the transmission bus at Liberty Substation Florida Power & Light Company 335 Page 21 of 84 Schedule 10 Status Report and Specifications of Proposed Transmission Lines Hendry Solar Energy Center (Hendry County) (1) Point of Origin and Termination: Ghost Substation (2) Number of Lines: 0 (3) Right-of-way FPL - Owned (4) Line Length: 0 miles (5) Voltage: 500 kV (6) Anticipated Construction Timing: Start date: 2026 End date: 2027 (7) Anticipated Capital Investment: Included in total installed cost on Schedule 9 (Trans. and Sub.) (8) Substations: Ghost Substation (9) Participation with Other Utilities: None The Hendry Solar Energy Center will require extending the transmission bus at Ghost Substation approximately 0.0 miles to connect the solar PV inv erter array. Florida Power & Light Company 336 Page 22 of 84 Schedule 10 Status Report and Specifications of Proposed Transmission Lines Middle Lake Solar Energy Center (Madison County) (1) Point of Origin and Termination: Sound Substation (2) Number of Lines: 1 (3) Right-of-way FPL - Owned (4) Line Length: 0 miles (5) Voltage: 161 kV (6) Anticipated Construction Timing: Start date: 2026 End date: 2027 (7) Anticipated Capital Investment: Included in total installed cost on Schedule 9 (Trans. and Sub.) (8) Substations: Sound Substation (9) Participation with Other Utilities: None The Middle Lake Solar Energy Center will require extending the transmission bus at future Bandit Substation approximately 0.0 miles to a new Sound substation and connect the solar PV inv erter array. Florida Power & Light Company 337 Page 23 of 84 Schedule 10 Status Report and Specifications of Proposed Transmission Lines Spanish Moss Solar Energy Center (St. Lucie County) (1) Point of Origin and,2026-09-26T16:50:05+00:00,2026-09-26T20:29:57+00:00,yes
5193f9057adc76364c02,Florida Power & Light,The project is scheduled to be completed by June 2026. The construction of this line and substation,New transmission line,"{""type"":""Point"",""coordinates"":[-80.4398011822507,26.0355415571303]}","26.035542, -80.439801",NA,hifld_substation_point,https://services1.arcgis.com/CD5mKowwN6nIaqd8/ArcGIS/rest/services/project_renewable_us_substations_2022/FeatureServer/10 | matched: ANDYTOWN,medium,be completed by June 2026. The construction of this line and,s existing Andytown,500,0,Andytown substation in Broward County; Oasis substation in Miami -Dade County; Quarry substation in Miami-Dade County; Oasis substation in Miami-Dade County; Levee substation in Miami -Dade County; Miami-Dade County; FPL customers in Miami-Dade County,NA,NA,2026,0,NA,be completed by June 2026. The construction of this line and; s existing Andytown; Andytown substation in Broward County; Oasis substation in Miami -Dade County; Quarry substation in Miami-Dade County; Oasis substation in Miami-Dade County; Levee substation in Miami -Dade County; Miami-Dade County; FPL customers in Miami-Dade County; FPL; Broward County; Miami,FPL - Ten-Year Site Plan,https://www.fpl.com/content/dam/fplgp/us/en/about/pdf/ten-year-site-plan.pdf,"The project is scheduled to be completed by June 2026. The construction of this line and substation is necessary to serve existing and future FPL customers in the west Florida area in and around Okeech obee, Highlands, Desoto, Collier, Lee, Sarasota, and Manatee Counties in a reliable and effective manner. Andytown-Oasis The Andytown-Oasis transmission lines project involves the construction of four new transmission lines: (1) one 500 kV line starting at FPL’s existing Andytown substation in Broward County and ending at FPL’s planned Oasis substation in Miami -Dade County; (2) one 500 kV line starting at FPL’s existing Quarry substation in Miami-Dade County and ending at FPL’s planned Oasis substation in Miami -Dade County; (3) one 230 kV line starting at FPL’s planned Oasis substation in Miami-Dade County and ending at FPL’s existing Quarry substation in Miami-Dade County; and (4) one 230 kV line starting at FPL’s planned Oasis substation in Miami-Dade County and ending at FPL’s existing Levee substation in Miami -Dade County. A determination of need for FPL’s proposed Andytown-Oasis transmission lines project was filed with the FPSC in March 2026. The project has a planned in-service date of December 2033. The Project consists of four related transmission lines that are each n ecessary and appropriate to (a) address future thermal overloads and low voltage conditions in Miami-Dade County under contingency events in compliance with NERC Reliability Standards TPL -001-5.1 and NUC -001-4; (b) maintain transmission reliability for FPL customers in Miami-Dade County; and (c) increase power transf er capability of the transmission system to support Miami-Dade County’s growing demand. Florida Power & Light Company 427 (This page is left intentionally blank.)",2026-09-26T16:50:05+00:00,2026-09-26T20:29:57+00:00,yes
1e3540c76f77440c1021,Florida Power & Light,Thomas Substation,New transmission line,NA,NA,NA,NA,NA,none,Thomas,Center will be connected to the transmission bus at Thomas,230,0,Nassau County; Baker County; Bay County,NA,NA,2026,0,NA,Thomas; Center will be connected to the transmission bus at Thomas; Nassau County; Baker County; Bay County; Thomas Substation; Deodar Substation; Harv; Lansing Smith Switchyard,FPL - Ten-Year Site Plan,https://www.fpl.com/content/dam/fplgp/us/en/about/pdf/ten-year-site-plan.pdf,Florida Power & Light Company 323 Page 9 of 84 Schedule 10 Status Report and Specifications of Proposed Transmission Lines Thomas Creek Battery Energy Storage System Center (Nassau County) (1) Point of Origin and Termination: Thomas Substation (2) Number of Lines: 1 (3) Right-of-way FPL - Owned (4) Line Length: 0 miles (5) Voltage: 230 kV (6) Anticipated Construction Timing: Start date: 2025 End date: 2026 (7) Anticipated Capital Investment: Included in total installed cost on Schedule 9 (Trans. and Sub.) (8) Substations: Thomas Substation (9) Participation with Other Utilities: None The Thomas Creek Battery Energy Storage Center will be connected to the transmission bus at Thomas Substation approximately 0.0 miles to connect the BESS. Florida Power & Light Company 324 Page 10 of 84 Schedule 10 Status Report and Specifications of Proposed Transmission Lines Cedar Trail Battery Energy Storage System Center (Baker County) (1) Point of Origin and Termination: Deodar Substation (2) Number of Lines: 1 (3) Right-of-way FPL - Owned (4) Line Length: 0 miles (5) Voltage: 230 kV (6) Anticipated Construction Timing: Start date: 2025 End date: 2026 (7) Anticipated Capital Investment: Included in total installed cost on Schedule 9 (Trans. and Sub.) (8) Substations: Deodar Substation (9) Participation with Other Utilities: None The Cedar Trail Battery Energy Storage Center will be connected to the transmission bus at Deodar Substation approximately 0.0 miles to connect the BESS. Florida Power & Light Company 325 Page 11 of 84 Schedule 10 Status Report and Specifications of Proposed Transmission Lines Nature Trail Battery Energy Storage System Center (Baker County) (1) Point of Origin and Termination: Harvey Substation (2) Number of Lines: 1 (3) Right-of-way FPL - Owned (4) Line Lengt,2026-09-26T16:50:05+00:00,2026-09-26T20:29:57+00:00,yes
fa869923d49c595e35c9,Florida Power & Light,Thomas Substation,New transmission line,NA,NA,NA,NA,NA,none,Thomas,Center will be connected to the transmission bus at Thomas,230,0,Baker County; Bay County; Putnam County,NA,NA,2026,0,NA,Thomas; Center will be connected to the transmission bus at Thomas; Baker County; Bay County; Putnam County; Thomas Substation; Deodar Substation; Harv; Lansing Smith Switchyard,FPL - Ten-Year Site Plan,https://www.fpl.com/content/dam/fplgp/us/en/about/pdf/ten-year-site-plan.pdf,and Sub.) (8) Substations: Thomas Substation (9) Participation with Other Utilities: None The Thomas Creek Battery Energy Storage Center will be connected to the transmission bus at Thomas Substation approximately 0.0 miles to connect the BESS. Florida Power & Light Company 324 Page 10 of 84 Schedule 10 Status Report and Specifications of Proposed Transmission Lines Cedar Trail Battery Energy Storage System Center (Baker County) (1) Point of Origin and Termination: Deodar Substation (2) Number of Lines: 1 (3) Right-of-way FPL - Owned (4) Line Length: 0 miles (5) Voltage: 230 kV (6) Anticipated Construction Timing: Start date: 2025 End date: 2026 (7) Anticipated Capital Investment: Included in total installed cost on Schedule 9 (Trans. and Sub.) (8) Substations: Deodar Substation (9) Participation with Other Utilities: None The Cedar Trail Battery Energy Storage Center will be connected to the transmission bus at Deodar Substation approximately 0.0 miles to connect the BESS. Florida Power & Light Company 325 Page 11 of 84 Schedule 10 Status Report and Specifications of Proposed Transmission Lines Nature Trail Battery Energy Storage System Center (Baker County) (1) Point of Origin and Termination: Harvey Substation (2) Number of Lines: 1 (3) Right-of-way FPL - Owned (4) Line Length: 0 miles (5) Voltage: 230 kV (6) Anticipated Construction Timing: Start date: 2025 End date: 2026 (7) Anticipated Capital Investment: Included in total installed cost on Schedule 9 (Trans. and Sub.) (8) Substations: Harvey Substation (9) Participation with Other Utilities: None The Nature Trail Battery Energy Storage Center will be connected to the transmission bus at Harv ey Substation approximately 0.0 miles to connect the BESS. Florida Power & Light Company 326 Page 12 of 84 Schedule 10 Stat,2026-09-26T16:50:05+00:00,2026-09-26T20:29:57+00:00,yes
b20f8e781001b6fe1ed9,Florida Power & Light,Zoysia Substation,New transmission line,NA,NA,NA,NA,NA,none,Zoysia,Center will be connected to the transmission bus at Zoysia,500,0,Charlotte County; Hendry County; Clay County,NA,NA,2026,0,NA,Zoysia; Center will be connected to the transmission bus at Zoysia; Charlotte County; Hendry County; Clay County; Zoysia Substation Florida Power; Citron Substation; Ghost Substation,FPL - Ten-Year Site Plan,https://www.fpl.com/content/dam/fplgp/us/en/about/pdf/ten-year-site-plan.pdf,Florida Power & Light Company 341 Page 27 of 84 Schedule 10 Status Report and Specifications of Proposed Transmission Lines Green Pasture Battery Energy Storage System Center (Charlotte County) (1) Point of Origin and Termination: Zoysia Substation (2) Number of Lines: 1 (3) Right-of-way FPL - Owned (4) Line Length: 0 miles (5) Voltage: 230 kV (6) Anticipated Construction Timing: Start date: 2026 End date: 2027 (7) Anticipated Capital Investment: Included in total installed cost on Schedule 9 (Trans. and Sub.) (8) Substations: Zoysia Substation (9) Participation with Other Utilities: None approximately 0.0 miles to connect the BESS. The Green Pasture Battery Energy Storage Center will be connected to the transmission bus at Zoysia Substation Florida Power & Light Company 342 Page 28 of 84 Schedule 10 Status Report and Specifications of Proposed Transmission Lines Blue Heron Battery Energy Storage System Center (Hendry County) (1) Point of Origin and Termination: Citron Substation (2) Number of Lines: 1 (3) Right-of-way FPL - Owned (4) Line Length: 0 miles (5) Voltage: 138 kV (6) Anticipated Construction Timing: Start date: 2026 End date: 2027 (7) Anticipated Capital Investment: Included in total installed cost on Schedule 9 (Trans. and Sub.) (8) Substations: Citron Substation (9) Participation with Other Utilities: None The Blue Heron Battery Energy Storage Center will be connected to the transmission bus at Citron Substation approximately 0.0 miles to connect the BESS. Florida Power & Light Company 343 Page 29 of 84 Schedule 10 Status Report and Specifications of Proposed Transmission Lines Sawgrass Battery Energy Storage System Center (Hendry County) (1) Point of Origin and Termination: Ghost Substation (2) Number of Lines: 1 (3) Right-of-way FPL - Owned (4) Line Leng,2026-09-26T16:50:05+00:00,2026-09-26T20:29:57+00:00,yes
e12f2ea2d1eafdec0146,Florida Power & Light,Zoysia Substation,New transmission line,NA,NA,NA,NA,NA,none,Zoysia,Center will be connected to the transmission bus at Zoysia,500,0,Hendry County; Clay County; Indian River County,NA,NA,2026,0,NA,Zoysia; Center will be connected to the transmission bus at Zoysia; Hendry County; Clay County; Indian River County; Zoysia Substation Florida Power; Citron Substation; Ghost Substation; Terrill Substation Florida Power,FPL - Ten-Year Site Plan,https://www.fpl.com/content/dam/fplgp/us/en/about/pdf/ten-year-site-plan.pdf,and Sub.) (8) Substations: Zoysia Substation (9) Participation with Other Utilities: None approximately 0.0 miles to connect the BESS. The Green Pasture Battery Energy Storage Center will be connected to the transmission bus at Zoysia Substation Florida Power & Light Company 342 Page 28 of 84 Schedule 10 Status Report and Specifications of Proposed Transmission Lines Blue Heron Battery Energy Storage System Center (Hendry County) (1) Point of Origin and Termination: Citron Substation (2) Number of Lines: 1 (3) Right-of-way FPL - Owned (4) Line Length: 0 miles (5) Voltage: 138 kV (6) Anticipated Construction Timing: Start date: 2026 End date: 2027 (7) Anticipated Capital Investment: Included in total installed cost on Schedule 9 (Trans. and Sub.) (8) Substations: Citron Substation (9) Participation with Other Utilities: None The Blue Heron Battery Energy Storage Center will be connected to the transmission bus at Citron Substation approximately 0.0 miles to connect the BESS. Florida Power & Light Company 343 Page 29 of 84 Schedule 10 Status Report and Specifications of Proposed Transmission Lines Sawgrass Battery Energy Storage System Center (Hendry County) (1) Point of Origin and Termination: Ghost Substation (2) Number of Lines: 1 (3) Right-of-way FPL - Owned (4) Line Length: 0 miles (5) Voltage: 500 kV (6) Anticipated Construction Timing: Start date: 2026 End date: 2027 (7) Anticipated Capital Investment: Included in total installed cost on Schedule 9 (Trans. and Sub.) (8) Substations: Ghost Substation (9) Participation with Other Utilities: None The Sawgrass Battery Energy Storage Center will be connected to the transmission bus at Ghost Substation approximately 0.0 miles to connect the BESS. Florida Power & Light Company 344 Page 30 of 84 Schedule 10 Status Report a,2026-09-26T16:50:05+00:00,2026-09-26T20:29:57+00:00,yes
e2ccdfe248127afe2aa2,Florida Power & Light,a preliminary preferred corridor for the proposed transmission lines The project will be licensed through the Transmission Line,New transmission line,NA,NA,NA,NA,NA,none,NA,NA,500,0,NA,NA,NA,2026,0,NA,May; Care To Share,FPL - Transmission Projects,https://www.fpl.com/reliability/andytown-oasis-project.html,"FPL will work safely and respectfully and abide by applicable environmental and governmental regulations. FPL plans to complete the projects in 2033. Project Timeline Early 2026: Public Engagement and Input 2026-2028: Design and Permitting Early 2029: Start Construction Late 2033: Project Completion Construction Process Construction consists of right-of-way clearing, access road construction (where necessary), line construction and restoration Structures are generally delivered using semi-trucks and trailers Vegetation management is conducted according to approved standards Equipment used for construction typically includes trucks, trailers, cranes, auger diggers and other support vehicles Permitting FPL will abide by applicable regulations After review of various factors and constraints, FPL identified multiple routes and a preliminary preferred corridor for the proposed transmission lines The project will be licensed through the Transmission Line Siting Act (TSLA) administered by the Florida Department of Environmental Protection: ○ Streamlines all State and local agency permitting approvals into a single process ○ Allows for feedback from agencies and the public on the Preferred Corridor ○ Application filed in May 2026. Additional federal permits will be obtained after the route is selected Environmental and Cultural Resources The following resources are being analyzed: ○ Vegetation ○ Wildlife ○ Aquatic Life ○ Scenic, Cultural, and Natural Landmarks ○ Archaeological and Historic Sites Contact Information: Phone: 561-694-4826 Email: reliability@fpl.com Preliminary Preferred Corridor View PDF version Typical Transmission Structures 500kV Transmission Lines 230kV Transmission Line Stages of Construction Stages of construction About FPL News Company Careers Environment C",2026-09-26T16:50:05+00:00,2026-09-26T20:29:57+00:00,yes
8c9ad0b4f486a2666875,Florida Power & Light,in September 2022. The project is scheduled to be completed by June 2026. The construction of this line and substation,New transmission line,"{""type"":""Point"",""coordinates"":[-80.4398011822507,26.0355415571303]}","26.035542, -80.439801",NA,hifld_substation_point,https://services1.arcgis.com/CD5mKowwN6nIaqd8/ArcGIS/rest/services/project_renewable_us_substations_2022/FeatureServer/10 | matched: ANDYTOWN,medium,be completed by June 2026. The construction of this line and,s existing Andytown,500,0,Andytown substation in Broward County; Oasis substation in Miami -Dade County; Quarry substation in Miami-Dade County; Oasis substation in Miami-Dade County; Levee substation in Miami -Dade County; Miami-Dade County; FPL customers in Miami-Dade County,NA,NA,2026,0,NA,be completed by June 2026. The construction of this line and; s existing Andytown; Andytown substation in Broward County; Oasis substation in Miami -Dade County; Quarry substation in Miami-Dade County; Oasis substation in Miami-Dade County; Levee substation in Miami -Dade County; Miami-Dade County; FPL customers in Miami-Dade County; April; September; FPL,FPL - Ten-Year Site Plan,https://www.fpl.com/content/dam/fplgp/us/en/about/pdf/ten-year-site-plan.pdf,"A determination of need for the line was filed with the FPSC in April 2022, and a final order certifying the Florida Power & Light Company 426 corridor for the project was issued in September 2022. The project is scheduled to be completed by June 2026. The construction of this line and substation is necessary to serve existing and future FPL customers in the west Florida area in and around Okeech obee, Highlands, Desoto, Collier, Lee, Sarasota, and Manatee Counties in a reliable and effective manner. Andytown-Oasis The Andytown-Oasis transmission lines project involves the construction of four new transmission lines: (1) one 500 kV line starting at FPL’s existing Andytown substation in Broward County and ending at FPL’s planned Oasis substation in Miami -Dade County; (2) one 500 kV line starting at FPL’s existing Quarry substation in Miami-Dade County and ending at FPL’s planned Oasis substation in Miami -Dade County; (3) one 230 kV line starting at FPL’s planned Oasis substation in Miami-Dade County and ending at FPL’s existing Quarry substation in Miami-Dade County; and (4) one 230 kV line starting at FPL’s planned Oasis substation in Miami-Dade County and ending at FPL’s existing Levee substation in Miami -Dade County. A determination of need for FPL’s proposed Andytown-Oasis transmission lines project was filed with the FPSC in March 2026. The project has a planned in-service date of December 2033. The Project consists of four related transmission lines that are each n ecessary and appropriate to (a) address future thermal overloads and low voltage conditions in Miami-Dade County under contingency events in compliance with NERC Reliability Standards TPL -001-5.1 and NUC -001-4; (b) maintain transmission reliability for FPL customers in Miami-Dade County; and (c) inc",2026-09-26T16:50:05+00:00,2026-09-26T20:29:57+00:00,yes
6f86d6d1dc847e68b3db,Florida Power & Light,kV main step-up transformer (85 MVA) with a 230 kV breaker to connect PV inverter array at Apricot substation,New transmission line,NA,NA,NA,NA,NA,none,Add one 230/34.5 kV main step,up transformer (85 MVA) with a,230,0,Transmission Facilities for the Sand Pine Solar Energy Center in Calhoun County; Sand Pine Solar Energy Center in Calhoun County,NA,NA,2026,0,NA,Add one 230/34.5 kV main step; up transformer (85 MVA) with a; Transmission Facilities for the Sand Pine Solar Energy Center in Calhoun County; Sand Pine Solar Energy Center in Calhoun County; Apricot; Calhoun County; Quincy,FPL - Ten-Year Site Plan,https://www.fpl.com/content/dam/fplgp/us/en/about/pdf/ten-year-site-plan.pdf,"Add one 230/34.5 kV main step-up transformer (85 MVA) with a 230 kV breaker to connect PV inverter array at Apricot substation. Construct 34.5 kV bus to connect the PV array to Apricot 230 kV substation. Add relays and other protective equipment. Breaker replacements: None II.Transmission: 1. Loop the adjacent Sunbreak - Muscadine 230 kV into Apricot substation. No additional upgrades are expected to be necessary at this time. Florida Power & Light Company 100 III.E.4 Transmission Facilities for the Sand Pine Solar Energy Center in Calhoun County The work required to connect the approximate 74.5 MW (nameplate, AC) Sand Pine Solar Energy Center in Calhoun County in the 2nd Quarter of 2026 is projected to be: I.Substation: 1. Extend 230 kV bus at Quincy substation to a new substation (Chinkapin) and interconnect the 230/34.5kV transformer through a 230kV breaker.",2026-09-26T16:50:05+00:00,2026-09-26T20:29:57+00:00,yes
6bb5006da40bcc52dabf,Florida Power & Light,provide the rationale for any new or upgraded line. FPL has identified the need for two new transmission line,New transmission line,"{""type"":""Point"",""coordinates"":[-81.8090531135721,27.2245253712362]}","27.224525, -81.809053",NA,hifld_substation_point,https://services1.arcgis.com/CD5mKowwN6nIaqd8/ArcGIS/rest/services/project_renewable_us_substations_2022/FeatureServer/10 | matched: WHIDDEN,medium,Siting Act (as shown on Table III.E.1 in Chapter III). Sweatt,Whidden The,500,0,Andytown substation in Broward County; Oasis substation in Miami -Dade County; Quarry substation in Miami-Dade County; Oasis substation in Miami-Dade County; Levee substation in Miami -Dade County,NA,NA,2026,0,NA,Siting Act (as shown on Table III.E.1 in Chapter III). Sweatt; Whidden The; Andytown substation in Broward County; Oasis substation in Miami -Dade County; Quarry substation in Miami-Dade County; Oasis substation in Miami-Dade County; Levee substation in Miami -Dade County; Chapter III; April; September; FPL; Broward County,FPL - Ten-Year Site Plan,https://www.fpl.com/content/dam/fplgp/us/en/about/pdf/ten-year-site-plan.pdf,"S.) during the planning horizon. Also, provide the rationale for any new or upgraded line. FPL has identified the need for two new transmission line projects that require certification under the Transmission Line Siting Act (as shown on Table III.E.1 in Chapter III). Sweatt-Whidden The 230 kV line will connect FPL’s Whidden Substation to a new Sweatt 230 kV Substation. A determination of need for the line was filed with the FPSC in April 2022, and a final order certifying the Florida Power & Light Company 426 corridor for the project was issued in September 2022. The project is scheduled to be completed by June 2026. The construction of this line and substation is necessary to serve existing and future FPL customers in the west Florida area in and around Okeech obee, Highlands, Desoto, Collier, Lee, Sarasota, and Manatee Counties in a reliable and effective manner. Andytown-Oasis The Andytown-Oasis transmission lines project involves the construction of four new transmission lines: (1) one 500 kV line starting at FPL’s existing Andytown substation in Broward County and ending at FPL’s planned Oasis substation in Miami -Dade County; (2) one 500 kV line starting at FPL’s existing Quarry substation in Miami-Dade County and ending at FPL’s planned Oasis substation in Miami -Dade County; (3) one 230 kV line starting at FPL’s planned Oasis substation in Miami-Dade County and ending at FPL’s existing Quarry substation in Miami-Dade County; and (4) one 230 kV line starting at FPL’s planned Oasis substation in Miami-Dade County and ending at FPL’s existing Levee substation in Miami -Dade County.",2026-09-26T16:50:05+00:00,2026-09-26T20:29:57+00:00,yes
4254f23740ae40529385,Florida Power & Light,s Electric Transmission Line,New transmission line,NA,NA,NA,NA,NA,none,NA,NA,500,0,NA,NA,NA,2026,0,NA,May; Care To Share,FPL - Transmission Projects,https://www.fpl.com/reliability/andytown-oasis-project.html,"FPL has filed an application under the Florida’s Electric Transmission Line Siting Act. FPL will work safely and respectfully and abide by applicable environmental and governmental regulations. FPL plans to complete the projects in 2033. Project Timeline Early 2026: Public Engagement and Input 2026-2028: Design and Permitting Early 2029: Start Construction Late 2033: Project Completion Construction Process Construction consists of right-of-way clearing, access road construction (where necessary), line construction and restoration Structures are generally delivered using semi-trucks and trailers Vegetation management is conducted according to approved standards Equipment used for construction typically includes trucks, trailers, cranes, auger diggers and other support vehicles Permitting FPL will abide by applicable regulations After review of various factors and constraints, FPL identified multiple routes and a preliminary preferred corridor for the proposed transmission lines The project will be licensed through the Transmission Line Siting Act (TSLA) administered by the Florida Department of Environmental Protection: ○ Streamlines all State and local agency permitting approvals into a single process ○ Allows for feedback from agencies and the public on the Preferred Corridor ○ Application filed in May 2026. Additional federal permits will be obtained after the route is selected Environmental and Cultural Resources The following resources are being analyzed: ○ Vegetation ○ Wildlife ○ Aquatic Life ○ Scenic, Cultural, and Natural Landmarks ○ Archaeological and Historic Sites Contact Information: Phone: 561-694-4826 Email: reliability@fpl.com Preliminary Preferred Corridor View PDF version Typical Transmission Structures 500kV Transmission Lines 230kV Transmission Line St",2026-09-26T16:50:05+00:00,2026-09-26T20:29:57+00:00,yes
6c7a8814caf84cf2b883,Florida Power & Light,s Whidden Substation,New transmission line,"{""type"":""LineString"",""coordinates"":[[-80.7931950496396,27.4483775419767],[-81.8090531135721,27.2245253712362]]}","27.336451, -81.301124",NA,hifld_substation_endpoints,https://services1.arcgis.com/CD5mKowwN6nIaqd8/ArcGIS/rest/services/project_renewable_us_substations_2022/FeatureServer/10 | matched: SWEATT; WHIDDEN,medium,Sweatt,Whidden The,500,0,Andytown substation in Broward County; Oasis substation in Miami -Dade County; Quarry substation in Miami-Dade County; Oasis substation in Miami-Dade County; Levee substation in Miami -Dade County; Miami-Dade County; FPL customers in Miami-Dade County,NA,NA,2026,0,NA,Sweatt; Whidden The; Andytown substation in Broward County; Oasis substation in Miami -Dade County; Quarry substation in Miami-Dade County; Oasis substation in Miami-Dade County; Levee substation in Miami -Dade County; Miami-Dade County; FPL customers in Miami-Dade County; April; September; FPL,FPL - Ten-Year Site Plan,https://www.fpl.com/content/dam/fplgp/us/en/about/pdf/ten-year-site-plan.pdf,"Sweatt-Whidden The 230 kV line will connect FPL’s Whidden Substation to a new Sweatt 230 kV Substation. A determination of need for the line was filed with the FPSC in April 2022, and a final order certifying the Florida Power & Light Company 426 corridor for the project was issued in September 2022. The project is scheduled to be completed by June 2026. The construction of this line and substation is necessary to serve existing and future FPL customers in the west Florida area in and around Okeech obee, Highlands, Desoto, Collier, Lee, Sarasota, and Manatee Counties in a reliable and effective manner. Andytown-Oasis The Andytown-Oasis transmission lines project involves the construction of four new transmission lines: (1) one 500 kV line starting at FPL’s existing Andytown substation in Broward County and ending at FPL’s planned Oasis substation in Miami -Dade County; (2) one 500 kV line starting at FPL’s existing Quarry substation in Miami-Dade County and ending at FPL’s planned Oasis substation in Miami -Dade County; (3) one 230 kV line starting at FPL’s planned Oasis substation in Miami-Dade County and ending at FPL’s existing Quarry substation in Miami-Dade County; and (4) one 230 kV line starting at FPL’s planned Oasis substation in Miami-Dade County and ending at FPL’s existing Levee substation in Miami -Dade County. A determination of need for FPL’s proposed Andytown-Oasis transmission lines project was filed with the FPSC in March 2026. The project has a planned in-service date of December 2033. The Project consists of four related transmission lines that are each n ecessary and appropriate to (a) address future thermal overloads and low voltage conditions in Miami-Dade County under contingency events in compliance with NERC Reliability Standards TPL -001-5.1 a",2026-09-26T16:50:05+00:00,2026-09-26T20:29:57+00:00,yes
0f14e8b348ca7d866e7c,Florida Power & Light,s existing Andytown substation,New transmission line,"{""type"":""Point"",""coordinates"":[-80.4398011822507,26.0355415571303]}","26.035542, -80.439801",NA,hifld_substation_point,https://services1.arcgis.com/CD5mKowwN6nIaqd8/ArcGIS/rest/services/project_renewable_us_substations_2022/FeatureServer/10 | matched: ANDYTOWN,medium,s existing Andytown,s planned Oasis,500,0,Andytown substation in Broward County; Oasis substation in Miami -Dade County; Quarry substation in Miami-Dade County; Oasis substation in Miami-Dade County; Levee substation in Miami -Dade County; Miami-Dade County; FPL customers in Miami-Dade County,NA,NA,2026,0,NA,s existing Andytown; s planned Oasis; Andytown substation in Broward County; Oasis substation in Miami -Dade County; Quarry substation in Miami-Dade County; Oasis substation in Miami-Dade County; Levee substation in Miami -Dade County; Miami-Dade County; FPL customers in Miami-Dade County; FPL; Broward County; Miami,FPL - Ten-Year Site Plan,https://www.fpl.com/content/dam/fplgp/us/en/about/pdf/ten-year-site-plan.pdf,Andytown-Oasis The Andytown-Oasis transmission lines project involves the construction of four new transmission lines: (1) one 500 kV line starting at FPL’s existing Andytown substation in Broward County and ending at FPL’s planned Oasis substation in Miami -Dade County; (2) one 500 kV line starting at FPL’s existing Quarry substation in Miami-Dade County and ending at FPL’s planned Oasis substation in Miami -Dade County; (3) one 230 kV line starting at FPL’s planned Oasis substation in Miami-Dade County and ending at FPL’s existing Quarry substation in Miami-Dade County; and (4) one 230 kV line starting at FPL’s planned Oasis substation in Miami-Dade County and ending at FPL’s existing Levee substation in Miami -Dade County. A determination of need for FPL’s proposed Andytown-Oasis transmission lines project was filed with the FPSC in March 2026. The project has a planned in-service date of December 2033. The Project consists of four related transmission lines that are each n ecessary and appropriate to (a) address future thermal overloads and low voltage conditions in Miami-Dade County under contingency events in compliance with NERC Reliability Standards TPL -001-5.1 and NUC -001-4; (b) maintain transmission reliability for FPL customers in Miami-Dade County; and (c) increase power transf er capability of the transmission system to support Miami-Dade County’s growing demand. Florida Power & Light Company 427 (This page is left intentionally blank.),2026-09-26T16:50:05+00:00,2026-09-26T20:29:57+00:00,yes
b6cfd5f8be130fe24ff3,Florida Power & Light,s proposed future additions of 230 kV and above bulk transmission lines that must be ce rtified under the Transmission Line,New transmission line,NA,NA,NA,NA,NA,none,NA,NA,230,0,NA,NA,NA,2026,0,NA,FPL; Sweatt; September,FPL - Ten-Year Site Plan,https://www.fpl.com/content/dam/fplgp/us/en/about/pdf/ten-year-site-plan.pdf,"Business Lighting This program encourages customers to install high-efficiency lighting systems. Business Custom Incentive (BCI) This program encourages customers to install unique high -efficiency technologies not covered by other FPL DSM programs. Conservation Research & Development (CRD) Project This project consists of industry research and studies designed to: identify new energy - efficient technologies; evaluate and quantify their impacts on energy, demand and customers; and where appropriate and cost -effective, incorporate an emerging technology into a DSM program. Florida Power & Light Company 96 III.E Transmission Plan The transmission plan will allow for the reliable delivery of the required capacity and energy to FPL’s retail and wholesale customers. The following table presents FPL’s proposed future additions of 230 kV and above bulk transmission lines that must be ce rtified under the Transmission Line Siting Act (TLSA). There are five such lines in the FPL system for this ten-year reporting period. Table III.E.1: List of Proposed Power Lines (1) Line Ownership (2) Terminals (To) (3) Terminals (From) (4) Line Length CKT. Miles (5) Commercial In-Service Date (Mo/Yr) (6) Nominal Voltage (KV) (7) Capacity (MVA) FPL Sweatt 1/ Whidden 79 June/2026 230 1,195 FPL Oasis 2/ Andytown 30 December/2031 500 3,464 FPL Oasis 2/ Quarry 15 December/2033 500 3,464 FPL Quarry 2/ Oasis 15 December/2033 230 1,195 FPL Levee 2/ Oasis 15 December/2033 230 1,195 1/ Need Determination for the Whidden to Sweatt project was approved on May 17, 2022, and Conditions of Certification were received in September 2022.",2026-09-26T16:50:05+00:00,2026-09-26T20:29:57+00:00,yes
982985dd5e146409f00a,Florida Power & Light,transmission construction and upgrade plans for electric utility system lines that must be certified under the Transmission Line,New transmission line,"{""type"":""Point"",""coordinates"":[-81.8090531135721,27.2245253712362]}","27.224525, -81.809053",NA,hifld_substation_point,https://services1.arcgis.com/CD5mKowwN6nIaqd8/ArcGIS/rest/services/project_renewable_us_substations_2022/FeatureServer/10 | matched: WHIDDEN,high,Siting Act (as shown on Table III.E.1 in Chapter III). Sweatt,Whidden The,230,0,NA,NA,NA,2026,0,NA,Siting Act (as shown on Table III.E.1 in Chapter III). Sweatt; Whidden The; Chapter III; April; September,FPL - Ten-Year Site Plan,https://www.fpl.com/content/dam/fplgp/us/en/about/pdf/ten-year-site-plan.pdf,"Discussion Item # 12: Provide the transmission construction and upgrade plans for electric utility system lines that must be certified under the Transmission Line Siting Act (403.52 - 403.536, F. S.) during the planning horizon. Also, provide the rationale for any new or upgraded line. FPL has identified the need for two new transmission line projects that require certification under the Transmission Line Siting Act (as shown on Table III.E.1 in Chapter III). Sweatt-Whidden The 230 kV line will connect FPL’s Whidden Substation to a new Sweatt 230 kV Substation. A determination of need for the line was filed with the FPSC in April 2022, and a final order certifying the Florida Power & Light Company 426 corridor for the project was issued in September 2022. The project is scheduled to be completed by June 2026. The construction of this line and substation is necessary to serve existing and future FPL customers in the west Florida area in and around Okeech obee, Highlands, Desoto, Collier, Lee, Sarasota, and Manatee Counties in a reliable and effective manner.",2026-09-26T16:50:05+00:00,2026-09-26T20:29:57+00:00,yes
8e714bb4d5be392bc2b4,Florida Power & Light,two (2) breaker 230 kV substation,New transmission line,NA,NA,NA,NA,NA,none,adjacent to the new Sunbreak,Morrow,230,0,Transmission Facilities for the Sea Grape Solar Energy Center in St. Lucie County; Sea Grape Solar Energy Center in St. Lucie County,NA,NA,2026,0,NA,adjacent to the new Sunbreak; Morrow; Transmission Facilities for the Sea Grape Solar Energy Center in St. Lucie County; Sea Grape Solar Energy Center in St. Lucie County; St. Lucie County; Muscadine,FPL - Ten-Year Site Plan,https://www.fpl.com/content/dam/fplgp/us/en/about/pdf/ten-year-site-plan.pdf,"No additional upgrades are expected to be necessary at this time. Florida Power & Light Company 98 III.E.2 Transmission Facilities for the Sea Grape Solar Energy Center in St. Lucie County The work required to connect the approximate 74.5 MW (nameplate, AC) Sea Grape Solar Energy Center in St. Lucie County in the 2 nd Quarter of 2026 is projected to be: I.Substation: 1. Construct a new single bus, two (2) breaker 230 kV substation (Muscadine) on the project site, adjacent to the new Sunbreak - Morrow 230 kV line. Add one 230/34.5 kV main step-up transformer (85 MVA) with a 230 kV breaker to connect PV inverter array at Muscadine substation. Construct 34.5 kV bus to connect the PV array to Muscadine 230 kV substation. Add relays and other protective equipment.",2026-09-26T16:50:05+00:00,2026-09-26T20:29:57+00:00,yes
9b3abeb40b84076d99a0,Florida Power & Light,two (2) breaker 230 kV substation,New transmission line,NA,NA,NA,NA,NA,none,adjacent to the new Sunbreak,Muscadine,230,0,Transmission Facilities for the North Orange Solar Energy Center in St. Lucie County; North Orange Solar Energy Center in St. Lucie County,NA,NA,2026,0,NA,adjacent to the new Sunbreak; Muscadine; Transmission Facilities for the North Orange Solar Energy Center in St. Lucie County; North Orange Solar Energy Center in St. Lucie County; St. Lucie County; Apricot,FPL - Ten-Year Site Plan,https://www.fpl.com/content/dam/fplgp/us/en/about/pdf/ten-year-site-plan.pdf,"No additional upgrades are expected to be necessary at this time. Florida Power & Light Company 99 III.E.3 Transmission Facilities for the North Orange Solar Energy Center in St. Lucie County The work required to connect the approximate 74.5 MW (nameplate, AC) North Orange Solar Energy Center in St. Lucie County in the 2 nd Quarter of 2026 is projected to be: I.Substation: 1. Construct a new single bus, two (2) breaker 230 kV substation (Apricot) on the project site, adjacent to the new Sunbreak - Muscadine 230 kV line. Add one 230/34.5 kV main step-up transformer (85 MVA) with a 230 kV breaker to connect PV inverter array at Apricot substation. Construct 34.5 kV bus to connect the PV array to Apricot 230 kV substation. Add relays and other protective equipment.",2026-09-26T16:50:05+00:00,2026-09-26T20:29:57+00:00,yes
8ce294c5de666d053b72,Florida Power & Light,Ambersweet Substation,New transmission line,NA,NA,NA,NA,NA,none,Energy Center will require bifurcating the new FPL Sunbreak,Heritage,230,0,Indian River County; St. Lucie County,NA,NA,2027,0,NA,Energy Center will require bifurcating the new FPL Sunbreak; Heritage; Indian River County; St. Lucie County; Vernia Substation Florida Power,FPL - Ten-Year Site Plan,https://www.fpl.com/content/dam/fplgp/us/en/about/pdf/ten-year-site-plan.pdf,Florida Power & Light Company 360 Page 46 of 84 Schedule 10 Status Report and Specifications of Proposed Transmission Lines Ambersweet Solar Energy Center (Indian River County) (1) Point of Origin and Termination: Ambersweet Substation (2) Number of Lines: 1 (3) Right-of-way FPL - Owned (4) Line Length: 0 miles (5) Voltage: 230 kV (6) Anticipated Construction Timing: Start date: 2027 End date: 2028 (7) Anticipated Capital Investment: Included in total installed cost on Schedule 9 (Trans. and Sub.) (8) Substations: Ambersweet Substation (9) Participation with Other Utilities: None line approximately 0.0 miles to connect the solar PV inverter array. The Ambersweet Solar Energy Center will require extending the transmission bus at Vernia Substation Florida Power & Light Company 361 Page 47 of 84 Schedule 10 Status Report and Specifications of Proposed Transmission Lines Waveland Solar Energy Center (St. Lucie County) (1) Point of Origin and Termination: Waveland Substation (2) Number of Lines: 1 (3) Right-of-way FPL - Owned (4) Line Length: 0 miles (5) Voltage: 230 kV (6) Anticipated Construction Timing: Start date: 2027 End date: 2028 (7) Anticipated Capital Investment: Included in total installed cost on Schedule 9 (Trans. and Sub.) (8) Substations: Waveland Substation (9) Participation with Other Utilities: None The Wav eland Solar Energy Center will require bifurcating the new FPL Sunbreak - Heritage 230 kV transmission line approximately 0.0 miles to connect a new Wav eland substation and connect the solar PV inv erter array. Florida Power & Light Company 362 Page 48 of 84 Schedule 10 Status Report and Specifications of Proposed Transmission Lines Inlet Solar Energy Center (Indian River County) (1) Point of Origin and Termination: Lumia Substation (2) Number of Lines:,2026-09-26T16:50:05+00:00,2026-09-26T20:29:57+00:00,yes
aaca9c6081b77dd44f54,Florida Power & Light,Boardwalk Substation,New transmission line,NA,NA,NA,NA,NA,none,Boardwalk,will require extending the transmission bus at Boardwalk,500,0,Collier County; DeSoto County,NA,NA,2027,0,NA,Boardwalk; will require extending the transmission bus at Boardwalk; Collier County; DeSoto County; Boardwalk Substation Florida Power; Boardwalk Substation,FPL - Ten-Year Site Plan,https://www.fpl.com/content/dam/fplgp/us/en/about/pdf/ten-year-site-plan.pdf,Florida Power & Light Company 366 Page 52 of 84 Schedule 10 Status Report and Specifications of Proposed Transmission Lines Treefrog Solar Energy Center (Collier County) (1) Point of Origin and Termination: Boardwalk Substation (2) Number of Lines: 1 (3) Right-of-way FPL - Owned (4) Line Length: 0.0 miles (5) Voltage: 500 kV (6) Anticipated Construction Timing: Start date: 2027 End date: 2028 (7) Anticipated Capital Investment: Included in total installed cost on Schedule 9 (Trans. and Sub.) (8) Substations: Boardwalk Substation (9) Participation with Other Utilities: None line approximately 0.0 miles to connect the solar PV inv erter array. The Treefrog Solar Energy Center will require extending the transmission bus at Boardwalk Substation Florida Power & Light Company 367 Page 53 of 84 Schedule 10 Status Report and Specifications of Proposed Transmission Lines Honeybee Solar Energy Center (Collier County) (1) Point of Origin and Termination: Boardwalk Substation (2) Number of Lines: 1 (3) Right-of-way FPL - Owned (4) Line Length: 0.0 miles (5) Voltage: 500 kV (6) Anticipated Construction Timing: Start date: 2027 End date: 2028 (7) Anticipated Capital Investment: Included in total installed cost on Schedule 9 (Trans. and Sub.) (8) Substations: Boardwalk Substation (9) Participation with Other Utilities: None The Honeybee Solar Energy Center will require extending the transmission bus at Boardwalk Substation line approximately 0.0 miles to connect the solar PV inv erter array. Florida Power & Light Company 368 Page 54 of 84 Schedule 10 Status Report and Specifications of Proposed Transmission Lines Bromeliad Solar Energy Center (Collier County) (1) Point of Origin and Termination: Boardwalk Substation (2) Number of Lines: 1 (3) Right-of-way FPL - Owned (4) Line Length:,2026-09-26T16:50:05+00:00,2026-09-26T20:29:57+00:00,yes
a7446e869ebd6efdd8d6,Florida Power & Light,Boardwalk Substation,New transmission line,"{""type"":""Point"",""coordinates"":[-86.4649194295921,30.5130997578071]}","30.513100, -86.464919",NA,hifld_substation_point,https://services1.arcgis.com/CD5mKowwN6nIaqd8/ArcGIS/rest/services/project_renewable_us_substations_2022/FeatureServer/10 | matched: NICEVILLE,medium,Lily Solar Energy Center will require bifurcating the Glint,Sev ille,500,0,Collier County; DeSoto County; St. Lucie County,NA,NA,2027,0,NA,Lily Solar Energy Center will require bifurcating the Glint; Sev ille; Collier County; DeSoto County; St. Lucie County; Boardwalk Substation; Stallion Substation Florida Power,FPL - Ten-Year Site Plan,https://www.fpl.com/content/dam/fplgp/us/en/about/pdf/ten-year-site-plan.pdf,and Sub.) (8) Substations: Boardwalk Substation (9) Participation with Other Utilities: None The Honeybee Solar Energy Center will require extending the transmission bus at Boardwalk Substation line approximately 0.0 miles to connect the solar PV inv erter array. Florida Power & Light Company 368 Page 54 of 84 Schedule 10 Status Report and Specifications of Proposed Transmission Lines Bromeliad Solar Energy Center (Collier County) (1) Point of Origin and Termination: Boardwalk Substation (2) Number of Lines: 1 (3) Right-of-way FPL - Owned (4) Line Length: 0.0 miles (5) Voltage: 500 kV (6) Anticipated Construction Timing: Start date: 2027 End date: 2028 (7) Anticipated Capital Investment: Included in total installed cost on Schedule 9 (Trans. and Sub.) (8) Substations: Boardwalk Substation (9) Participation with Other Utilities: None The Bromeliad Solar Energy Center will require extending the transmission bus at Boardwalk Substation line approximately 0.0 miles to connect the solar PV inv erter array. Florida Power & Light Company 369 Page 55 of 84 Schedule 10 Status Report and Specifications of Proposed Transmission Lines Sand Gully Solar Energy Center (DeSoto County) (1) Point of Origin and Termination: Stallion Substation (2) Number of Lines: 1 (3) Right-of-way FPL - Owned (4) Line Length: 0.0 miles (5) Voltage: 230 kV (6) Anticipated Construction Timing: Start date: 2027 End date: 2028 (7) Anticipated Capital Investment: Included in total installed cost on Schedule 9 (Trans. and Sub.) (8) Substations: Stallion Substation (9) Participation with Other Utilities: None line approximately 0.0 miles to connect the solar PV inv erter array. The Sand Gully Solar Energy Center will require extending the transmission bus at Stallion Substation Florida Power & Light Company 37,2026-09-26T16:50:05+00:00,2026-09-26T20:29:57+00:00,yes
3335f75d5927fae3f8ee,Florida Power & Light,Boardwalk Substation,New transmission line,"{""type"":""LineString"",""coordinates"":[[-81.8011680958959,27.3159260375249],[-86.4649194295921,30.5130997578071]]}","28.914513, -84.133044",NA,hifld_substation_endpoints,https://services1.arcgis.com/CD5mKowwN6nIaqd8/ArcGIS/rest/services/project_renewable_us_substations_2022/FeatureServer/10 | matched: DESOTO NEXT GENERATION SOLAR ENERGY; NICEVILLE,medium,Lily Solar Energy Center will require bifurcating the Glint,Sev ille,230,0,DeSoto County; St. Lucie County,NA,NA,2027,0,NA,Lily Solar Energy Center will require bifurcating the Glint; Sev ille; DeSoto County; St. Lucie County; Boardwalk Substation; Stallion Substation Florida Power,FPL - Ten-Year Site Plan,https://www.fpl.com/content/dam/fplgp/us/en/about/pdf/ten-year-site-plan.pdf,and Sub.) (8) Substations: Boardwalk Substation (9) Participation with Other Utilities: None The Bromeliad Solar Energy Center will require extending the transmission bus at Boardwalk Substation line approximately 0.0 miles to connect the solar PV inv erter array. Florida Power & Light Company 369 Page 55 of 84 Schedule 10 Status Report and Specifications of Proposed Transmission Lines Sand Gully Solar Energy Center (DeSoto County) (1) Point of Origin and Termination: Stallion Substation (2) Number of Lines: 1 (3) Right-of-way FPL - Owned (4) Line Length: 0.0 miles (5) Voltage: 230 kV (6) Anticipated Construction Timing: Start date: 2027 End date: 2028 (7) Anticipated Capital Investment: Included in total installed cost on Schedule 9 (Trans. and Sub.) (8) Substations: Stallion Substation (9) Participation with Other Utilities: None line approximately 0.0 miles to connect the solar PV inv erter array. The Sand Gully Solar Energy Center will require extending the transmission bus at Stallion Substation Florida Power & Light Company 370 Page 56 of 84 Schedule 10 Status Report and Specifications of Proposed Transmission Lines Pine Lily Solar Energy Center (St. Lucie County) (1) Point of Origin and Termination: Lily Substation (2) Number of Lines: 1 (3) Right-of-way FPL - Owned (4) Line Length: 0 miles (5) Voltage: 230 kV (6) Anticipated Construction Timing: Start date: 2027 End date: 2028 (7) Anticipated Capital Investment: Included in total installed cost on Schedule 9 (Trans. and Sub.) (8) Substations: Lily Substation (9) Participation with Other Utilities: None The Pine Lily Solar Energy Center will require bifurcating the Glint-Sev ille 230kV transmission line approximately 0.0 miles to connect a new Lily substation and connect the solar PV inv erter array. Florida Powe,2026-09-26T16:50:05+00:00,2026-09-26T20:29:57+00:00,yes
424563a6195586f533e0,Florida Power & Light,Construct 34.5 kV bus to connect the PV array to Estuary 230 kV substation,New transmission line,NA,NA,NA,NA,NA,none,Loop the adjacent new Sunbreak,Heritage,230,0,Transmission Facilities for the Tangelo Solar Energy Center in Okeechobee County; Tangelo Solar Energy Center in Okeechobee County,NA,NA,2027,0,NA,Loop the adjacent new Sunbreak; Heritage; Transmission Facilities for the Tangelo Solar Energy Center in Okeechobee County; Tangelo Solar Energy Center in Okeechobee County; Estuary; Okeechobee County; Clementine,FPL - Ten-Year Site Plan,https://www.fpl.com/content/dam/fplgp/us/en/about/pdf/ten-year-site-plan.pdf,"Construct 34.5 kV bus to connect the PV array to Estuary 230 kV substation. Add relays and other protective equipment. Breaker replacements: None II.Transmission: 1. Loop the adjacent new Sunbreak - Heritage 230 kV into Estuary substation. No additional upgrades are expected to be necessary at this time. Florida Power & Light Company 115 III.E.19 Transmission Facilities for the Tangelo Solar Energy Center in Okeechobee County The work required to connect the approximate 74.5 MW (nameplate, AC) Tangelo Solar Energy Center in Okeechobee County in the 1st Quarter of 2027 is projected to be: I.Substation: 1. Extend 230 kV bus at Clementine substation and interconnect the 230/34.5kV transformer through a 230kV breaker. Construct 34.5 kV bus to connect the PV array to Clementine 230 kV Substation.",2026-09-26T16:50:05+00:00,2026-09-26T20:29:57+00:00,yes
17a1bbae09738c7618fb,Florida Power & Light,Construct 34.5 kV bus to connect the PV array to Vernia 230 kV substation,New transmission line,NA,NA,NA,NA,NA,none,None II. Loop the adjacent Sunbreak,Glint,230,0,Transmission Facilities for the Ambersweet Solar Energy Center in Indian River County; Ambersweet Solar Energy Center in Indian River County,NA,NA,2027,0,NA,None II. Loop the adjacent Sunbreak; Glint; Transmission Facilities for the Ambersweet Solar Energy Center in Indian River County; Ambersweet Solar Energy Center in Indian River County; Vernia; Indian River County; Ambersweet Substation.,FPL - Ten-Year Site Plan,https://www.fpl.com/content/dam/fplgp/us/en/about/pdf/ten-year-site-plan.pdf,"Construct 34.5 kV bus to connect the PV array to Vernia 230 kV substation. Add relays and other protective equipment. Breaker replacements: None II. Loop the adjacent Sunbreak - Glint 230 kV into Vernia substation. No additional upgrades are expected to be necessary at this time. Florida Power & Light Company 142 III.E.46 Transmission Facilities for the Ambersweet Solar Energy Center in Indian River County The work required to connect the approximate 74.5 MW (nameplate, AC) Ambersweet Solar Energy Center in Indian River County in the 1st Quarter of 2027 is projected to be: I. Extend 230 kV bus at Vernia substation to a new Ambersweet substation and interconnect the 230/34.5kV transformer through a 230kV breaker.. Construct 34.5 kV bus to connect the PV array to Ambersweet Substation.",2026-09-26T16:50:05+00:00,2026-09-26T20:29:57+00:00,yes
c5e82a9bab8ddef7b62f,Florida Power & Light,Extend 161 kV bus at Bandit substation,New transmission line,NA,NA,NA,NA,NA,none,Extend 161 kV bus at Bandit,to a new Sound,161,0,Transmission Facilities for the Middle Lake Solar Energy Center in Madison County; Middle Lake Solar Energy Center in Madison County,NA,NA,2027,0,NA,Extend 161 kV bus at Bandit; to a new Sound; Transmission Facilities for the Middle Lake Solar Energy Center in Madison County; Middle Lake Solar Energy Center in Madison County; Madison County; Bandit; Sound Substation. Add,FPL - Ten-Year Site Plan,https://www.fpl.com/content/dam/fplgp/us/en/about/pdf/ten-year-site-plan.pdf,"Add relays and other protective equipment. Breaker replacements: None II.Transmission: 1. No additional upgrades are expected to be necessary at this time. Florida Power & Light Company 118 III.E.22 Transmission Facilities for the Middle Lake Solar Energy Center in Madison County The work required to connect the approximate 74.5 MW (nameplate, AC) Middle Lake Solar Energy Center in Madison County in the 1st Quarter of 2027 is projected to be: I.Substation: 1. Extend 161 kV bus at Bandit substation to a new Sound substation and interconnect the 161/34.5kV transformer through a 161kV breaker. Construct 34.5 kV bus to connect the PV array to Sound Substation. Add relays and other protective equipment. Breaker replacements: None II.Transmission: 1.",2026-09-26T16:50:05+00:00,2026-09-26T20:29:57+00:00,yes
1375ac5bbc5bd73d9411,Florida Power & Light,Extend 230 kV bus at Clementine substation,New transmission line,NA,NA,NA,NA,NA,none,Extend 230 kV bus at Clementine,kV bus to connect the PV array to Clementine 230 kV,230,0,Transmission Facilities for the Tangelo Solar Energy Center in Okeechobee County; Tangelo Solar Energy Center in Okeechobee County,NA,NA,2027,0,NA,Extend 230 kV bus at Clementine; kV bus to connect the PV array to Clementine 230 kV; Transmission Facilities for the Tangelo Solar Energy Center in Okeechobee County; Tangelo Solar Energy Center in Okeechobee County; Okeechobee County; Clementine; St.,FPL - Ten-Year Site Plan,https://www.fpl.com/content/dam/fplgp/us/en/about/pdf/ten-year-site-plan.pdf,"No additional upgrades are expected to be necessary at this time. Florida Power & Light Company 115 III.E.19 Transmission Facilities for the Tangelo Solar Energy Center in Okeechobee County The work required to connect the approximate 74.5 MW (nameplate, AC) Tangelo Solar Energy Center in Okeechobee County in the 1st Quarter of 2027 is projected to be: I.Substation: 1. Extend 230 kV bus at Clementine substation and interconnect the 230/34.5kV transformer through a 230kV breaker. Construct 34.5 kV bus to connect the PV array to Clementine 230 kV Substation. Add relays and other protective equipment. Breaker replacements: None II.Transmission: 1. No additional upgrades are expected to be necessary at this time. Florida Power & Light Company 116 III.E.20 Transmission Facilities for the Wood Stork Solar Energy Center in St.",2026-09-26T16:50:05+00:00,2026-09-26T20:29:57+00:00,yes
2da435f8c07f938c6ad1,Florida Power & Light,Extend 230 kV bus at Deodar substation,New transmission line,NA,NA,129 III.E.33 Transmission Facilities for the Maple Trail Solar Energy Center in,NA,NA,none,Extend 230 kV bus at Deodar,to a new Maple,230,0,Transmission Facilities for the Maple Trail Solar Energy Center in Baker County; Maple Trail Solar Energy Center in Baker County,NA,NA,2027,0,NA,Extend 230 kV bus at Deodar; to a new Maple; Transmission Facilities for the Maple Trail Solar Energy Center in Baker County; Maple Trail Solar Energy Center in Baker County; Baker County; Deodar; Maple,FPL - Ten-Year Site Plan,https://www.fpl.com/content/dam/fplgp/us/en/about/pdf/ten-year-site-plan.pdf,"Add relays and other protective equipment. Breaker replacements: None II.Transmission: 1. No additional upgrades are expected to be necessary at this time. Florida Power & Light Company 129 III.E.33 Transmission Facilities for the Maple Trail Solar Energy Center in Baker County The work required to connect the approximate 74.5 MW (nameplate, AC) Maple Trail Solar Energy Center in Baker County in the 3rd Quarter of 2027 is projected to be: I.Substation: 1. Extend 230 kV bus at Deodar substation to a new Maple substation and interconnect the 230/34.5kV transformer through a 230kV breaker. Construct 34.5 kV bus to connect the PV array to Maple 230 kV Substation. Add relays and other protective equipment. Breaker replacements: None II.Transmission: 1.",2026-09-26T16:50:05+00:00,2026-09-26T20:29:57+00:00,yes
0f908e3b826aa953a20d,Florida Power & Light,Extend 230 kV bus at Liberty substation,New transmission line,NA,NA,NA,NA,NA,none,Extend 230 kV bus at Liberty,kV bus to connect the PV array to Liberty 230 kV,230,0,Transmission Facilities for the Wood Stork Solar Energy Center in St. Lucie County; Wood Stork Solar Energy Center in St. Lucie County,NA,NA,2027,0,NA,Extend 230 kV bus at Liberty; kV bus to connect the PV array to Liberty 230 kV; Transmission Facilities for the Wood Stork Solar Energy Center in St. Lucie County; Wood Stork Solar Energy Center in St. Lucie County; St. Lucie County; Liberty,FPL - Ten-Year Site Plan,https://www.fpl.com/content/dam/fplgp/us/en/about/pdf/ten-year-site-plan.pdf,"Add relays and other protective equipment. Breaker replacements: None II.Transmission: 1. No additional upgrades are expected to be necessary at this time. Florida Power & Light Company 116 III.E.20 Transmission Facilities for the Wood Stork Solar Energy Center in St. Lucie County The work required to connect the approximate 74.5 MW (nameplate, AC) Wood Stork Solar Energy Center in St. Lucie County in the 1st Quarter of 2027 is projected to be: I.Substation: 1. Extend 230 kV bus at Liberty substation and interconnect the 230/34.5kV transformer through a 230kV breaker. Construct 34.5 kV bus to connect the PV array to Liberty 230 kV Substation.",2026-09-26T16:50:05+00:00,2026-09-26T20:29:57+00:00,yes
5f3f30a13fac7c026698,Florida Power & Light,Extend 230 kV bus at Liberty substation,New transmission line,NA,NA,NA,NA,NA,none,Extend 230 kV bus at Liberty,kV bus to connect the PV array to Liberty 230 kV,500,0,Transmission Facilities for the Hendry Solar Energy Center in Hendry County; Hendry Solar Energy Center in Hendry County,NA,NA,2027,0,NA,Extend 230 kV bus at Liberty; kV bus to connect the PV array to Liberty 230 kV; Transmission Facilities for the Hendry Solar Energy Center in Hendry County; Hendry Solar Energy Center in Hendry County; Liberty; Hendry County; Ghost,FPL - Ten-Year Site Plan,https://www.fpl.com/content/dam/fplgp/us/en/about/pdf/ten-year-site-plan.pdf,"Extend 230 kV bus at Liberty substation and interconnect the 230/34.5kV transformer through a 230kV breaker. Construct 34.5 kV bus to connect the PV array to Liberty 230 kV Substation. Add relays and other protective equipment. Breaker replacements: None II.Transmission: 1. No additional upgrades are expected to be necessary at this time. Florida Power & Light Company 117 III.E.21 Transmission Facilities for the Hendry Solar Energy Center in Hendry County The work required to connect the approximate 74.5 MW (nameplate, AC) Hendry Solar Energy Center in Hendry County in the 1st Quarter of 2027 is projected to be: I.Substation: 1. Extend 500 kV bus at Ghost substation and interconnect the 500/34.5kV transformer through a 500kV breaker. Construct 34.5 kV bus to connect the PV array to Ghost 500 kV Substation.",2026-09-26T16:50:05+00:00,2026-09-26T20:29:57+00:00,yes
2bbf382db966ab2f6b31,Florida Power & Light,Extend 230 kV bus at Notts substation,New transmission line,NA,NA,NA,NA,NA,none,Extend 230 kV bus at Notts,to a new Medieval,230,0,Transmission Facilities for the County Line Solar Energy Center in DeSoto County; County Line Solar Energy Center in DeSoto County,NA,NA,2027,0,NA,Extend 230 kV bus at Notts; to a new Medieval; Transmission Facilities for the County Line Solar Energy Center in DeSoto County; County Line Solar Energy Center in DeSoto County; DeSoto County; Notts; Medieval,FPL - Ten-Year Site Plan,https://www.fpl.com/content/dam/fplgp/us/en/about/pdf/ten-year-site-plan.pdf,"Add relays and other protective equipment. Breaker replacements: None II. No additional upgrades are expected to be necessary at this time. Florida Power & Light Company 120 III.E.24 Transmission Facilities for the County Line Solar Energy Center in DeSoto County The work required to connect the approximate 74.5 MW (nameplate, AC) County Line Solar Energy Center in DeSoto County in the 1st Quarter of 2027 is projected to be: I.Substation: 1. Extend 230 kV bus at Notts substation to a new Medieval substation and interconnect the 230/34.5kV transformer through a 230kV breaker. Construct 34.5 kV bus to connect the PV array to Medieval 230 kV Substation. Add relays and other protective equipment. Breaker replacements: None II.Transmission: 1.",2026-09-26T16:50:05+00:00,2026-09-26T20:29:57+00:00,yes
30b6ef2e75e0debe2044,Florida Power & Light,Extend 230 kV bus at Ponna substation,New transmission line,NA,NA,NA,NA,NA,none,Extend 230 kV bus at Ponna,to a new Cheriot,230,0,Transmission Facilities for the Saddle Solar Energy Center in DeSoto County; Saddle Solar Energy Center in DeSoto County,NA,NA,2027,0,NA,Extend 230 kV bus at Ponna; to a new Cheriot; Transmission Facilities for the Saddle Solar Energy Center in DeSoto County; Saddle Solar Energy Center in DeSoto County; DeSoto County; Ponna; Cheriot,FPL - Ten-Year Site Plan,https://www.fpl.com/content/dam/fplgp/us/en/about/pdf/ten-year-site-plan.pdf,"Add relays and other protective equipment. Breaker replacements: None II.Transmission: 1. No additional upgrades are expected to be necessary at this time. Florida Power & Light Company 121 III.E.25 Transmission Facilities for the Saddle Solar Energy Center in DeSoto County The work required to connect the approximate 74.5 MW (nameplate, AC) Saddle Solar Energy Center in DeSoto County in the 1st Quarter of 2027 is projected to be: I.Substation: 1. Extend 230 kV bus at Ponna substation to a new Cheriot substation and interconnect the 230/34.5kV transformer through a 230kV breaker. Construct 34.5 kV bus to connect the PV array to Cheriot 230 kV Substation. Add relays and other protective equipment. Breaker replacements: None II.Transmission: 1.",2026-09-26T16:50:05+00:00,2026-09-26T20:29:57+00:00,yes
9aeb241239ce3d585307,Florida Power & Light,Extend 230 kV bus at Quail substation,New transmission line,NA,NA,129 III.E.33 Transmission Facilities for the Maple Trail Solar Energy Center in,NA,NA,none,Extend 230 kV bus at Quail,Construct 34.5 kV bus to connect the PV array to Quail 230 kV,230,0,Transmission Facilities for the Hardwood Hammock Solar Energy Center in Walton County; Hardwood Hammock Solar Energy Center in Walton County; Transmission Facilities for the Maple Trail Solar Energy Center in Baker County; Maple Trail Solar Energy Center in Baker County,NA,NA,2027,0,NA,Extend 230 kV bus at Quail; Construct 34.5 kV bus to connect the PV array to Quail 230 kV; Transmission Facilities for the Hardwood Hammock Solar Energy Center in Walton County; Hardwood Hammock Solar Energy Center in Walton County; Transmission Facilities for the Maple Trail Solar Energy Center in Baker County; Maple Trail Solar Energy Center in Baker County; Walton County; Quail; Baker County,FPL - Ten-Year Site Plan,https://www.fpl.com/content/dam/fplgp/us/en/about/pdf/ten-year-site-plan.pdf,"No upgrades are expected to be necessary at this time. Florida Power & Light Company 128 III.E.32 Transmission Facilities for the Hardwood Hammock Solar Energy Center in Walton County The work required to connect the approximate 74.5 MW (nameplate, AC) Hardwood Hammock Solar Energy Center in Walton County in the 3rd Quarter of 2027 is projected to be: I.Substation: 1. Extend 230 kV bus at Quail substation and interconnect the 230/34.5kV transformer through a 230kV breaker. Construct 34.5 kV bus to connect the PV array to Quail 230 kV Substation. Add relays and other protective equipment. Breaker replacements: None II.Transmission: 1. No additional upgrades are expected to be necessary at this time. Florida Power & Light Company 129 III.E.33 Transmission Facilities for the Maple Trail Solar Energy Center in Baker County The work required to connect the approximate 74.5 MW (nameplate, AC) Maple Trail Solar Energy Center in Baker County in the 3rd Quarter of 2027 is projected to be: I.Substation: 1.",2026-09-26T16:50:05+00:00,2026-09-26T20:29:57+00:00,yes
0a4bcc5e79443db4b5f8,Florida Power & Light,Extend 500 kV bus at Ghost substation,New transmission line,NA,NA,NA,NA,NA,none,Extend 500 kV bus at Ghost,Construct 34.5 kV bus to connect the PV array to Ghost 500 kV,500,0,Transmission Facilities for the Hendry Solar Energy Center in Hendry County; Hendry Solar Energy Center in Hendry County,NA,NA,2027,0,NA,Extend 500 kV bus at Ghost; Construct 34.5 kV bus to connect the PV array to Ghost 500 kV; Transmission Facilities for the Hendry Solar Energy Center in Hendry County; Hendry Solar Energy Center in Hendry County; Hendry County; Ghost,FPL - Ten-Year Site Plan,https://www.fpl.com/content/dam/fplgp/us/en/about/pdf/ten-year-site-plan.pdf,"Add relays and other protective equipment. Breaker replacements: None II.Transmission: 1. No additional upgrades are expected to be necessary at this time. Florida Power & Light Company 117 III.E.21 Transmission Facilities for the Hendry Solar Energy Center in Hendry County The work required to connect the approximate 74.5 MW (nameplate, AC) Hendry Solar Energy Center in Hendry County in the 1st Quarter of 2027 is projected to be: I.Substation: 1. Extend 500 kV bus at Ghost substation and interconnect the 500/34.5kV transformer through a 500kV breaker. Construct 34.5 kV bus to connect the PV array to Ghost 500 kV Substation. Add relays and other protective equipment. Breaker replacements: None II.Transmission: 1.",2026-09-26T16:50:05+00:00,2026-09-26T20:29:57+00:00,yes
f2441a1dd57c50fe5a15,Florida Power & Light,Extend 500 kV bus at Ghost substation,New transmission line,NA,NA,NA,NA,NA,none,Extend 500 kV bus at Ghost,Construct 34.5 kV bus to connect the PV array to Ghost 500 kV,500,0,Transmission Facilities for the Middle Lake Solar Energy Center in Madison County; Middle Lake Solar Energy Center in Madison County,NA,NA,2027,0,NA,Extend 500 kV bus at Ghost; Construct 34.5 kV bus to connect the PV array to Ghost 500 kV; Transmission Facilities for the Middle Lake Solar Energy Center in Madison County; Middle Lake Solar Energy Center in Madison County; Ghost; Madison County; Bandit; Sound Substation.,FPL - Ten-Year Site Plan,https://www.fpl.com/content/dam/fplgp/us/en/about/pdf/ten-year-site-plan.pdf,"Extend 500 kV bus at Ghost substation and interconnect the 500/34.5kV transformer through a 500kV breaker. Construct 34.5 kV bus to connect the PV array to Ghost 500 kV Substation. Add relays and other protective equipment. Breaker replacements: None II.Transmission: 1. No additional upgrades are expected to be necessary at this time. Florida Power & Light Company 118 III.E.22 Transmission Facilities for the Middle Lake Solar Energy Center in Madison County The work required to connect the approximate 74.5 MW (nameplate, AC) Middle Lake Solar Energy Center in Madison County in the 1st Quarter of 2027 is projected to be: I.Substation: 1. Extend 161 kV bus at Bandit substation to a new Sound substation and interconnect the 161/34.5kV transformer through a 161kV breaker. Construct 34.5 kV bus to connect the PV array to Sound Substation.",2026-09-26T16:50:05+00:00,2026-09-26T20:29:57+00:00,yes
38cdf83489ffd6447521,Florida Power & Light,Extend the existing 34.5 kV bus at Citron Substation,Transmission upgrade,NA,NA,NA,NA,NA,none,Extend the existing 34.5 kV bus at Citron,I. Extend the existing 34.5 kV bus at Ghost,0,0,Transmission Facilities for the Sawgrass Battery Energy Storage System Center in Hendry County; Sawgrass Battery Energy Storage System Center in Hendry County,NA,NA,2027,0,NA,Extend the existing 34.5 kV bus at Citron; I. Extend the existing 34.5 kV bus at Ghost; Transmission Facilities for the Sawgrass Battery Energy Storage System Center in Hendry County; Sawgrass Battery Energy Storage System Center in Hendry County; Citron Substation; Hendry County; Ghost Substation,FPL - Ten-Year Site Plan,https://www.fpl.com/content/dam/fplgp/us/en/about/pdf/ten-year-site-plan.pdf,"Extend the existing 34.5 kV bus at Citron Substation to connect the BESS. Add relays and other protective equipment. Breaker replacements: None II. No additional transmission work is required. No upgrades are expected to be necessary at this time. Florida Power & Light Company 125 III.E.29 Transmission Facilities for the Sawgrass Battery Energy Storage System Center in Hendry County The work required to connect the approximate 74.5 MW (nameplate, AC) Sawgrass Battery Energy Storage System Center in Hendry County in the 2 nd Quarter of 2027 is projected to be: I. Extend the existing 34.5 kV bus at Ghost Substation to connect the BESS. Add relays and other protective equipment.",2026-09-26T16:50:05+00:00,2026-09-26T20:29:57+00:00,yes
b87b99a9ed9fdc72fcc2,Florida Power & Light,Extend the existing 34.5 kV bus at Deodar Substation,Transmission upgrade,NA,NA,NA,NA,NA,none,Extend the existing 34.5 kV bus at Deodar,NA,0,0,Transmission Facilities for the Indrio Battery Energy Storage System Center in St. Lucie County; Indrio Battery Energy Storage System Center in St. Lucie County,NA,NA,2027,0,NA,Extend the existing 34.5 kV bus at Deodar; Transmission Facilities for the Indrio Battery Energy Storage System Center in St. Lucie County; Indrio Battery Energy Storage System Center in St. Lucie County; Deodar Substation; St. Lucie County,FPL - Ten-Year Site Plan,https://www.fpl.com/content/dam/fplgp/us/en/about/pdf/ten-year-site-plan.pdf,"Extend the existing 34.5 kV bus at Deodar Substation to connect the BESS. Add relays and other protective equipment. Breaker replacements: None II. No additional transmission work is required. No upgrades are expected to be necessary at this time. Florida Power & Light Company 131 III.E.35 Transmission Facilities for the Indrio Battery Energy Storage System Center in St. Lucie County The work required to connect the approximate 74.5 MW (nameplate, AC) Indrio Battery Energy Storage System Center in St. Lucie County in the 3rd Quarter of 2027 is projected to be: I.",2026-09-26T16:50:05+00:00,2026-09-26T20:29:57+00:00,yes
48c6af3f730659cc7637,Florida Power & Light,Extend the existing 34.5 kV bus at Estuary Substation,Transmission upgrade,NA,NA,NA,NA,NA,none,Extend the existing 34.5 kV bus at Estuary,I. Extend the existing 34.5 kV bus at Gopher,0,0,Transmission Facilities for the Monarch Battery Energy Storage System Center in Martin County; Monarch Battery Energy Storage System Center in Martin County,NA,NA,2027,0,NA,Extend the existing 34.5 kV bus at Estuary; I. Extend the existing 34.5 kV bus at Gopher; Transmission Facilities for the Monarch Battery Energy Storage System Center in Martin County; Monarch Battery Energy Storage System Center in Martin County; Estuary Substation; Martin County; Gopher Substation,FPL - Ten-Year Site Plan,https://www.fpl.com/content/dam/fplgp/us/en/about/pdf/ten-year-site-plan.pdf,"Extend the existing 34.5 kV bus at Estuary Substation to connect the BESS. Add relays and other protective equipment. Breaker replacements: None II. No additional transmission work is required. No upgrades are expected to be necessary at this time. Florida Power & Light Company 132 III.E.36 Transmission Facilities for the Monarch Battery Energy Storage System Center in Martin County The work required to connect the approximate 74.5 MW (nameplate, AC) Monarch Battery Energy Storage System Center in Martin County in the 3rd Quarter of 2027 is projected to be: I. Extend the existing 34.5 kV bus at Gopher Substation to connect the BESS. Add relays and other protective equipment.",2026-09-26T16:50:05+00:00,2026-09-26T20:29:57+00:00,yes
9d880a3d3320d47c2c11,Florida Power & Light,Extend the existing 34.5 kV bus at Fawn Substation,Transmission upgrade,NA,NA,NA,NA,NA,none,Extend the existing 34.5 kV bus at Fawn,NA,0,0,Transmission Facilities for the Indrio Solar Energy Center in St. Lucie County; Indrio Solar Energy Center in St. Lucie County,NA,NA,2027,0,NA,Extend the existing 34.5 kV bus at Fawn; Transmission Facilities for the Indrio Solar Energy Center in St. Lucie County; Indrio Solar Energy Center in St. Lucie County; Fawn Substation; St. Lucie County,FPL - Ten-Year Site Plan,https://www.fpl.com/content/dam/fplgp/us/en/about/pdf/ten-year-site-plan.pdf,"Extend the existing 34.5 kV bus at Fawn Substation to connect the BESS. Add relays and other protective equipment. Breaker replacements: None II. No additional transmission work is required. No upgrades are expected to be necessary at this time. Florida Power & Light Company 114 III.E.18 Transmission Facilities for the Indrio Solar Energy Center in St. Lucie County The work required to connect the approximate 74.5 MW (nameplate, AC) Indrio Solar Energy Center in St. Lucie County in the 1st Quarter of 2027 is projected to be: I.Substation: 1.",2026-09-26T16:50:05+00:00,2026-09-26T20:29:57+00:00,yes
380f03d8cb4dd34cdf51,Florida Power & Light,Extend the existing 34.5 kV bus at Finca Substation,New transmission line,NA,NA,NA,NA,NA,none,Extend the existing 34.5 kV bus at Finca,Extend 230 kV bus at Quail,230,0,Transmission Facilities for the Hardwood Hammock Solar Energy Center in Walton County; Hardwood Hammock Solar Energy Center in Walton County,NA,NA,2027,0,NA,Extend the existing 34.5 kV bus at Finca; Extend 230 kV bus at Quail; Transmission Facilities for the Hardwood Hammock Solar Energy Center in Walton County; Hardwood Hammock Solar Energy Center in Walton County; Finca Substation; Walton County; Quail,FPL - Ten-Year Site Plan,https://www.fpl.com/content/dam/fplgp/us/en/about/pdf/ten-year-site-plan.pdf,"Extend the existing 34.5 kV bus at Finca Substation to connect the BESS. Add relays and other protective equipment. Breaker replacements: None II. No additional transmission work is required. No upgrades are expected to be necessary at this time. Florida Power & Light Company 128 III.E.32 Transmission Facilities for the Hardwood Hammock Solar Energy Center in Walton County The work required to connect the approximate 74.5 MW (nameplate, AC) Hardwood Hammock Solar Energy Center in Walton County in the 3rd Quarter of 2027 is projected to be: I.Substation: 1. Extend 230 kV bus at Quail substation and interconnect the 230/34.5kV transformer through a 230kV breaker. Construct 34.5 kV bus to connect the PV array to Quail 230 kV Substation.",2026-09-26T16:50:05+00:00,2026-09-26T20:29:57+00:00,yes
8116833813b4b143c663,Florida Power & Light,Extend the existing 34.5 kV bus at Ghost Substation,Transmission upgrade,NA,NA,NA,NA,NA,none,Extend the existing 34.5 kV bus at Ghost,I. Extend the existing 34.5 kV bus at Terrill,0,0,Transmission Facilities for the Terrill Creek Battery Energy Storage System Center in Clay County; Terrill Creek Battery Energy Storage System Center in Clay County,NA,NA,2027,0,NA,Extend the existing 34.5 kV bus at Ghost; I. Extend the existing 34.5 kV bus at Terrill; Transmission Facilities for the Terrill Creek Battery Energy Storage System Center in Clay County; Terrill Creek Battery Energy Storage System Center in Clay County; Ghost Substation; Clay County; Terrill Substation,FPL - Ten-Year Site Plan,https://www.fpl.com/content/dam/fplgp/us/en/about/pdf/ten-year-site-plan.pdf,"Extend the existing 34.5 kV bus at Ghost Substation to connect the BESS. Add relays and other protective equipment. Breaker replacements: None II. No additional transmission work is required. No upgrades are expected to be necessary at this time. Florida Power & Light Company 126 III.E.30 Transmission Facilities for the Terrill Creek Battery Energy Storage System Center in Clay County The work required to connect the approximate 74.5 MW (nameplate, AC) Terrill Creek Battery Energy Storage System Center in Clay County in the 2 nd Quarter of 2027 is projected to be: I. Extend the existing 34.5 kV bus at Terrill Substation to connect the BESS. Add relays and other protective equipment.",2026-09-26T16:50:05+00:00,2026-09-26T20:29:57+00:00,yes
cb36a2e975b9b7f157f2,Florida Power & Light,Extend the existing 34.5 kV bus at Gopher Substation,Transmission upgrade,NA,"30.600729, -87.338474","3 QUARTERS RD, CANTONMENT, FL, 32533",address_geocode,U.S. Census Geocoder,medium,Extend the existing 34.5 kV bus at Gopher,I. Extend the existing 34.5 kV bus at Gopher,0,0,Transmission Facilities for the Monarch ACES Battery Energy Storage System Center Pilot in Martin County; Monarch ACES Battery Energy Storage System Center Pilot in Martin County,NA,NA,2027,0,NA,Extend the existing 34.5 kV bus at Gopher; I. Extend the existing 34.5 kV bus at Gopher; Transmission Facilities for the Monarch ACES Battery Energy Storage System Center Pilot in Martin County; Monarch ACES Battery Energy Storage System Center Pilot in Martin County; Gopher Substation; Martin County,FPL - Ten-Year Site Plan,https://www.fpl.com/content/dam/fplgp/us/en/about/pdf/ten-year-site-plan.pdf,"Extend the existing 34.5 kV bus at Gopher Substation to connect the BESS. Add relays and other protective equipment. Breaker replacements: None II. No additional transmission work is required. No upgrades are expected to be necessary at this time. Florida Power & Light Company 133 III.E.37 Transmission Facilities for the Monarch ACES Battery Energy Storage System Center Pilot in Martin County The work required to connect the approximate 10.0 MW (nameplate, AC) Monarch ACES Battery Energy Storage System Center Pilot in Martin County in the 3 rd Quarter of 2027 is projected to be: I. Extend the existing 34.5 kV bus at Gopher Substation to connect the BESS. Add relays and other protective equipment.",2026-09-26T16:50:05+00:00,2026-09-26T20:29:57+00:00,yes
47547cbc55b60fb2ae82,Florida Power & Light,Extend the existing 34.5 kV bus at Gopher Substation,Transmission upgrade,NA,"30.600729, -87.338474","3 QUARTERS RD, CANTONMENT, FL, 32533",address_geocode,U.S. Census Geocoder,medium,Extend the existing 34.5 kV bus at Gopher,I. Extend the existing 34.5 kV bus at Swallowtail,0,0,Transmission Facilities for the Swallowtail Battery Energy Storage System Center in Walton County; Swallowtail Battery Energy Storage System Center in Walton County,NA,NA,2027,0,NA,Extend the existing 34.5 kV bus at Gopher; I. Extend the existing 34.5 kV bus at Swallowtail; Transmission Facilities for the Swallowtail Battery Energy Storage System Center in Walton County; Swallowtail Battery Energy Storage System Center in Walton County; Gopher Substation; Walton County; Swallowtail Substation,FPL - Ten-Year Site Plan,https://www.fpl.com/content/dam/fplgp/us/en/about/pdf/ten-year-site-plan.pdf,"Extend the existing 34.5 kV bus at Gopher Substation to connect the BESS. Add relays and other protective equipment. Breaker replacements: None II. No additional transmission work is required. No upgrades are expected to be necessary at this time. Florida Power & Light Company 134 III.E.38 Transmission Facilities for the Swallowtail Battery Energy Storage System Center in Walton County The work required to connect the approximate 74.5 MW (nameplate, AC) Swallowtail Battery Energy Storage System Center in Walton County in the 3 rd Quarter of 2027 is projected to be: I. Extend the existing 34.5 kV bus at Swallowtail Substation to connect the BESS. Add relays and other protective equipment.",2026-09-26T16:50:05+00:00,2026-09-26T20:29:57+00:00,yes
bdb278d035cd1f26a759,Florida Power & Light,Extend the existing 34.5 kV bus at Plum Substation,New transmission line,NA,NA,NA,NA,NA,none,Extend the existing 34.5 kV bus at Plum,I. Extend 230 kV bus at Pyrite,230,0,Transmission Facilities for the Catfish Solar Energy Center in Okeechobee County; Catfish Solar Energy Center in Okeechobee County,NA,NA,2027,0,NA,Extend the existing 34.5 kV bus at Plum; I. Extend 230 kV bus at Pyrite; Transmission Facilities for the Catfish Solar Energy Center in Okeechobee County; Catfish Solar Energy Center in Okeechobee County; Plum Substation; Okeechobee County; Pyrite; Catfish,FPL - Ten-Year Site Plan,https://www.fpl.com/content/dam/fplgp/us/en/about/pdf/ten-year-site-plan.pdf,"Extend the existing 34.5 kV bus at Plum Substation to connect the BESS. Add relays and other protective equipment. Breaker replacements: None II. No additional transmission work is required. No upgrades are expected to be necessary at this time. Florida Power & Light Company 136 III.E.40 Transmission Facilities for the Catfish Solar Energy Center in Okeechobee County The work required to connect the approximate 74.5 MW (nameplate, AC) Catfish Solar Energy Center in Okeechobee County in the 3rd Quarter of 2027 is projected to be: I. Extend 230 kV bus at Pyrite substation to a new Catfish substation and interconnect the 230/34.5kV transformer through a 230kV breaker. Construct 34.5 kV bus to connect the PV array to Catfish 230 kV Substation.",2026-09-26T16:50:05+00:00,2026-09-26T20:29:57+00:00,yes
d3921977455cb67fff4b,Florida Power & Light,Extend the existing 34.5 kV bus at Swallowtail Substation,Transmission upgrade,NA,"30.600729, -87.338474","3 QUARTERS RD, CANTONMENT, FL, 32533",address_geocode,U.S. Census Geocoder,medium,Extend the existing 34.5 kV bus at Swallowtail,I. Extend the existing 34.5 kV bus at Plum,0,0,Transmission Facilities for the Union Springs Battery Energy Storage System Center in Union County; Union Springs Battery Energy Storage System Center in Union County,NA,NA,2027,0,NA,Extend the existing 34.5 kV bus at Swallowtail; I. Extend the existing 34.5 kV bus at Plum; Transmission Facilities for the Union Springs Battery Energy Storage System Center in Union County; Union Springs Battery Energy Storage System Center in Union County; Swallowtail Substation; Union County; Plum Substation,FPL - Ten-Year Site Plan,https://www.fpl.com/content/dam/fplgp/us/en/about/pdf/ten-year-site-plan.pdf,"Extend the existing 34.5 kV bus at Swallowtail Substation to connect the BESS. Add relays and other protective equipment. Breaker replacements: None II. No additional transmission work is required. No upgrades are expected to be necessary at this time. Florida Power & Light Company 135 III.E.39 Transmission Facilities for the Union Springs Battery Energy Storage System Center in Union County The work required to connect the approximate 74.5 MW (nameplate, AC) Union Springs Battery Energy Storage System Center in Union County in the 3 rd Quarter of 2027 is projected to be: I. Extend the existing 34.5 kV bus at Plum Substation to connect the BESS. Add relays and other protective equipment.",2026-09-26T16:50:05+00:00,2026-09-26T20:29:57+00:00,yes
45ef294316f063a141f8,Florida Power & Light,Extend the existing 34.5 kV bus at Swamp Substation,Transmission upgrade,NA,NA,NA,NA,NA,none,Extend the existing 34.5 kV bus at Swamp,I. Extend the existing 34.5 kV bus at Zoysia,0,0,Transmission Facilities for the Green Pasture Battery Energy Storage System Center in Charlotte County; Green Pasture Battery Energy Storage System Center in Charlotte County,NA,NA,2027,0,NA,Extend the existing 34.5 kV bus at Swamp; I. Extend the existing 34.5 kV bus at Zoysia; Transmission Facilities for the Green Pasture Battery Energy Storage System Center in Charlotte County; Green Pasture Battery Energy Storage System Center in Charlotte County; Swamp Substation; Charlotte County; Zoysia Substation,FPL - Ten-Year Site Plan,https://www.fpl.com/content/dam/fplgp/us/en/about/pdf/ten-year-site-plan.pdf,"Extend the existing 34.5 kV bus at Swamp Substation to connect the BESS. Add relays and other protective equipment. Breaker replacements: None II. No additional transmission work is required. No upgrades are expected to be necessary at this time. Florida Power & Light Company 123 III.E.27 Transmission Facilities for the Green Pasture Battery Energy Storage System Center in Charlotte County The work required to connect the approximate 74.5 MW (nameplate, AC) Green Pasture Battery Energy Storage System Center in Charlotte County in the 2 nd Quarter of 2027 is projected to be: I. Extend the existing 34.5 kV bus at Zoysia Substation to connect the BESS. Add relays and other protective equipment.",2026-09-26T16:50:05+00:00,2026-09-26T20:29:57+00:00,yes
8e85942b7f95743d5349,Florida Power & Light,Extend the existing 34.5 kV bus at Terrill Substation,Transmission upgrade,NA,NA,NA,NA,NA,none,Extend the existing 34.5 kV bus at Terrill,I. Extend the existing 34.5 kV bus at Finca,0,0,Transmission Facilities for the Orange Blossom Battery Energy Storage System Center in Indian River County; Orange Blossom Battery Energy Storage System Center in Indian River County,NA,NA,2027,0,NA,Extend the existing 34.5 kV bus at Terrill; I. Extend the existing 34.5 kV bus at Finca; Transmission Facilities for the Orange Blossom Battery Energy Storage System Center in Indian River County; Orange Blossom Battery Energy Storage System Center in Indian River County; Terrill Substation; Indian River County; Finca Substation,FPL - Ten-Year Site Plan,https://www.fpl.com/content/dam/fplgp/us/en/about/pdf/ten-year-site-plan.pdf,"Extend the existing 34.5 kV bus at Terrill Substation to connect the BESS. Add relays and other protective equipment. Breaker replacements: None II. No additional transmission work is required. No upgrades are expected to be necessary at this time. Florida Power & Light Company 127 III.E.31 Transmission Facilities for the Orange Blossom Battery Energy Storage System Center in Indian River County The work required to connect the approximate 74.5 MW (nameplate, AC) Orange Blossom Battery Energy Storage System Center in Indian River County in the 2 nd Quarter of 2027 is projected to be: I. Extend the existing 34.5 kV bus at Finca Substation to connect the BESS. Add relays and other protective equipment.",2026-09-26T16:50:05+00:00,2026-09-26T20:29:57+00:00,yes
8f830f38559fe1c66130,Florida Power & Light,Extend the existing 34.5 kV bus at Zoysia Substation,Transmission upgrade,NA,NA,NA,NA,NA,none,Extend the existing 34.5 kV bus at Zoysia,I. Extend the existing 34.5 kV bus at Citron,0,0,Transmission Facilities for the Blue Heron Battery Energy Storage System Center in Hendry County; Blue Heron Battery Energy Storage System Center in Hendry County,NA,NA,2027,0,NA,Extend the existing 34.5 kV bus at Zoysia; I. Extend the existing 34.5 kV bus at Citron; Transmission Facilities for the Blue Heron Battery Energy Storage System Center in Hendry County; Blue Heron Battery Energy Storage System Center in Hendry County; Zoysia Substation; Hendry County; Citron Substation,FPL - Ten-Year Site Plan,https://www.fpl.com/content/dam/fplgp/us/en/about/pdf/ten-year-site-plan.pdf,"Extend the existing 34.5 kV bus at Zoysia Substation to connect the BESS. Add relays and other protective equipment. Breaker replacements: None II. No additional transmission work is required. No upgrades are expected to be necessary at this time. Florida Power & Light Company 124 III.E.28 Transmission Facilities for the Blue Heron Battery Energy Storage System Center in Hendry County The work required to connect the approximate 74.5 MW (nameplate, AC) Blue Heron Battery Energy Storage System Center in Hendry County in the 2 nd Quarter of 2027 is projected to be: I. Extend the existing 34.5 kV bus at Citron Substation to connect the BESS. Add relays and other protective equipment.",2026-09-26T16:50:05+00:00,2026-09-26T20:29:57+00:00,yes
a6a58985d3de488ad7ba,Florida Power & Light,FPL - Ten-Year Site Plan: Commercial In-service date: 2027 (5) Fuel a. Primary Fuel Not Applicable b. Alternate Fuel Not Applicable (6) Air,New transmission line,NA,NA,NA,NA,NA,none,NA,NA,0,0,Charlotte County,NA,NA,2027,0,20 years,Charlotte County,FPL - Ten-Year Site Plan,https://www.fpl.com/content/dam/fplgp/us/en/about/pdf/ten-year-site-plan.pdf,"Commercial In-service date: 2027 (5) Fuel a. Primary Fuel Not Applicable b. Alternate Fuel Not Applicable (6) Air Pollution and Control Strategy: Not Applicable (7) Cooling Method: Not Applicable (8) Total Site Area: 5 Acres (9) Construction Status: P (Planned Unit) (10) Certification Status: --- (11) Status with Federal Agencies: --- (12) Projected Unit Performance Data: Planned Outage Factor (POF): Not Applicable Forced Outage Factor (FOF): Not Applicable Equivalent Availability Factor (EAF): Not Applicable Round-Trip Efficiency 88.00% (First Full Year Operation) Average Net Operating Heat Rate (ANOHR): Not Applicable Base Operation 75F,100% Average Net Incremental Heat Rate (ANIHR): Not Applicable Peak Operation 75F,100% (13) Projected Unit Financial Data * Book Life (Years): 20 years Total Installed Cost (2027 $/kW): 1,475 Direct Construction Cost ($/kW): 106 AFUDC Amount (2027 $/kW): 4 Escalation ($/kW): Accounted for in Direct Construction Cost Fixed O&M ($/kW-Yr.): (2027 $) 5.16 (First Full Year Operation) Variable O&M ($/MWH): (2027 $) 0.00 K Factor: 0.74 * $/kW values are based on nameplate capacity. Note: Total installed cost includes transmission interconnection and AFUDC. 1/ The value shown represents FPL’s current projection of the firm capacity of this battery storage after the net load of the system and other battery storage being discharged. Because battery storage ""flattens"" the peak period, the firm capacity value of storage decreases as more battery storage is added to the system. 2/ FPL will continue to analyze the projected impacts of increasing amounts of battery storage in its on-going resource planning work. Florida Power & Light Company 249 Page 35 of 100 Schedule 9 Schedule 9 Status Report and Specifications of Proposed Generating Facilities St",2026-09-26T16:50:05+00:00,2026-09-26T20:29:57+00:00,yes
2992cc069728c974eaa2,Florida Power & Light,FPL - Ten-Year Site Plan: Commercial In-service date: 2027 (5) Fuel a. Primary Fuel Solar b. Alternate Fuel Not Applicable (6) Air Pollution,New transmission line,NA,NA,NA,NA,NA,none,NA,NA,0,0,NA,NA,NA,2027,0,35 years,NA,FPL - Ten-Year Site Plan,https://www.fpl.com/content/dam/fplgp/us/en/about/pdf/ten-year-site-plan.pdf,"Commercial In-service date: 2027 (5) Fuel a. Primary Fuel Solar b. Alternate Fuel Not Applicable (6) Air Pollution and Control Strategy: Not Applicable (7) Cooling Method: Not Applicable (8) Total Site Area: 476 Acres (9) Construction Status: P (Planned Unit) (10) Certification Status: --- (11) Status with Federal Agencies: --- (12) Projected Unit Performance Data: Planned Outage Factor (POF): Not Applicable Forced Outage Factor (FOF): Not Applicable Equivalent Availability Factor (EAF): Not Applicable Resulting Capacity Factor (%): 27.97% (First Full Year Operation) Average Net Operating Heat Rate (ANOHR): Not Applicable Base Operation 75F,100% Average Net Incremental Heat Rate (ANIHR): Not Applicable Peak Operation 75F,100% (13) Projected Unit Financial Data * Book Life (Years): 35 years Total Installed Cost (2027 $/kW): 1,716 Direct Construction Cost ($/kW): 1,635 AFUDC Amount (2027 $/kW): 81 Escalation ($/kW): Accounted for in Direct Construction Cost Fixed O&M ($/kW-Yr.): (2027 $) 7.36 (First Full Year Operation) Variable O&M ($/MWH): (2027 $) 0.00 K Factor: 1.11 * $/kW values are based on nameplate capacity. Note: Total installed cost includes transmission interconnection and AFUDC. 1/ The value shown represents FPL’s current projection of the firm capacity of this amount of incremental PV assuming the planned PV additions in prior years. As the amount of PV on FPL’s system increases, the remaining Summer load not served by solar is altered so that the remaining Summer peak load moves to later in the day. Because the amount of solar energy diminishes in these later hours, the firm capacity value of the incremental solar is decreased. 2/ FPL will continue to analyze the projected impacts of increasing amounts of PV in its on-going resource planning work.",2026-09-26T16:50:05+00:00,2026-09-26T20:29:57+00:00,yes
33ca1ca17187fefbb860,Florida Power & Light,Finance Substation,New transmission line,NA,NA,NA,NA,NA,none,Finance,Center will require extending the transmission bus at Finance,500,0,Indian River County; Collier County,NA,NA,2027,0,NA,Finance; Center will require extending the transmission bus at Finance; Indian River County; Collier County; Finance Substation Florida Power; Finca Substation; Finance Substation,FPL - Ten-Year Site Plan,https://www.fpl.com/content/dam/fplgp/us/en/about/pdf/ten-year-site-plan.pdf,Florida Power & Light Company 363 Page 49 of 84 Schedule 10 Status Report and Specifications of Proposed Transmission Lines Beachland Solar Energy Center (Indian River County) (1) Point of Origin and Termination: Finance Substation (2) Number of Lines: 1 (3) Right-of-way FPL - Owned (4) Line Length: 0.0 miles (5) Voltage: 230 kV (6) Anticipated Construction Timing: Start date: 2027 End date: 2028 (7) Anticipated Capital Investment: Included in total installed cost on Schedule 9 (Trans. and Sub.) (8) Substations: Finance Substation (9) Participation with Other Utilities: None line approximately 0.0 miles to connect the solar PV inv erter array. The Beachland Solar Energy Center will require extending the transmission bus at Finance Substation Florida Power & Light Company 364 Page 50 of 84 Schedule 10 Status Report and Specifications of Proposed Transmission Lines Wabasso Solar Energy Center (Indian River County) (1) Point of Origin and Termination: Finance Substation (2) Number of Lines: 1 (3) Right-of-way FPL - Owned (4) Line Length: 4.5 miles (5) Voltage: 230 kV (6) Anticipated Construction Timing: Start date: 2027 End date: 2028 (7) Anticipated Capital Investment: Included in total installed cost on Schedule 9 (Trans. and Sub.) (8) Substations: Finance Substation (9) Participation with Other Utilities: None The Wabasso Solar Energy Center will require extending the transmission bus at Finca Substation line approximately 4.5 miles to connect a new Finance substation and connect the solar PV inv erter array. Florida Power & Light Company 365 Page 51 of 84 Schedule 10 Status Report and Specifications of Proposed Transmission Lines Shores Solar Energy Center (Indian River County) (1) Point of Origin and Termination: Finance Substation (2) Number of Lines: 1 (3) Right-of-,2026-09-26T16:50:05+00:00,2026-09-26T20:29:57+00:00,yes
2a9c16d1daf84c55fdbd,Florida Power & Light,Finance Substation,New transmission line,NA,NA,NA,NA,NA,none,Finance,Center will require extending the transmission bus at Finca,500,4.5,Indian River County; Collier County,NA,NA,2027,0,NA,Finance; Center will require extending the transmission bus at Finca; Indian River County; Collier County; Finca Substation; Finance Substation; Boardwalk Substation Florida Power; Boardwalk Substation,FPL - Ten-Year Site Plan,https://www.fpl.com/content/dam/fplgp/us/en/about/pdf/ten-year-site-plan.pdf,and Sub.) (8) Substations: Finance Substation (9) Participation with Other Utilities: None The Wabasso Solar Energy Center will require extending the transmission bus at Finca Substation line approximately 4.5 miles to connect a new Finance substation and connect the solar PV inv erter array. Florida Power & Light Company 365 Page 51 of 84 Schedule 10 Status Report and Specifications of Proposed Transmission Lines Shores Solar Energy Center (Indian River County) (1) Point of Origin and Termination: Finance Substation (2) Number of Lines: 1 (3) Right-of-way FPL - Owned (4) Line Length: 0.0 miles (5) Voltage: 230 kV (6) Anticipated Construction Timing: Start date: 2027 End date: 2028 (7) Anticipated Capital Investment: Included in total installed cost on Schedule 9 (Trans. and Sub.) (8) Substations: Finance Substation (9) Participation with Other Utilities: None The Shores Solar Energy Center will require extending the transmission bus at Finance Substation line approximately 0.0 miles to connect the solar PV inv erter array. Florida Power & Light Company 366 Page 52 of 84 Schedule 10 Status Report and Specifications of Proposed Transmission Lines Treefrog Solar Energy Center (Collier County) (1) Point of Origin and Termination: Boardwalk Substation (2) Number of Lines: 1 (3) Right-of-way FPL - Owned (4) Line Length: 0.0 miles (5) Voltage: 500 kV (6) Anticipated Construction Timing: Start date: 2027 End date: 2028 (7) Anticipated Capital Investment: Included in total installed cost on Schedule 9 (Trans. and Sub.) (8) Substations: Boardwalk Substation (9) Participation with Other Utilities: None line approximately 0.0 miles to connect the solar PV inv erter array. The Treefrog Solar Energy Center will require extending the transmission bus at Boardwalk Substation Florida P,2026-09-26T16:50:05+00:00,2026-09-26T20:29:57+00:00,yes
a7071a8fdee0f720f8c4,Florida Power & Light,Finance Substation,New transmission line,NA,NA,NA,NA,NA,none,Finance,Center will require extending the transmission bus at Finance,500,0,Collier County; DeSoto County,NA,NA,2027,0,NA,Finance; Center will require extending the transmission bus at Finance; Collier County; DeSoto County; Finance Substation; Boardwalk Substation Florida Power; Boardwalk Substation,FPL - Ten-Year Site Plan,https://www.fpl.com/content/dam/fplgp/us/en/about/pdf/ten-year-site-plan.pdf,and Sub.) (8) Substations: Finance Substation (9) Participation with Other Utilities: None The Shores Solar Energy Center will require extending the transmission bus at Finance Substation line approximately 0.0 miles to connect the solar PV inv erter array. Florida Power & Light Company 366 Page 52 of 84 Schedule 10 Status Report and Specifications of Proposed Transmission Lines Treefrog Solar Energy Center (Collier County) (1) Point of Origin and Termination: Boardwalk Substation (2) Number of Lines: 1 (3) Right-of-way FPL - Owned (4) Line Length: 0.0 miles (5) Voltage: 500 kV (6) Anticipated Construction Timing: Start date: 2027 End date: 2028 (7) Anticipated Capital Investment: Included in total installed cost on Schedule 9 (Trans. and Sub.) (8) Substations: Boardwalk Substation (9) Participation with Other Utilities: None line approximately 0.0 miles to connect the solar PV inv erter array. The Treefrog Solar Energy Center will require extending the transmission bus at Boardwalk Substation Florida Power & Light Company 367 Page 53 of 84 Schedule 10 Status Report and Specifications of Proposed Transmission Lines Honeybee Solar Energy Center (Collier County) (1) Point of Origin and Termination: Boardwalk Substation (2) Number of Lines: 1 (3) Right-of-way FPL - Owned (4) Line Length: 0.0 miles (5) Voltage: 500 kV (6) Anticipated Construction Timing: Start date: 2027 End date: 2028 (7) Anticipated Capital Investment: Included in total installed cost on Schedule 9 (Trans. and Sub.) (8) Substations: Boardwalk Substation (9) Participation with Other Utilities: None The Honeybee Solar Energy Center will require extending the transmission bus at Boardwalk Substation line approximately 0.0 miles to connect the solar PV inv erter array. Florida Power & Light Company 368 Page 5,2026-09-26T16:50:05+00:00,2026-09-26T20:29:57+00:00,yes
9c334488f232fcce9c09,Florida Power & Light,Goodwin Substation,New transmission line,NA,NA,NA,NA,NA,none,Mango Solar Energy Center will require bifurcating the Puma,Keri,230,0,Hendry County,NA,NA,2027,0,NA,Mango Solar Energy Center will require bifurcating the Puma; Keri; Hendry County; Goodwin Substation; Waxweed Substation Florida Power; Waxweed Substation,FPL - Ten-Year Site Plan,https://www.fpl.com/content/dam/fplgp/us/en/about/pdf/ten-year-site-plan.pdf,and Sub.) (8) Substations: Goodwin Substation (9) Participation with Other Utilities: None The Cardinal Solar Energy Center will require extending the transmission bus at Goodwin Substation approximately 0.0 miles to connect the solar PV inv erter array. Florida Power & Light Company 382 Page 68 of 84 Schedule 10 Status Report and Specifications of Proposed Transmission Lines Redroot Solar Energy Center (Hendry County) (1) Point of Origin and Termination: Waxweed Substation (2) Number of Lines: 1 (3) Right-of-way FPL - Owned (4) Line Length: 0 miles (5) Voltage: 230 kV (6) Anticipated Construction Timing: Start date: 2027 End date: 2028 (7) Anticipated Capital Investment: Included in total installed cost on Schedule 9 (Trans. and Sub.) (8) Substations: Waxweed Substation (9) Participation with Other Utilities: None approximately 0.0 miles to connect the solar PV inv erter array. The Redroot Solar Energy Center will require extending the transmission bus at Waxweed Substation Florida Power & Light Company 383 Page 69 of 84 Schedule 10 Status Report and Specifications of Proposed Transmission Lines Redroot Battery Energy Storage System Center (Hendry County) (1) Point of Origin and Termination: Waxweed Substation (2) Number of Lines: 1 (3) Right-of-way FPL - Owned (4) Line Length: 0 miles (5) Voltage: 230 kV (6) Anticipated Construction Timing: Start date: 2027 End date: 2028 (7) Anticipated Capital Investment: Included in total installed cost on Schedule 9 (Trans. and Sub.) (8) Substations: Waxweed Substation (9) Participation with Other Utilities: None The Redroot Battery Energy Storage Center will be connected to the transmission bus at Waxweed Substation approximately 0.0 miles to connect the BESS. Florida Power & Light Company 384 Page 70 of 84 Schedule 10 Status Rep,2026-09-26T16:50:05+00:00,2026-09-26T20:29:57+00:00,yes
37bd3fa6a882556d1c0d,Florida Power & Light,I. Extend 230 kV bus at Pyrite substation,New transmission line,NA,NA,NA,NA,NA,none,I. Extend 230 kV bus at Pyrite,to a new Catfish,230,0,Transmission Facilities for the Catfish Solar Energy Center in Okeechobee County; Catfish Solar Energy Center in Okeechobee County,NA,NA,2027,0,NA,I. Extend 230 kV bus at Pyrite; to a new Catfish; Transmission Facilities for the Catfish Solar Energy Center in Okeechobee County; Catfish Solar Energy Center in Okeechobee County; Okeechobee County; Pyrite; Catfish,FPL - Ten-Year Site Plan,https://www.fpl.com/content/dam/fplgp/us/en/about/pdf/ten-year-site-plan.pdf,"Breaker replacements: None II. No additional transmission work is required. No upgrades are expected to be necessary at this time. Florida Power & Light Company 136 III.E.40 Transmission Facilities for the Catfish Solar Energy Center in Okeechobee County The work required to connect the approximate 74.5 MW (nameplate, AC) Catfish Solar Energy Center in Okeechobee County in the 3rd Quarter of 2027 is projected to be: I. Extend 230 kV bus at Pyrite substation to a new Catfish substation and interconnect the 230/34.5kV transformer through a 230kV breaker. Construct 34.5 kV bus to connect the PV array to Catfish 230 kV Substation. Add relays and other protective equipment. Breaker replacements: None II.",2026-09-26T16:50:05+00:00,2026-09-26T20:29:57+00:00,yes
197d9db0a453796c97bc,Florida Power & Light,I. Extend 230 kV bus at Vernia substation,New transmission line,NA,NA,NA,NA,NA,none,I. Extend 230 kV bus at Vernia,to a new Ambersweet,230,0,Transmission Facilities for the Ambersweet Solar Energy Center in Indian River County; Ambersweet Solar Energy Center in Indian River County,NA,NA,2027,0,NA,I. Extend 230 kV bus at Vernia; to a new Ambersweet; Transmission Facilities for the Ambersweet Solar Energy Center in Indian River County; Ambersweet Solar Energy Center in Indian River County; Indian River County; Vernia; Ambersweet Substation. Add; St.,FPL - Ten-Year Site Plan,https://www.fpl.com/content/dam/fplgp/us/en/about/pdf/ten-year-site-plan.pdf,"No additional upgrades are expected to be necessary at this time. Florida Power & Light Company 142 III.E.46 Transmission Facilities for the Ambersweet Solar Energy Center in Indian River County The work required to connect the approximate 74.5 MW (nameplate, AC) Ambersweet Solar Energy Center in Indian River County in the 1st Quarter of 2027 is projected to be: I. Extend 230 kV bus at Vernia substation to a new Ambersweet substation and interconnect the 230/34.5kV transformer through a 230kV breaker.. Construct 34.5 kV bus to connect the PV array to Ambersweet Substation. Add relays and other protective equipment. Breaker replacements: None II. No additional upgrades are expected to be necessary at this time. Florida Power & Light Company 143 III.E.47 Transmission Facilities for the Waveland Solar Energy Center in St.",2026-09-26T16:50:05+00:00,2026-09-26T20:29:57+00:00,yes
18cc7291c2d6c921a86c,Florida Power & Light,I. Extend 230 kV bus at Witt substation,New transmission line,NA,NA,NA,NA,NA,none,I. Extend 230 kV bus at Witt,to a new Mulberry,230,0,Transmission Facilities for the Cocoplum Solar Energy Center in Hendry County; Cocoplum Solar Energy Center in Hendry County,NA,NA,2027,0,NA,I. Extend 230 kV bus at Witt; to a new Mulberry; Transmission Facilities for the Cocoplum Solar Energy Center in Hendry County; Cocoplum Solar Energy Center in Hendry County; Hendry County; Witt; Mulberry,FPL - Ten-Year Site Plan,https://www.fpl.com/content/dam/fplgp/us/en/about/pdf/ten-year-site-plan.pdf,"Add relays and other protective equipment. Breaker replacements: None II. No additional upgrades are expected to be necessary at this time. Florida Power & Light Company 137 III.E.41 Transmission Facilities for the Cocoplum Solar Energy Center in Hendry County The work required to connect the approximate 74.5 MW (nameplate, AC) Cocoplum Solar Energy Center in Hendry County in the 3rd Quarter of 2027 is projected to be: I. Extend 230 kV bus at Witt substation to a new Mulberry substation and interconnect the 230/34.5kV transformer through a 230kV breaker. Construct 34.5 kV bus to connect the PV array to Mulberry 230 kV Substation. Add relays and other protective equipment. Breaker replacements: None II.",2026-09-26T16:50:05+00:00,2026-09-26T20:29:57+00:00,yes
997e99f75f8bf83de848,Florida Power & Light,I. Extend 230 kV bus at Witt substation,New transmission line,NA,NA,NA,NA,NA,none,I. Extend 230 kV bus at Witt,to a new Chinkapin,230,0,Transmission Facilities for the Pinecone Solar Energy Center in Calhoun County; Pinecone Solar Energy Center in Calhoun County,NA,NA,2027,0,NA,I. Extend 230 kV bus at Witt; to a new Chinkapin; Transmission Facilities for the Pinecone Solar Energy Center in Calhoun County; Pinecone Solar Energy Center in Calhoun County; Calhoun County; Witt; Chinkapin,FPL - Ten-Year Site Plan,https://www.fpl.com/content/dam/fplgp/us/en/about/pdf/ten-year-site-plan.pdf,"Add relays and other protective equipment. Breaker replacements: None II. No additional upgrades are expected to be necessary at this time. Florida Power & Light Company 138 III.E.42 Transmission Facilities for the Pinecone Solar Energy Center in Calhoun County The work required to connect the approximate 74.5 MW (nameplate, AC) Pinecone Solar Energy Center in Calhoun County in the 3rd Quarter of 2027 is projected to be: I. Extend 230 kV bus at Witt substation to a new Chinkapin substation and interconnect the 230/34.5kV transformer through a 230kV breaker. Construct 34.5 kV bus to connect the PV array to Chinkapin 230 kV Substation. Add relays and other protective equipment. Breaker replacements: None II.",2026-09-26T16:50:05+00:00,2026-09-26T20:29:57+00:00,yes
c5f7090bcfb683a70868,Florida Power & Light,I. Extend 230 kV bus at Witt substation,New transmission line,NA,NA,NA,NA,NA,none,I. Extend 230 kV bus at Witt,to a new Lemur,230,0,Transmission Facilities for the Myakka Solar Energy Center in Manatee County; Myakka Solar Energy Center in Manatee County,NA,NA,2027,0,NA,I. Extend 230 kV bus at Witt; to a new Lemur; Transmission Facilities for the Myakka Solar Energy Center in Manatee County; Myakka Solar Energy Center in Manatee County; Manatee County; Witt; Lemur,FPL - Ten-Year Site Plan,https://www.fpl.com/content/dam/fplgp/us/en/about/pdf/ten-year-site-plan.pdf,"Add relays and other protective equipment. Breaker replacements: None II. No additional upgrades are expected to be necessary at this time. Florida Power & Light Company 139 III.E.43 Transmission Facilities for the Myakka Solar Energy Center in Manatee County The work required to connect the approximate 74.5 MW (nameplate, AC) Myakka Solar Energy Center in Manatee County in the 3rd Quarter of 2027 is projected to be: I. Extend 230 kV bus at Witt substation to a new Lemur substation and interconnect the 230/34.5kV transformer through a 230kV breaker. Construct 34.5 kV bus to connect the PV array to Lemur 230 kV Substation. Add relays and other protective equipment. Breaker replacements: None II.",2026-09-26T16:50:05+00:00,2026-09-26T20:29:57+00:00,yes
9be8e13bf435643cd3ec,Florida Power & Light,I. Extend 230 kV bus at Witt substation,New transmission line,NA,NA,NA,NA,NA,none,I. Extend 230 kV bus at Witt,to a new Stallion,230,0,Transmission Facilities for the Joshua Creek Solar Energy Center in DeSoto County; Joshua Creek Solar Energy Center in DeSoto County,NA,NA,2027,0,NA,I. Extend 230 kV bus at Witt; to a new Stallion; Transmission Facilities for the Joshua Creek Solar Energy Center in DeSoto County; Joshua Creek Solar Energy Center in DeSoto County; DeSoto County; Witt; Stallion,FPL - Ten-Year Site Plan,https://www.fpl.com/content/dam/fplgp/us/en/about/pdf/ten-year-site-plan.pdf,"Add relays and other protective equipment. Breaker replacements: None II. No additional upgrades are expected to be necessary at this time. Florida Power & Light Company 140 III.E.44 Transmission Facilities for the Joshua Creek Solar Energy Center in DeSoto County The work required to connect the approximate 74.5 MW (nameplate, AC) Joshua Creek Solar Energy Center in DeSoto County in the 3rd Quarter of 2027 is projected to be: I. Extend 230 kV bus at Witt substation to a new Stallion substation and interconnect the 230/34.5kV transformer through a 230kV breaker. Construct 34.5 kV bus to connect the PV array to Stallion 230 kV Substation. Add relays and other protective equipment. Breaker replacements: None II.",2026-09-26T16:50:05+00:00,2026-09-26T20:29:57+00:00,yes
f974685c7c986dc6aaeb,Florida Power & Light,I. Extend the existing 34.5 kV bus at Citron Substation,Transmission upgrade,NA,NA,NA,NA,NA,none,I. Extend the existing 34.5 kV bus at Citron,NA,0,0,Transmission Facilities for the Blue Heron Battery Energy Storage System Center in Hendry County; Blue Heron Battery Energy Storage System Center in Hendry County,NA,NA,2027,0,NA,I. Extend the existing 34.5 kV bus at Citron; Transmission Facilities for the Blue Heron Battery Energy Storage System Center in Hendry County; Blue Heron Battery Energy Storage System Center in Hendry County; Hendry County; Citron Substation,FPL - Ten-Year Site Plan,https://www.fpl.com/content/dam/fplgp/us/en/about/pdf/ten-year-site-plan.pdf,"Breaker replacements: None II. No additional transmission work is required. No upgrades are expected to be necessary at this time. Florida Power & Light Company 124 III.E.28 Transmission Facilities for the Blue Heron Battery Energy Storage System Center in Hendry County The work required to connect the approximate 74.5 MW (nameplate, AC) Blue Heron Battery Energy Storage System Center in Hendry County in the 2 nd Quarter of 2027 is projected to be: I. Extend the existing 34.5 kV bus at Citron Substation to connect the BESS. Add relays and other protective equipment. Breaker replacements: None II. No additional transmission work is required.",2026-09-26T16:50:05+00:00,2026-09-26T20:29:57+00:00,yes
468bd95ccae41515e7e3,Florida Power & Light,I. Extend the existing 34.5 kV bus at Estuary Substation,Transmission upgrade,NA,NA,NA,NA,NA,none,I. Extend the existing 34.5 kV bus at Estuary,NA,0,0,Transmission Facilities for the Indrio Battery Energy Storage System Center in St. Lucie County; Indrio Battery Energy Storage System Center in St. Lucie County,NA,NA,2027,0,NA,I. Extend the existing 34.5 kV bus at Estuary; Transmission Facilities for the Indrio Battery Energy Storage System Center in St. Lucie County; Indrio Battery Energy Storage System Center in St. Lucie County; St. Lucie County; Estuary Substation,FPL - Ten-Year Site Plan,https://www.fpl.com/content/dam/fplgp/us/en/about/pdf/ten-year-site-plan.pdf,"Breaker replacements: None II. No additional transmission work is required. No upgrades are expected to be necessary at this time. Florida Power & Light Company 131 III.E.35 Transmission Facilities for the Indrio Battery Energy Storage System Center in St. Lucie County The work required to connect the approximate 74.5 MW (nameplate, AC) Indrio Battery Energy Storage System Center in St. Lucie County in the 3rd Quarter of 2027 is projected to be: I. Extend the existing 34.5 kV bus at Estuary Substation to connect the BESS. Add relays and other protective equipment.",2026-09-26T16:50:05+00:00,2026-09-26T20:29:57+00:00,yes
ef07ed8d49b1e098ecf0,Florida Power & Light,I. Extend the existing 34.5 kV bus at Finca Substation,Transmission upgrade,NA,NA,NA,NA,NA,none,I. Extend the existing 34.5 kV bus at Finca,NA,0,0,Transmission Facilities for the Orange Blossom Battery Energy Storage System Center in Indian River County; Orange Blossom Battery Energy Storage System Center in Indian River County,NA,NA,2027,0,NA,I. Extend the existing 34.5 kV bus at Finca; Transmission Facilities for the Orange Blossom Battery Energy Storage System Center in Indian River County; Orange Blossom Battery Energy Storage System Center in Indian River County; Indian River County; Finca Substation,FPL - Ten-Year Site Plan,https://www.fpl.com/content/dam/fplgp/us/en/about/pdf/ten-year-site-plan.pdf,"Breaker replacements: None II. No additional transmission work is required. No upgrades are expected to be necessary at this time. Florida Power & Light Company 127 III.E.31 Transmission Facilities for the Orange Blossom Battery Energy Storage System Center in Indian River County The work required to connect the approximate 74.5 MW (nameplate, AC) Orange Blossom Battery Energy Storage System Center in Indian River County in the 2 nd Quarter of 2027 is projected to be: I. Extend the existing 34.5 kV bus at Finca Substation to connect the BESS. Add relays and other protective equipment. Breaker replacements: None II. No additional transmission work is required.",2026-09-26T16:50:05+00:00,2026-09-26T20:29:57+00:00,yes
2bb75337d6fe346e87d4,Florida Power & Light,I. Extend the existing 34.5 kV bus at Ghost Substation,Transmission upgrade,NA,NA,NA,NA,NA,none,I. Extend the existing 34.5 kV bus at Ghost,NA,0,0,Transmission Facilities for the Sawgrass Battery Energy Storage System Center in Hendry County; Sawgrass Battery Energy Storage System Center in Hendry County,NA,NA,2027,0,NA,I. Extend the existing 34.5 kV bus at Ghost; Transmission Facilities for the Sawgrass Battery Energy Storage System Center in Hendry County; Sawgrass Battery Energy Storage System Center in Hendry County; Hendry County; Ghost Substation,FPL - Ten-Year Site Plan,https://www.fpl.com/content/dam/fplgp/us/en/about/pdf/ten-year-site-plan.pdf,"Breaker replacements: None II. No additional transmission work is required. No upgrades are expected to be necessary at this time. Florida Power & Light Company 125 III.E.29 Transmission Facilities for the Sawgrass Battery Energy Storage System Center in Hendry County The work required to connect the approximate 74.5 MW (nameplate, AC) Sawgrass Battery Energy Storage System Center in Hendry County in the 2 nd Quarter of 2027 is projected to be: I. Extend the existing 34.5 kV bus at Ghost Substation to connect the BESS. Add relays and other protective equipment. Breaker replacements: None II. No additional transmission work is required.",2026-09-26T16:50:05+00:00,2026-09-26T20:29:57+00:00,yes
7890211fe37a45340400,Florida Power & Light,I. Extend the existing 34.5 kV bus at Gopher Substation,Transmission upgrade,NA,"30.600729, -87.338474","3 QUARTERS RD, CANTONMENT, FL, 32533",address_geocode,U.S. Census Geocoder,medium,I. Extend the existing 34.5 kV bus at Gopher,NA,0,0,Transmission Facilities for the Monarch ACES Battery Energy Storage System Center Pilot in Martin County; Monarch ACES Battery Energy Storage System Center Pilot in Martin County,NA,NA,2027,0,NA,I. Extend the existing 34.5 kV bus at Gopher; Transmission Facilities for the Monarch ACES Battery Energy Storage System Center Pilot in Martin County; Monarch ACES Battery Energy Storage System Center Pilot in Martin County; Martin County; Gopher Substation,FPL - Ten-Year Site Plan,https://www.fpl.com/content/dam/fplgp/us/en/about/pdf/ten-year-site-plan.pdf,"Breaker replacements: None II. No additional transmission work is required. No upgrades are expected to be necessary at this time. Florida Power & Light Company 133 III.E.37 Transmission Facilities for the Monarch ACES Battery Energy Storage System Center Pilot in Martin County The work required to connect the approximate 10.0 MW (nameplate, AC) Monarch ACES Battery Energy Storage System Center Pilot in Martin County in the 3 rd Quarter of 2027 is projected to be: I. Extend the existing 34.5 kV bus at Gopher Substation to connect the BESS. Add relays and other protective equipment. Breaker replacements: None II. No additional transmission work is required.",2026-09-26T16:50:05+00:00,2026-09-26T20:29:57+00:00,yes
8e1768ff0ad4b84fe355,Florida Power & Light,I. Extend the existing 34.5 kV bus at Plum Substation,Transmission upgrade,NA,"30.600729, -87.338474","3 QUARTERS RD, CANTONMENT, FL, 32533",address_geocode,U.S. Census Geocoder,medium,I. Extend the existing 34.5 kV bus at Plum,NA,0,0,Transmission Facilities for the Union Springs Battery Energy Storage System Center in Union County; Union Springs Battery Energy Storage System Center in Union County,NA,NA,2027,0,NA,I. Extend the existing 34.5 kV bus at Plum; Transmission Facilities for the Union Springs Battery Energy Storage System Center in Union County; Union Springs Battery Energy Storage System Center in Union County; Union County; Plum Substation,FPL - Ten-Year Site Plan,https://www.fpl.com/content/dam/fplgp/us/en/about/pdf/ten-year-site-plan.pdf,"Breaker replacements: None II. No additional transmission work is required. No upgrades are expected to be necessary at this time. Florida Power & Light Company 135 III.E.39 Transmission Facilities for the Union Springs Battery Energy Storage System Center in Union County The work required to connect the approximate 74.5 MW (nameplate, AC) Union Springs Battery Energy Storage System Center in Union County in the 3 rd Quarter of 2027 is projected to be: I. Extend the existing 34.5 kV bus at Plum Substation to connect the BESS. Add relays and other protective equipment. Breaker replacements: None II. No additional transmission work is required.",2026-09-26T16:50:05+00:00,2026-09-26T20:29:57+00:00,yes
a82e18aaa726f0b780ad,Florida Power & Light,I. Extend the existing 34.5 kV bus at Swallowtail Substation,Transmission upgrade,NA,"30.600729, -87.338474","3 QUARTERS RD, CANTONMENT, FL, 32533",address_geocode,U.S. Census Geocoder,medium,I. Extend the existing 34.5 kV bus at Swallowtail,NA,0,0,Transmission Facilities for the Swallowtail Battery Energy Storage System Center in Walton County; Swallowtail Battery Energy Storage System Center in Walton County,NA,NA,2027,0,NA,I. Extend the existing 34.5 kV bus at Swallowtail; Transmission Facilities for the Swallowtail Battery Energy Storage System Center in Walton County; Swallowtail Battery Energy Storage System Center in Walton County; Walton County; Swallowtail Substation,FPL - Ten-Year Site Plan,https://www.fpl.com/content/dam/fplgp/us/en/about/pdf/ten-year-site-plan.pdf,"Breaker replacements: None II. No additional transmission work is required. No upgrades are expected to be necessary at this time. Florida Power & Light Company 134 III.E.38 Transmission Facilities for the Swallowtail Battery Energy Storage System Center in Walton County The work required to connect the approximate 74.5 MW (nameplate, AC) Swallowtail Battery Energy Storage System Center in Walton County in the 3 rd Quarter of 2027 is projected to be: I. Extend the existing 34.5 kV bus at Swallowtail Substation to connect the BESS. Add relays and other protective equipment. Breaker replacements: None II. No additional transmission work is required.",2026-09-26T16:50:05+00:00,2026-09-26T20:29:57+00:00,yes
3be43d9d013cf85c45c8,Florida Power & Light,I. Extend the existing 34.5 kV bus at Swamp Substation,Transmission upgrade,NA,NA,NA,NA,NA,none,I. Extend the existing 34.5 kV bus at Swamp,NA,0,0,Transmission Facilities for the Swamp Cabbage Battery Energy Storage System Center in Hendry County; Swamp Cabbage Battery Energy Storage System Center in Hendry County,NA,NA,2027,0,NA,I. Extend the existing 34.5 kV bus at Swamp; Transmission Facilities for the Swamp Cabbage Battery Energy Storage System Center in Hendry County; Swamp Cabbage Battery Energy Storage System Center in Hendry County; Hendry County; Swamp Substation,FPL - Ten-Year Site Plan,https://www.fpl.com/content/dam/fplgp/us/en/about/pdf/ten-year-site-plan.pdf,"Add relays and other protective equipment. Breaker replacements: None II.Transmission: 1. No additional upgrades are expected to be necessary at this time. Florida Power & Light Company 122 III.E.26 Transmission Facilities for the Swamp Cabbage Battery Energy Storage System Center in Hendry County The work required to connect the approximate 74.5 MW (nameplate, AC) Swamp Cabbage Battery Energy Storage System Center in Hendry County in the 2 nd Quarter of 2027 is projected to be: I. Extend the existing 34.5 kV bus at Swamp Substation to connect the BESS. Add relays and other protective equipment. Breaker replacements: None II. No additional transmission work is required.",2026-09-26T16:50:05+00:00,2026-09-26T20:29:57+00:00,yes
2f9c8b7255cd778ec563,Florida Power & Light,I. Extend the existing 34.5 kV bus at Terrill Substation,Transmission upgrade,NA,NA,NA,NA,NA,none,I. Extend the existing 34.5 kV bus at Terrill,NA,0,0,Transmission Facilities for the Terrill Creek Battery Energy Storage System Center in Clay County; Terrill Creek Battery Energy Storage System Center in Clay County,NA,NA,2027,0,NA,I. Extend the existing 34.5 kV bus at Terrill; Transmission Facilities for the Terrill Creek Battery Energy Storage System Center in Clay County; Terrill Creek Battery Energy Storage System Center in Clay County; Clay County; Terrill Substation,FPL - Ten-Year Site Plan,https://www.fpl.com/content/dam/fplgp/us/en/about/pdf/ten-year-site-plan.pdf,"Breaker replacements: None II. No additional transmission work is required. No upgrades are expected to be necessary at this time. Florida Power & Light Company 126 III.E.30 Transmission Facilities for the Terrill Creek Battery Energy Storage System Center in Clay County The work required to connect the approximate 74.5 MW (nameplate, AC) Terrill Creek Battery Energy Storage System Center in Clay County in the 2 nd Quarter of 2027 is projected to be: I. Extend the existing 34.5 kV bus at Terrill Substation to connect the BESS. Add relays and other protective equipment. Breaker replacements: None II. No additional transmission work is required.",2026-09-26T16:50:05+00:00,2026-09-26T20:29:57+00:00,yes
eb8c9b26e91dd21d0bdb,Florida Power & Light,I. Extend the existing 34.5 kV bus at Zoysia Substation,Transmission upgrade,NA,NA,NA,NA,NA,none,I. Extend the existing 34.5 kV bus at Zoysia,NA,0,0,Transmission Facilities for the Green Pasture Battery Energy Storage System Center in Charlotte County; Green Pasture Battery Energy Storage System Center in Charlotte County,NA,NA,2027,0,NA,I. Extend the existing 34.5 kV bus at Zoysia; Transmission Facilities for the Green Pasture Battery Energy Storage System Center in Charlotte County; Green Pasture Battery Energy Storage System Center in Charlotte County; Charlotte County; Zoysia Substation,FPL - Ten-Year Site Plan,https://www.fpl.com/content/dam/fplgp/us/en/about/pdf/ten-year-site-plan.pdf,"Breaker replacements: None II. No additional transmission work is required. No upgrades are expected to be necessary at this time. Florida Power & Light Company 123 III.E.27 Transmission Facilities for the Green Pasture Battery Energy Storage System Center in Charlotte County The work required to connect the approximate 74.5 MW (nameplate, AC) Green Pasture Battery Energy Storage System Center in Charlotte County in the 2 nd Quarter of 2027 is projected to be: I. Extend the existing 34.5 kV bus at Zoysia Substation to connect the BESS. Add relays and other protective equipment. Breaker replacements: None II. No additional transmission work is required.",2026-09-26T16:50:05+00:00,2026-09-26T20:29:57+00:00,yes
76fca44f4f16dbb72589,Florida Power & Light,Lilly Substation,New transmission line,NA,NA,NA,NA,NA,none,Waxweed Solar Energy Center will require bifurcating the Puma,Keri,230,0,St. Lucie County; Hendry County,NA,NA,2027,0,NA,Waxweed Solar Energy Center will require bifurcating the Puma; Keri; St. Lucie County; Hendry County; Lilly Substation Florida Power; Lily Substation,FPL - Ten-Year Site Plan,https://www.fpl.com/content/dam/fplgp/us/en/about/pdf/ten-year-site-plan.pdf,Florida Power & Light Company 372 Page 58 of 84 Schedule 10 Status Report and Specifications of Proposed Transmission Lines Wild Lime Solar Energy Center (St. Lucie County) (1) Point of Origin and Termination: Lilly Substation (2) Number of Lines: 1 (3) Right-of-way FPL - Owned (4) Line Length: 0 miles (5) Voltage: 230 kV (6) Anticipated Construction Timing: Start date: 2027 End date: 2028 (7) Anticipated Capital Investment: Included in total installed cost on Schedule 9 (Trans. and Sub.) (8) Substations: Lilly Substation (9) Participation with Other Utilities: None approximately 0.0 miles to connect the solar PV inv erter array. The Wild Lime Solar Energy Center will require extending the transmission bus at Lilly Substation Florida Power & Light Company 373 Page 59 of 84 Schedule 10 Status Report and Specifications of Proposed Transmission Lines Wild Lime Battery Energy Storage System Center (St. Lucie County) (1) Point of Origin and Termination: Lily Substation (2) Number of Lines: 1 (3) Right-of-way FPL - Owned (4) Line Length: 0 miles (5) Voltage: 230 kV (6) Anticipated Construction Timing: Start date: 2027 End date: 2028 (7) Anticipated Capital Investment: Included in total installed cost on Schedule 9 (Trans. and Sub.) (8) Substations: Lily Substation (9) Participation with Other Utilities: None The Wild Lime Battery Energy Storage Center will be connected to the transmission bus at Lily Substation approximately 0.0 miles to connect the BESS. Florida Power & Light Company 374 Page 60 of 84 Schedule 10 Status Report and Specifications of Proposed Transmission Lines Waxweed Solar Energy Center (Hendry County) (1) Point of Origin and Termination: Waxweed Substation (2) Number of Lines: 1 (3) Right-of-way FPL - Owned (4) Line Length: 0 miles (5) Voltage: 230 kV (6) A,2026-09-26T16:50:05+00:00,2026-09-26T20:29:57+00:00,yes
bf86cfbfb96a5b2850ac,Florida Power & Light,Lily Substation,New transmission line,"{""type"":""Point"",""coordinates"":[-86.4649194295921,30.5130997578071]}","30.513100, -86.464919",NA,hifld_substation_point,https://services1.arcgis.com/CD5mKowwN6nIaqd8/ArcGIS/rest/services/project_renewable_us_substations_2022/FeatureServer/10 | matched: NICEVILLE,medium,Lily Solar Energy Center will require bifurcating the Glint,Sev ille,230,0,Lucie County; St. Lucie County,NA,NA,2027,0,NA,Lily Solar Energy Center will require bifurcating the Glint; Sev ille; Lucie County; St. Lucie County; Lily Substation,FPL - Ten-Year Site Plan,https://www.fpl.com/content/dam/fplgp/us/en/about/pdf/ten-year-site-plan.pdf,Lucie County) (1) Point of Origin and Termination: Lily Substation (2) Number of Lines: 1 (3) Right-of-way FPL - Owned (4) Line Length: 0 miles (5) Voltage: 230 kV (6) Anticipated Construction Timing: Start date: 2027 End date: 2028 (7) Anticipated Capital Investment: Included in total installed cost on Schedule 9 (Trans. and Sub.) (8) Substations: Lily Substation (9) Participation with Other Utilities: None The Pine Lily Solar Energy Center will require bifurcating the Glint-Sev ille 230kV transmission line approximately 0.0 miles to connect a new Lily substation and connect the solar PV inv erter array. Florida Power & Light Company 371 Page 57 of 84 Schedule 10 Status Report and Specifications of Proposed Transmission Lines Pine Lily Battery Energy Storage System Center (St. Lucie County) (1) Point of Origin and Termination: Lily Substation (2) Number of Lines: 1 (3) Right-of-way FPL - Owned (4) Line Length: 0 miles (5) Voltage: 230 kV (6) Anticipated Construction Timing: Start date: 2027 End date: 2028 (7) Anticipated Capital Investment: Included in total installed cost on Schedule 9 (Trans. and Sub.) (8) Substations: Lily Substation (9) Participation with Other Utilities: None The Pine Lily Battery Energy Storage Center will be connected to the transmission bus at Lily Substation approximately 0.0 miles to connect the BESS. Florida Power & Light Company 372 Page 58 of 84 Schedule 10 Status Report and Specifications of Proposed Transmission Lines Wild Lime Solar Energy Center (St. Lucie County) (1) Point of Origin and Termination: Lilly Substation (2) Number of Lines: 1 (3) Right-of-way FPL - Owned (4) Line Length: 0 miles (5) Voltage: 230 kV (6) Anticipated Construction Timing: Start date: 2027 End date: 2028 (7) Anticipated Capital Investment: Included in total in,2026-09-26T16:50:05+00:00,2026-09-26T20:29:57+00:00,yes
90ad68b97c6eb8fc01a9,Florida Power & Light,Lily Substation,New transmission line,NA,NA,NA,NA,NA,none,Lily,Center will be connected to the transmission bus at Lily,230,0,St. Lucie County,NA,NA,2027,0,NA,Lily; Center will be connected to the transmission bus at Lily; St. Lucie County; Lily Substation; Lilly Substation Florida Power,FPL - Ten-Year Site Plan,https://www.fpl.com/content/dam/fplgp/us/en/about/pdf/ten-year-site-plan.pdf,Florida Power & Light Company 371 Page 57 of 84 Schedule 10 Status Report and Specifications of Proposed Transmission Lines Pine Lily Battery Energy Storage System Center (St. Lucie County) (1) Point of Origin and Termination: Lily Substation (2) Number of Lines: 1 (3) Right-of-way FPL - Owned (4) Line Length: 0 miles (5) Voltage: 230 kV (6) Anticipated Construction Timing: Start date: 2027 End date: 2028 (7) Anticipated Capital Investment: Included in total installed cost on Schedule 9 (Trans. and Sub.) (8) Substations: Lily Substation (9) Participation with Other Utilities: None The Pine Lily Battery Energy Storage Center will be connected to the transmission bus at Lily Substation approximately 0.0 miles to connect the BESS. Florida Power & Light Company 372 Page 58 of 84 Schedule 10 Status Report and Specifications of Proposed Transmission Lines Wild Lime Solar Energy Center (St. Lucie County) (1) Point of Origin and Termination: Lilly Substation (2) Number of Lines: 1 (3) Right-of-way FPL - Owned (4) Line Length: 0 miles (5) Voltage: 230 kV (6) Anticipated Construction Timing: Start date: 2027 End date: 2028 (7) Anticipated Capital Investment: Included in total installed cost on Schedule 9 (Trans. and Sub.) (8) Substations: Lilly Substation (9) Participation with Other Utilities: None approximately 0.0 miles to connect the solar PV inv erter array. The Wild Lime Solar Energy Center will require extending the transmission bus at Lilly Substation Florida Power & Light Company 373 Page 59 of 84 Schedule 10 Status Report and Specifications of Proposed Transmission Lines Wild Lime Battery Energy Storage System Center (St. Lucie County) (1) Point of Origin and Termination: Lily Substation (2) Number of Lines: 1 (3) Right-of-way FPL - Owned (4) Line Length: 0 miles (5) Vo,2026-09-26T16:50:05+00:00,2026-09-26T20:29:57+00:00,yes
1832a35afead8f71b631,Florida Power & Light,Lily Substation,New transmission line,NA,NA,NA,NA,NA,none,Waxweed Solar Energy Center will require bifurcating the Puma,Keri,230,0,Lucie County; Hendry County; Manatee County,NA,NA,2027,0,NA,Waxweed Solar Energy Center will require bifurcating the Puma; Keri; Lucie County; Hendry County; Manatee County; Lily Substation; Waxweed Substation Florida Power; Flatford Substation,FPL - Ten-Year Site Plan,https://www.fpl.com/content/dam/fplgp/us/en/about/pdf/ten-year-site-plan.pdf,Lucie County) (1) Point of Origin and Termination: Lily Substation (2) Number of Lines: 1 (3) Right-of-way FPL - Owned (4) Line Length: 0 miles (5) Voltage: 230 kV (6) Anticipated Construction Timing: Start date: 2027 End date: 2028 (7) Anticipated Capital Investment: Included in total installed cost on Schedule 9 (Trans. and Sub.) (8) Substations: Lily Substation (9) Participation with Other Utilities: None The Wild Lime Battery Energy Storage Center will be connected to the transmission bus at Lily Substation approximately 0.0 miles to connect the BESS. Florida Power & Light Company 374 Page 60 of 84 Schedule 10 Status Report and Specifications of Proposed Transmission Lines Waxweed Solar Energy Center (Hendry County) (1) Point of Origin and Termination: Waxweed Substation (2) Number of Lines: 1 (3) Right-of-way FPL - Owned (4) Line Length: 0 miles (5) Voltage: 230 kV (6) Anticipated Construction Timing: Start date: 2027 End date: 2028 (7) Anticipated Capital Investment: Included in total installed cost on Schedule 9 (Trans. and Sub.) (8) Substations: Waxweed Substation (9) Participation with Other Utilities: None The Waxweed Solar Energy Center will require bifurcating the Puma-Keri 230kV transmission line approximately 0.0 miles to connect a new Waxweed substation and connect the solar PV inv erter array. Florida Power & Light Company 375 Page 61 of 84 Schedule 10 Status Report and Specifications of Proposed Transmission Lines Waxweed Battery Energy Storage System Center (Hendry County) (1) Point of Origin and Termination: Waxweed Substation (2) Number of Lines: 1 (3) Right-of-way FPL - Owned (4) Line Length: 0 miles (5) Voltage: 230 kV (6) Anticipated Construction Timing: Start date: 2027 End date: 2028 (7) Anticipated Capital Investment: Included in total installe,2026-09-26T16:50:05+00:00,2026-09-26T20:29:57+00:00,yes
f90bbb37f8669e1a4015,Florida Power & Light,Loop the adjacent Sunbreak - Glint 230 kV into Vernia substation,New transmission line,NA,NA,NA,NA,NA,none,Loop the adjacent Sunbreak,Glint,230,0,Transmission Facilities for the Ambersweet Solar Energy Center in Indian River County; Ambersweet Solar Energy Center in Indian River County,NA,NA,2027,0,NA,Loop the adjacent Sunbreak; Glint; Transmission Facilities for the Ambersweet Solar Energy Center in Indian River County; Ambersweet Solar Energy Center in Indian River County; Indian River County; Vernia; Ambersweet Substation. Add,FPL - Ten-Year Site Plan,https://www.fpl.com/content/dam/fplgp/us/en/about/pdf/ten-year-site-plan.pdf,"Loop the adjacent Sunbreak - Glint 230 kV into Vernia substation. No additional upgrades are expected to be necessary at this time. Florida Power & Light Company 142 III.E.46 Transmission Facilities for the Ambersweet Solar Energy Center in Indian River County The work required to connect the approximate 74.5 MW (nameplate, AC) Ambersweet Solar Energy Center in Indian River County in the 1st Quarter of 2027 is projected to be: I. Extend 230 kV bus at Vernia substation to a new Ambersweet substation and interconnect the 230/34.5kV transformer through a 230kV breaker.. Construct 34.5 kV bus to connect the PV array to Ambersweet Substation. Add relays and other protective equipment. Breaker replacements: None II. No additional upgrades are expected to be necessary at this time.",2026-09-26T16:50:05+00:00,2026-09-26T20:29:57+00:00,yes
98a74ccd8faa5aa3e9c3,Florida Power & Light,Loop the adjacent new Sunbreak - Heritage 230 kV into Estuary substation,New transmission line,NA,NA,NA,NA,NA,none,Loop the adjacent new Sunbreak,Heritage,230,0,Transmission Facilities for the Tangelo Solar Energy Center in Okeechobee County; Tangelo Solar Energy Center in Okeechobee County,NA,NA,2027,0,NA,Loop the adjacent new Sunbreak; Heritage; Transmission Facilities for the Tangelo Solar Energy Center in Okeechobee County; Tangelo Solar Energy Center in Okeechobee County; Okeechobee County; Clementine,FPL - Ten-Year Site Plan,https://www.fpl.com/content/dam/fplgp/us/en/about/pdf/ten-year-site-plan.pdf,"Breaker replacements: None II.Transmission: 1. Loop the adjacent new Sunbreak - Heritage 230 kV into Estuary substation. No additional upgrades are expected to be necessary at this time. Florida Power & Light Company 115 III.E.19 Transmission Facilities for the Tangelo Solar Energy Center in Okeechobee County The work required to connect the approximate 74.5 MW (nameplate, AC) Tangelo Solar Energy Center in Okeechobee County in the 1st Quarter of 2027 is projected to be: I.Substation: 1. Extend 230 kV bus at Clementine substation and interconnect the 230/34.5kV transformer through a 230kV breaker. Construct 34.5 kV bus to connect the PV array to Clementine 230 kV Substation. Add relays and other protective equipment. Breaker replacements: None II.Transmission: 1.",2026-09-26T16:50:05+00:00,2026-09-26T20:29:57+00:00,yes
01cd42e214790a20ec8b,Florida Power & Light,Lumia Substation,New transmission line,NA,NA,NA,NA,NA,none,Energy Center will require bifurcating the new FPL Wav eland,Heritage,230,0,Indian River County,NA,NA,2027,0,NA,Energy Center will require bifurcating the new FPL Wav eland; Heritage; Indian River County; Finance Substation Florida Power; Finca Substation; Finance Substation,FPL - Ten-Year Site Plan,https://www.fpl.com/content/dam/fplgp/us/en/about/pdf/ten-year-site-plan.pdf,Florida Power & Light Company 362 Page 48 of 84 Schedule 10 Status Report and Specifications of Proposed Transmission Lines Inlet Solar Energy Center (Indian River County) (1) Point of Origin and Termination: Lumia Substation (2) Number of Lines: 1 (3) Right-of-way FPL - Owned (4) Line Length: 0 miles (5) Voltage: 230 kV (6) Anticipated Construction Timing: Start date: 2027 End date: 2028 (7) Anticipated Capital Investment: Included in total installed cost on Schedule 9 (Trans. and Sub.) (8) Substations: Lumia Substation (9) Participation with Other Utilities: None The Inlet Solar Energy Center will require bifurcating the new FPL Wav eland - Heritage 230 kV transmission line approximately 0.0 miles to connect a new Lumia substation and connect the solar PV inv erter array. Florida Power & Light Company 363 Page 49 of 84 Schedule 10 Status Report and Specifications of Proposed Transmission Lines Beachland Solar Energy Center (Indian River County) (1) Point of Origin and Termination: Finance Substation (2) Number of Lines: 1 (3) Right-of-way FPL - Owned (4) Line Length: 0.0 miles (5) Voltage: 230 kV (6) Anticipated Construction Timing: Start date: 2027 End date: 2028 (7) Anticipated Capital Investment: Included in total installed cost on Schedule 9 (Trans. and Sub.) (8) Substations: Finance Substation (9) Participation with Other Utilities: None line approximately 0.0 miles to connect the solar PV inv erter array. The Beachland Solar Energy Center will require extending the transmission bus at Finance Substation Florida Power & Light Company 364 Page 50 of 84 Schedule 10 Status Report and Specifications of Proposed Transmission Lines Wabasso Solar Energy Center (Indian River County) (1) Point of Origin and Termination: Finance Substation (2) Number of Lines: 1 (3) Right-,2026-09-26T16:50:05+00:00,2026-09-26T20:29:57+00:00,yes
7a827aec7869d8e08729,Florida Power & Light,Lumia Substation,New transmission line,NA,NA,NA,NA,NA,none,Energy Center will require bifurcating the new FPL Wav eland,Heritage,500,0,Indian River County; Collier County,NA,NA,2027,0,NA,Energy Center will require bifurcating the new FPL Wav eland; Heritage; Indian River County; Collier County; Finance Substation Florida Power; Finca Substation; Finance Substation,FPL - Ten-Year Site Plan,https://www.fpl.com/content/dam/fplgp/us/en/about/pdf/ten-year-site-plan.pdf,and Sub.) (8) Substations: Lumia Substation (9) Participation with Other Utilities: None The Inlet Solar Energy Center will require bifurcating the new FPL Wav eland - Heritage 230 kV transmission line approximately 0.0 miles to connect a new Lumia substation and connect the solar PV inv erter array. Florida Power & Light Company 363 Page 49 of 84 Schedule 10 Status Report and Specifications of Proposed Transmission Lines Beachland Solar Energy Center (Indian River County) (1) Point of Origin and Termination: Finance Substation (2) Number of Lines: 1 (3) Right-of-way FPL - Owned (4) Line Length: 0.0 miles (5) Voltage: 230 kV (6) Anticipated Construction Timing: Start date: 2027 End date: 2028 (7) Anticipated Capital Investment: Included in total installed cost on Schedule 9 (Trans. and Sub.) (8) Substations: Finance Substation (9) Participation with Other Utilities: None line approximately 0.0 miles to connect the solar PV inv erter array. The Beachland Solar Energy Center will require extending the transmission bus at Finance Substation Florida Power & Light Company 364 Page 50 of 84 Schedule 10 Status Report and Specifications of Proposed Transmission Lines Wabasso Solar Energy Center (Indian River County) (1) Point of Origin and Termination: Finance Substation (2) Number of Lines: 1 (3) Right-of-way FPL - Owned (4) Line Length: 4.5 miles (5) Voltage: 230 kV (6) Anticipated Construction Timing: Start date: 2027 End date: 2028 (7) Anticipated Capital Investment: Included in total installed cost on Schedule 9 (Trans. and Sub.) (8) Substations: Finance Substation (9) Participation with Other Utilities: None The Wabasso Solar Energy Center will require extending the transmission bus at Finca Substation line approximately 4.5 miles to connect a new Finance substation and c,2026-09-26T16:50:05+00:00,2026-09-26T20:29:57+00:00,yes
ee539c4a944f0854216b,Florida Power & Light,None II. Loop the adjacent Sunbreak - Glint 230 kV into Vernia substation,New transmission line,NA,NA,NA,NA,NA,none,None II. Loop the adjacent Sunbreak,Glint,230,0,Transmission Facilities for the Ambersweet Solar Energy Center in Indian River County; Ambersweet Solar Energy Center in Indian River County,NA,NA,2027,0,NA,None II. Loop the adjacent Sunbreak; Glint; Transmission Facilities for the Ambersweet Solar Energy Center in Indian River County; Ambersweet Solar Energy Center in Indian River County; Indian River County; Vernia; Ambersweet Substation. Add,FPL - Ten-Year Site Plan,https://www.fpl.com/content/dam/fplgp/us/en/about/pdf/ten-year-site-plan.pdf,"Breaker replacements: None II. Loop the adjacent Sunbreak - Glint 230 kV into Vernia substation. No additional upgrades are expected to be necessary at this time. Florida Power & Light Company 142 III.E.46 Transmission Facilities for the Ambersweet Solar Energy Center in Indian River County The work required to connect the approximate 74.5 MW (nameplate, AC) Ambersweet Solar Energy Center in Indian River County in the 1st Quarter of 2027 is projected to be: I. Extend 230 kV bus at Vernia substation to a new Ambersweet substation and interconnect the 230/34.5kV transformer through a 230kV breaker.. Construct 34.5 kV bus to connect the PV array to Ambersweet Substation. Add relays and other protective equipment. Breaker replacements: None II.",2026-09-26T16:50:05+00:00,2026-09-26T20:29:57+00:00,yes
7292e19cdc504529c000,Florida Power & Light,Notts Substation,New transmission line,NA,NA,NA,NA,NA,none,Notts,Center will require extending the transmission bus at Notts,230,0,DeSoto County; Hendry County; Brevard County,NA,NA,2027,0,NA,Notts; Center will require extending the transmission bus at Notts; DeSoto County; Hendry County; Brevard County; Notts Substation; Swamp Substation Florida Power; Goodwin Substation,FPL - Ten-Year Site Plan,https://www.fpl.com/content/dam/fplgp/us/en/about/pdf/ten-year-site-plan.pdf,Florida Power & Light Company 378 Page 64 of 84 Schedule 10 Status Report and Specifications of Proposed Transmission Lines Shell Creek Solar Energy Center (DeSoto County) (1) Point of Origin and Termination: Notts Substation (2) Number of Lines: 1 (3) Right-of-way FPL - Owned (4) Line Length: 0 miles (5) Voltage: 230 kV (6) Anticipated Construction Timing: Start date: 2027 End date: 2028 (7) Anticipated Capital Investment: Included in total installed cost on Schedule 9 (Trans. and Sub.) (8) Substations: Notts Substation (9) Participation with Other Utilities: None The Shell Creek Solar Energy Center will require extending the transmission bus at Notts Substation approximately 0.0 miles to connect the solar PV inv erter array. Florida Power & Light Company 379 Page 65 of 84 Schedule 10 Status Report and Specifications of Proposed Transmission Lines Shell Creek Battery Energy Storage System Center (Desoto County) (1) Point of Origin and Termination: Notts Substation (2) Number of Lines: 1 (3) Right-of-way FPL - Owned (4) Line Length: 0 miles (5) Voltage: 230 kV (6) Anticipated Construction Timing: Start date: 2027 End date: 2028 (7) Anticipated Capital Investment: Included in total installed cost on Schedule 9 (Trans. and Sub.) (8) Substations: Notts Substation (9) Participation with Other Utilities: None The Shell Creek Battery Energy Storage Center will be connected to the transmission bus at Notts Substation approximately 0.0 miles to connect the BESS. Florida Power & Light Company 380 Page 66 of 84 Schedule 10 Status Report and Specifications of Proposed Transmission Lines LaBelle Solar Energy Center (Hendry County) (1) Point of Origin and Termination: Swamp Substation (2) Number of Lines: 1 (3) Right-of-way FPL - Owned (4) Line Length: 0 miles (5) Voltage: 230 kV (6,2026-09-26T16:50:05+00:00,2026-09-26T20:29:57+00:00,yes
5504dead830fbdbd42cd,Florida Power & Light,Notts Substation,New transmission line,NA,NA,NA,NA,NA,none,Notts,Center will be connected to the transmission bus at Notts,230,0,Desoto County; Hendry County; Brevard County,NA,NA,2027,0,NA,Notts; Center will be connected to the transmission bus at Notts; Desoto County; Hendry County; Brevard County; Notts Substation; Swamp Substation Florida Power; Goodwin Substation,FPL - Ten-Year Site Plan,https://www.fpl.com/content/dam/fplgp/us/en/about/pdf/ten-year-site-plan.pdf,Florida Power & Light Company 379 Page 65 of 84 Schedule 10 Status Report and Specifications of Proposed Transmission Lines Shell Creek Battery Energy Storage System Center (Desoto County) (1) Point of Origin and Termination: Notts Substation (2) Number of Lines: 1 (3) Right-of-way FPL - Owned (4) Line Length: 0 miles (5) Voltage: 230 kV (6) Anticipated Construction Timing: Start date: 2027 End date: 2028 (7) Anticipated Capital Investment: Included in total installed cost on Schedule 9 (Trans. and Sub.) (8) Substations: Notts Substation (9) Participation with Other Utilities: None The Shell Creek Battery Energy Storage Center will be connected to the transmission bus at Notts Substation approximately 0.0 miles to connect the BESS. Florida Power & Light Company 380 Page 66 of 84 Schedule 10 Status Report and Specifications of Proposed Transmission Lines LaBelle Solar Energy Center (Hendry County) (1) Point of Origin and Termination: Swamp Substation (2) Number of Lines: 1 (3) Right-of-way FPL - Owned (4) Line Length: 0 miles (5) Voltage: 230 kV (6) Anticipated Construction Timing: Start date: 2027 End date: 2028 (7) Anticipated Capital Investment: Included in total installed cost on Schedule 9 (Trans. and Sub.) (8) Substations: Swamp Substation (9) Participation with Other Utilities: None approximately 0.0 miles to connect the solar PV inv erter array. The Labelle Solar Energy Center will require extending the transmission bus at Swamp Substation Florida Power & Light Company 381 Page 67 of 84 Schedule 10 Status Report and Specifications of Proposed Transmission Lines Cardinal Solar Energy Center (Brevard County) (1) Point of Origin and Termination: Goodwin Substation (2) Number of Lines: 1 (3) Right-of-way FPL - Owned (4) Line Length: 0 miles (5) Voltage: 230 kV (6) An,2026-09-26T16:50:05+00:00,2026-09-26T20:29:57+00:00,yes
e26642e724b9240c5f10,Florida Power & Light,Owen Substation,New transmission line,NA,NA,NA,NA,NA,none,Owen,will require extending the transmission bus at Flatford,230,0,Manatee County; DeSoto County; Hendry County,NA,NA,2027,0,NA,Owen; will require extending the transmission bus at Flatford; Manatee County; DeSoto County; Hendry County; Flatford Substation; Owen Substation; Notts Substation,FPL - Ten-Year Site Plan,https://www.fpl.com/content/dam/fplgp/us/en/about/pdf/ten-year-site-plan.pdf,and Sub.) (8) Substations: Owen Substation (9) Participation with Other Utilities: None The Owen Branch Solar Energy Center will require extending the transmission bus at Flatford Substation line approximately 0.0 miles to connect a new Owen substation and connect the solar PV inv erter array. Florida Power & Light Company 377 Page 63 of 84 Schedule 10 Status Report and Specifications of Proposed Transmission Lines Owen Branch Battery Energy Storage System Center (Manatee County) (1) Point of Origin and Termination: Owen Substation (2) Number of Lines: 1 (3) Right-of-way FPL - Owned (4) Line Length: 0 miles (5) Voltage: 230 kV (6) Anticipated Construction Timing: Start date: 2027 End date: 2028 (7) Anticipated Capital Investment: Included in total installed cost on Schedule 9 (Trans. and Sub.) (8) Substations: Owen Substation (9) Participation with Other Utilities: None The Owen Branch Battery Energy Storage Center will be connected to the transmission bus at Owen Substation approximately 0.0 miles to connect the BESS. Florida Power & Light Company 378 Page 64 of 84 Schedule 10 Status Report and Specifications of Proposed Transmission Lines Shell Creek Solar Energy Center (DeSoto County) (1) Point of Origin and Termination: Notts Substation (2) Number of Lines: 1 (3) Right-of-way FPL - Owned (4) Line Length: 0 miles (5) Voltage: 230 kV (6) Anticipated Construction Timing: Start date: 2027 End date: 2028 (7) Anticipated Capital Investment: Included in total installed cost on Schedule 9 (Trans. and Sub.) (8) Substations: Notts Substation (9) Participation with Other Utilities: None The Shell Creek Solar Energy Center will require extending the transmission bus at Notts Substation approximately 0.0 miles to connect the solar PV inv erter array. Florida Power & Light Compan,2026-09-26T16:50:05+00:00,2026-09-26T20:29:57+00:00,yes
0ca26b7d30e6966a861d,Florida Power & Light,Owen Substation,New transmission line,NA,NA,NA,NA,NA,none,Owen,Center will be connected to the transmission bus at Owen,230,0,Manatee County; DeSoto County; Hendry County,NA,NA,2027,0,NA,Owen; Center will be connected to the transmission bus at Owen; Manatee County; DeSoto County; Hendry County; Owen Substation; Notts Substation,FPL - Ten-Year Site Plan,https://www.fpl.com/content/dam/fplgp/us/en/about/pdf/ten-year-site-plan.pdf,Florida Power & Light Company 377 Page 63 of 84 Schedule 10 Status Report and Specifications of Proposed Transmission Lines Owen Branch Battery Energy Storage System Center (Manatee County) (1) Point of Origin and Termination: Owen Substation (2) Number of Lines: 1 (3) Right-of-way FPL - Owned (4) Line Length: 0 miles (5) Voltage: 230 kV (6) Anticipated Construction Timing: Start date: 2027 End date: 2028 (7) Anticipated Capital Investment: Included in total installed cost on Schedule 9 (Trans. and Sub.) (8) Substations: Owen Substation (9) Participation with Other Utilities: None The Owen Branch Battery Energy Storage Center will be connected to the transmission bus at Owen Substation approximately 0.0 miles to connect the BESS. Florida Power & Light Company 378 Page 64 of 84 Schedule 10 Status Report and Specifications of Proposed Transmission Lines Shell Creek Solar Energy Center (DeSoto County) (1) Point of Origin and Termination: Notts Substation (2) Number of Lines: 1 (3) Right-of-way FPL - Owned (4) Line Length: 0 miles (5) Voltage: 230 kV (6) Anticipated Construction Timing: Start date: 2027 End date: 2028 (7) Anticipated Capital Investment: Included in total installed cost on Schedule 9 (Trans. and Sub.) (8) Substations: Notts Substation (9) Participation with Other Utilities: None The Shell Creek Solar Energy Center will require extending the transmission bus at Notts Substation approximately 0.0 miles to connect the solar PV inv erter array. Florida Power & Light Company 379 Page 65 of 84 Schedule 10 Status Report and Specifications of Proposed Transmission Lines Shell Creek Battery Energy Storage System Center (Desoto County) (1) Point of Origin and Termination: Notts Substation (2) Number of Lines: 1 (3) Right-of-way FPL - Owned (4) Line Length: 0 miles (5),2026-09-26T16:50:05+00:00,2026-09-26T20:29:57+00:00,yes
52f0f3e54943bb4e738a,Florida Power & Light,Stallion Substation,New transmission line,"{""type"":""LineString"",""coordinates"":[[-81.8011680958959,27.3159260375249],[-86.4649194295921,30.5130997578071]]}","28.914513, -84.133044",NA,hifld_substation_endpoints,https://services1.arcgis.com/CD5mKowwN6nIaqd8/ArcGIS/rest/services/project_renewable_us_substations_2022/FeatureServer/10 | matched: DESOTO NEXT GENERATION SOLAR ENERGY; NICEVILLE,medium,Lily Solar Energy Center will require bifurcating the Glint,Sev ille,230,0,DeSoto County; St. Lucie County,NA,NA,2027,0,NA,Lily Solar Energy Center will require bifurcating the Glint; Sev ille; DeSoto County; St. Lucie County; Stallion Substation Florida Power; Lily Substation,FPL - Ten-Year Site Plan,https://www.fpl.com/content/dam/fplgp/us/en/about/pdf/ten-year-site-plan.pdf,Florida Power & Light Company 369 Page 55 of 84 Schedule 10 Status Report and Specifications of Proposed Transmission Lines Sand Gully Solar Energy Center (DeSoto County) (1) Point of Origin and Termination: Stallion Substation (2) Number of Lines: 1 (3) Right-of-way FPL - Owned (4) Line Length: 0.0 miles (5) Voltage: 230 kV (6) Anticipated Construction Timing: Start date: 2027 End date: 2028 (7) Anticipated Capital Investment: Included in total installed cost on Schedule 9 (Trans. and Sub.) (8) Substations: Stallion Substation (9) Participation with Other Utilities: None line approximately 0.0 miles to connect the solar PV inv erter array. The Sand Gully Solar Energy Center will require extending the transmission bus at Stallion Substation Florida Power & Light Company 370 Page 56 of 84 Schedule 10 Status Report and Specifications of Proposed Transmission Lines Pine Lily Solar Energy Center (St. Lucie County) (1) Point of Origin and Termination: Lily Substation (2) Number of Lines: 1 (3) Right-of-way FPL - Owned (4) Line Length: 0 miles (5) Voltage: 230 kV (6) Anticipated Construction Timing: Start date: 2027 End date: 2028 (7) Anticipated Capital Investment: Included in total installed cost on Schedule 9 (Trans. and Sub.) (8) Substations: Lily Substation (9) Participation with Other Utilities: None The Pine Lily Solar Energy Center will require bifurcating the Glint-Sev ille 230kV transmission line approximately 0.0 miles to connect a new Lily substation and connect the solar PV inv erter array. Florida Power & Light Company 371 Page 57 of 84 Schedule 10 Status Report and Specifications of Proposed Transmission Lines Pine Lily Battery Energy Storage System Center (St. Lucie County) (1) Point of Origin and Termination: Lily Substation (2) Number of Lines: 1 (3) Right-o,2026-09-26T16:50:05+00:00,2026-09-26T20:29:57+00:00,yes
972c06868bf3697791eb,Florida Power & Light,Swamp Substation,New transmission line,NA,NA,NA,NA,NA,none,Swamp,Center will require extending the transmission bus at Swamp,230,0,Hendry County; Brevard County,NA,NA,2027,0,NA,Swamp; Center will require extending the transmission bus at Swamp; Hendry County; Brevard County; Swamp Substation Florida Power; Goodwin Substation; Waxweed Substation Florida Power; Waxweed Substation,FPL - Ten-Year Site Plan,https://www.fpl.com/content/dam/fplgp/us/en/about/pdf/ten-year-site-plan.pdf,Florida Power & Light Company 380 Page 66 of 84 Schedule 10 Status Report and Specifications of Proposed Transmission Lines LaBelle Solar Energy Center (Hendry County) (1) Point of Origin and Termination: Swamp Substation (2) Number of Lines: 1 (3) Right-of-way FPL - Owned (4) Line Length: 0 miles (5) Voltage: 230 kV (6) Anticipated Construction Timing: Start date: 2027 End date: 2028 (7) Anticipated Capital Investment: Included in total installed cost on Schedule 9 (Trans. and Sub.) (8) Substations: Swamp Substation (9) Participation with Other Utilities: None approximately 0.0 miles to connect the solar PV inv erter array. The Labelle Solar Energy Center will require extending the transmission bus at Swamp Substation Florida Power & Light Company 381 Page 67 of 84 Schedule 10 Status Report and Specifications of Proposed Transmission Lines Cardinal Solar Energy Center (Brevard County) (1) Point of Origin and Termination: Goodwin Substation (2) Number of Lines: 1 (3) Right-of-way FPL - Owned (4) Line Length: 0 miles (5) Voltage: 230 kV (6) Anticipated Construction Timing: Start date: 2027 End date: 2028 (7) Anticipated Capital Investment: Included in total installed cost on Schedule 9 (Trans. and Sub.) (8) Substations: Goodwin Substation (9) Participation with Other Utilities: None The Cardinal Solar Energy Center will require extending the transmission bus at Goodwin Substation approximately 0.0 miles to connect the solar PV inv erter array. Florida Power & Light Company 382 Page 68 of 84 Schedule 10 Status Report and Specifications of Proposed Transmission Lines Redroot Solar Energy Center (Hendry County) (1) Point of Origin and Termination: Waxweed Substation (2) Number of Lines: 1 (3) Right-of-way FPL - Owned (4) Line Length: 0 miles (5) Voltage: 230 kV (6) Anticipa,2026-09-26T16:50:05+00:00,2026-09-26T20:29:57+00:00,yes
69e6bac3f05dfb02bb07,Florida Power & Light,Tern Substation,New transmission line,NA,NA,NA,NA,NA,none,Tern,will require extending the transmission bus at Stallion,230,8,Desoto County,NA,NA,2027,0,NA,Tern; will require extending the transmission bus at Stallion; Desoto County; Stallion Substation; Tern Substation Florida Power; Tern Substation,FPL - Ten-Year Site Plan,https://www.fpl.com/content/dam/fplgp/us/en/about/pdf/ten-year-site-plan.pdf,Florida Power & Light Company 388 Page 74 of 84 Schedule 10 Status Report and Specifications of Proposed Transmission Lines Ladybug Solar Energy Center (Desoto County) (1) Point of Origin and Termination: Tern Substation (2) Number of Lines: 1 (3) Right-of-way FPL - Owned (4) Line Length: 8 miles (5) Voltage: 230 kV (6) Anticipated Construction Timing: Start date: 2027 End date: 2028 (7) Anticipated Capital Investment: Included in total installed cost on Schedule 9 (Trans. and Sub.) (8) Substations: Tern Substation (9) Participation with Other Utilities: None The Ladybug Solar Energy Center will require extending the transmission bus at Stallion Substation approximately 8.0 miles to a new Tern substation to connect the solar PV inv erter array. Florida Power & Light Company 389 Page 75 of 84 Schedule 10 Status Report and Specifications of Proposed Transmission Lines Ladybug Battery Energy Storage System Center (Desoto County) (1) Point of Origin and Termination: Tern Substation (2) Number of Lines: 1 (3) Right-of-way FPL - Owned (4) Line Length: 0 miles (5) Voltage: 230 kV (6) Anticipated Construction Timing: Start date: 2027 End date: 2028 (7) Anticipated Capital Investment: Included in total installed cost on Schedule 9 (Trans. and Sub.) (8) Substations: Tern Substation (9) Participation with Other Utilities: None approximately 0.0 miles to connect the BESS. The Ladybug Battery Energy Storage Center will be connected to the transmission bus at Tern Substation Florida Power & Light Company 390 Page 76 of 84 Schedule 10 Status Report and Specifications of Proposed Transmission Lines Leafcutter Solar Energy Center (DeSoto County) (1) Point of Origin and Termination: Tern Substation (2) Number of Lines: 1 (3) Right-of-way FPL - Owned (4) Line Length: 0 miles (5) Voltage:,2026-09-26T16:50:05+00:00,2026-09-26T20:29:57+00:00,yes
e10d18dd5105b6da2c75,Florida Power & Light,Tern Substation,New transmission line,NA,NA,NA,NA,NA,none,Tern,Center will be connected to the transmission bus at Tern,230,0,Desoto County,NA,NA,2027,0,NA,Tern; Center will be connected to the transmission bus at Tern; Desoto County; Tern Substation Florida Power; Tern Substation,FPL - Ten-Year Site Plan,https://www.fpl.com/content/dam/fplgp/us/en/about/pdf/ten-year-site-plan.pdf,Florida Power & Light Company 389 Page 75 of 84 Schedule 10 Status Report and Specifications of Proposed Transmission Lines Ladybug Battery Energy Storage System Center (Desoto County) (1) Point of Origin and Termination: Tern Substation (2) Number of Lines: 1 (3) Right-of-way FPL - Owned (4) Line Length: 0 miles (5) Voltage: 230 kV (6) Anticipated Construction Timing: Start date: 2027 End date: 2028 (7) Anticipated Capital Investment: Included in total installed cost on Schedule 9 (Trans. and Sub.) (8) Substations: Tern Substation (9) Participation with Other Utilities: None approximately 0.0 miles to connect the BESS. The Ladybug Battery Energy Storage Center will be connected to the transmission bus at Tern Substation Florida Power & Light Company 390 Page 76 of 84 Schedule 10 Status Report and Specifications of Proposed Transmission Lines Leafcutter Solar Energy Center (DeSoto County) (1) Point of Origin and Termination: Tern Substation (2) Number of Lines: 1 (3) Right-of-way FPL - Owned (4) Line Length: 0 miles (5) Voltage: 230 kV (6) Anticipated Construction Timing: Start date: 2028 End date: 2029 (7) Anticipated Capital Investment: Included in total installed cost on Schedule 9 (Trans. and Sub.) (8) Substations: Tern Substation (9) Participation with Other Utilities: None The Grapefruit Solar Energy Center will require extending the transmission bus at Tern Substation approximately 0.0 miles to connect the solar PV inv erter array. Florida Power & Light Company 391 Page 77 of 84 Schedule 10 Status Report and Specifications of Proposed Transmission Lines Leafcutter Battery Energy Storage System Center (Desoto County) (1) Point of Origin and Termination: Tern Substation (2) Number of Lines: 1 (3) Right-of-way FPL - Owned (4) Line Length: 0 miles (5) Voltage: 230 kV,2026-09-26T16:50:05+00:00,2026-09-26T20:29:57+00:00,yes
e02de17ca3e3e758a873,Florida Power & Light,The Ambersweet Solar Energy Center will require extending the transmission bus at Vernia Substation,New transmission line,NA,NA,NA,NA,NA,none,Energy Center will require bifurcating the new FPL Sunbreak,Heritage,230,0,St. Lucie County; Indian River County,NA,NA,2027,0,NA,Energy Center will require bifurcating the new FPL Sunbreak; Heritage; St. Lucie County; Indian River County; Vernia Substation Florida Power; Finance Substation Florida Power,FPL - Ten-Year Site Plan,https://www.fpl.com/content/dam/fplgp/us/en/about/pdf/ten-year-site-plan.pdf,The Ambersweet Solar Energy Center will require extending the transmission bus at Vernia Substation Florida Power & Light Company 361 Page 47 of 84 Schedule 10 Status Report and Specifications of Proposed Transmission Lines Waveland Solar Energy Center (St. Lucie County) (1) Point of Origin and Termination: Waveland Substation (2) Number of Lines: 1 (3) Right-of-way FPL - Owned (4) Line Length: 0 miles (5) Voltage: 230 kV (6) Anticipated Construction Timing: Start date: 2027 End date: 2028 (7) Anticipated Capital Investment: Included in total installed cost on Schedule 9 (Trans. and Sub.) (8) Substations: Waveland Substation (9) Participation with Other Utilities: None The Wav eland Solar Energy Center will require bifurcating the new FPL Sunbreak - Heritage 230 kV transmission line approximately 0.0 miles to connect a new Wav eland substation and connect the solar PV inv erter array. Florida Power & Light Company 362 Page 48 of 84 Schedule 10 Status Report and Specifications of Proposed Transmission Lines Inlet Solar Energy Center (Indian River County) (1) Point of Origin and Termination: Lumia Substation (2) Number of Lines: 1 (3) Right-of-way FPL - Owned (4) Line Length: 0 miles (5) Voltage: 230 kV (6) Anticipated Construction Timing: Start date: 2027 End date: 2028 (7) Anticipated Capital Investment: Included in total installed cost on Schedule 9 (Trans. and Sub.) (8) Substations: Lumia Substation (9) Participation with Other Utilities: None The Inlet Solar Energy Center will require bifurcating the new FPL Wav eland - Heritage 230 kV transmission line approximately 0.0 miles to connect a new Lumia substation and connect the solar PV inv erter array. Florida Power & Light Company 363 Page 49 of 84 Schedule 10 Status Report and Specifications of Proposed Transmission,2026-09-26T16:50:05+00:00,2026-09-26T20:29:57+00:00,yes
a2804d6dd2ef638a1472,Florida Power & Light,The Beachland Solar Energy Center will require extending the transmission bus at Finance Substation,New transmission line,NA,NA,NA,NA,NA,none,Center will require extending the transmission bus at Finance,Finance,500,4.5,Indian River County; Collier County,NA,NA,2027,0,NA,Center will require extending the transmission bus at Finance; Finance; Indian River County; Collier County; Finance Substation Florida Power; Finca Substation; Finance Substation; Boardwalk Substation Florida Power,FPL - Ten-Year Site Plan,https://www.fpl.com/content/dam/fplgp/us/en/about/pdf/ten-year-site-plan.pdf,The Beachland Solar Energy Center will require extending the transmission bus at Finance Substation Florida Power & Light Company 364 Page 50 of 84 Schedule 10 Status Report and Specifications of Proposed Transmission Lines Wabasso Solar Energy Center (Indian River County) (1) Point of Origin and Termination: Finance Substation (2) Number of Lines: 1 (3) Right-of-way FPL - Owned (4) Line Length: 4.5 miles (5) Voltage: 230 kV (6) Anticipated Construction Timing: Start date: 2027 End date: 2028 (7) Anticipated Capital Investment: Included in total installed cost on Schedule 9 (Trans. and Sub.) (8) Substations: Finance Substation (9) Participation with Other Utilities: None The Wabasso Solar Energy Center will require extending the transmission bus at Finca Substation line approximately 4.5 miles to connect a new Finance substation and connect the solar PV inv erter array. Florida Power & Light Company 365 Page 51 of 84 Schedule 10 Status Report and Specifications of Proposed Transmission Lines Shores Solar Energy Center (Indian River County) (1) Point of Origin and Termination: Finance Substation (2) Number of Lines: 1 (3) Right-of-way FPL - Owned (4) Line Length: 0.0 miles (5) Voltage: 230 kV (6) Anticipated Construction Timing: Start date: 2027 End date: 2028 (7) Anticipated Capital Investment: Included in total installed cost on Schedule 9 (Trans. and Sub.) (8) Substations: Finance Substation (9) Participation with Other Utilities: None The Shores Solar Energy Center will require extending the transmission bus at Finance Substation line approximately 0.0 miles to connect the solar PV inv erter array. Florida Power & Light Company 366 Page 52 of 84 Schedule 10 Status Report and Specifications of Proposed Transmission Lines Treefrog Solar Energy Center (Collier County) (,2026-09-26T16:50:05+00:00,2026-09-26T20:29:57+00:00,yes
f0a2b73cd8dc564c449e,Florida Power & Light,The Labelle Solar Energy Center will require extending the transmission bus at Swamp Substation,New transmission line,NA,NA,NA,NA,NA,none,Mango Solar Energy Center will require bifurcating the Puma,Keri,230,0,Brevard County; Hendry County,NA,NA,2027,0,NA,Mango Solar Energy Center will require bifurcating the Puma; Keri; Brevard County; Hendry County; Swamp Substation Florida Power; Goodwin Substation; Waxweed Substation Florida Power; Waxweed Substation,FPL - Ten-Year Site Plan,https://www.fpl.com/content/dam/fplgp/us/en/about/pdf/ten-year-site-plan.pdf,The Labelle Solar Energy Center will require extending the transmission bus at Swamp Substation Florida Power & Light Company 381 Page 67 of 84 Schedule 10 Status Report and Specifications of Proposed Transmission Lines Cardinal Solar Energy Center (Brevard County) (1) Point of Origin and Termination: Goodwin Substation (2) Number of Lines: 1 (3) Right-of-way FPL - Owned (4) Line Length: 0 miles (5) Voltage: 230 kV (6) Anticipated Construction Timing: Start date: 2027 End date: 2028 (7) Anticipated Capital Investment: Included in total installed cost on Schedule 9 (Trans. and Sub.) (8) Substations: Goodwin Substation (9) Participation with Other Utilities: None The Cardinal Solar Energy Center will require extending the transmission bus at Goodwin Substation approximately 0.0 miles to connect the solar PV inv erter array. Florida Power & Light Company 382 Page 68 of 84 Schedule 10 Status Report and Specifications of Proposed Transmission Lines Redroot Solar Energy Center (Hendry County) (1) Point of Origin and Termination: Waxweed Substation (2) Number of Lines: 1 (3) Right-of-way FPL - Owned (4) Line Length: 0 miles (5) Voltage: 230 kV (6) Anticipated Construction Timing: Start date: 2027 End date: 2028 (7) Anticipated Capital Investment: Included in total installed cost on Schedule 9 (Trans. and Sub.) (8) Substations: Waxweed Substation (9) Participation with Other Utilities: None approximately 0.0 miles to connect the solar PV inv erter array. The Redroot Solar Energy Center will require extending the transmission bus at Waxweed Substation Florida Power & Light Company 383 Page 69 of 84 Schedule 10 Status Report and Specifications of Proposed Transmission Lines Redroot Battery Energy Storage System Center (Hendry County) (1) Point of Origin and Termination: Waxweed S,2026-09-26T16:50:05+00:00,2026-09-26T20:29:57+00:00,yes
1fc0803e1dabc4527343,Florida Power & Light,The Redroot Solar Energy Center will require extending the transmission bus at Waxweed Substation,New transmission line,NA,NA,NA,NA,NA,none,Mango Solar Energy Center will require bifurcating the Puma,Keri,230,0,Hendry County,NA,NA,2027,0,NA,Mango Solar Energy Center will require bifurcating the Puma; Keri; Hendry County; Waxweed Substation Florida Power; Waxweed Substation; Towhee Substation; Towhee Subst,FPL - Ten-Year Site Plan,https://www.fpl.com/content/dam/fplgp/us/en/about/pdf/ten-year-site-plan.pdf,The Redroot Solar Energy Center will require extending the transmission bus at Waxweed Substation Florida Power & Light Company 383 Page 69 of 84 Schedule 10 Status Report and Specifications of Proposed Transmission Lines Redroot Battery Energy Storage System Center (Hendry County) (1) Point of Origin and Termination: Waxweed Substation (2) Number of Lines: 1 (3) Right-of-way FPL - Owned (4) Line Length: 0 miles (5) Voltage: 230 kV (6) Anticipated Construction Timing: Start date: 2027 End date: 2028 (7) Anticipated Capital Investment: Included in total installed cost on Schedule 9 (Trans. and Sub.) (8) Substations: Waxweed Substation (9) Participation with Other Utilities: None The Redroot Battery Energy Storage Center will be connected to the transmission bus at Waxweed Substation approximately 0.0 miles to connect the BESS. Florida Power & Light Company 384 Page 70 of 84 Schedule 10 Status Report and Specifications of Proposed Transmission Lines Mango Solar Energy Center (Hendry County) (1) Point of Origin and Termination: Towhee Substation (2) Number of Lines: 1 (3) Right-of-way FPL - Owned (4) Line Length: 0 miles (5) Voltage: 230 kV (6) Anticipated Construction Timing: Start date: 2027 End date: 2028 (7) Anticipated Capital Investment: Included in total installed cost on Schedule 9 (Trans. and Sub.) (8) Substations: Towhee Substation (9) Participation with Other Utilities: None The Mango Solar Energy Center will require bifurcating the Puma-Keri 230kV transmission line approximately 0.0 miles to connect a new Towhee substation and connect the solar PV inv erter array. Florida Power & Light Company 385 Page 71 of 84 Schedule 10 Status Report and Specifications of Proposed Transmission Lines Mango Battery Energy Storage System Center (Hendry County) (1) Point of Orig,2026-09-26T16:50:05+00:00,2026-09-26T20:29:57+00:00,yes
a729edee0a25b3cc4686,Florida Power & Light,The Sand Gully Solar Energy Center will require extending the transmission bus at Stallion Substation,New transmission line,"{""type"":""Point"",""coordinates"":[-86.4649194295921,30.5130997578071]}","30.513100, -86.464919",NA,hifld_substation_point,https://services1.arcgis.com/CD5mKowwN6nIaqd8/ArcGIS/rest/services/project_renewable_us_substations_2022/FeatureServer/10 | matched: NICEVILLE,medium,Lily Solar Energy Center will require bifurcating the Glint,Sev ille,230,0,St. Lucie County,NA,NA,2027,0,NA,Lily Solar Energy Center will require bifurcating the Glint; Sev ille; St. Lucie County; Stallion Substation Florida Power; Lily Substation,FPL - Ten-Year Site Plan,https://www.fpl.com/content/dam/fplgp/us/en/about/pdf/ten-year-site-plan.pdf,The Sand Gully Solar Energy Center will require extending the transmission bus at Stallion Substation Florida Power & Light Company 370 Page 56 of 84 Schedule 10 Status Report and Specifications of Proposed Transmission Lines Pine Lily Solar Energy Center (St. Lucie County) (1) Point of Origin and Termination: Lily Substation (2) Number of Lines: 1 (3) Right-of-way FPL - Owned (4) Line Length: 0 miles (5) Voltage: 230 kV (6) Anticipated Construction Timing: Start date: 2027 End date: 2028 (7) Anticipated Capital Investment: Included in total installed cost on Schedule 9 (Trans. and Sub.) (8) Substations: Lily Substation (9) Participation with Other Utilities: None The Pine Lily Solar Energy Center will require bifurcating the Glint-Sev ille 230kV transmission line approximately 0.0 miles to connect a new Lily substation and connect the solar PV inv erter array. Florida Power & Light Company 371 Page 57 of 84 Schedule 10 Status Report and Specifications of Proposed Transmission Lines Pine Lily Battery Energy Storage System Center (St. Lucie County) (1) Point of Origin and Termination: Lily Substation (2) Number of Lines: 1 (3) Right-of-way FPL - Owned (4) Line Length: 0 miles (5) Voltage: 230 kV (6) Anticipated Construction Timing: Start date: 2027 End date: 2028 (7) Anticipated Capital Investment: Included in total installed cost on Schedule 9 (Trans. and Sub.) (8) Substations: Lily Substation (9) Participation with Other Utilities: None The Pine Lily Battery Energy Storage Center will be connected to the transmission bus at Lily Substation approximately 0.0 miles to connect the BESS. Florida Power & Light Company 372 Page 58 of 84 Schedule 10 Status Report and Specifications of Proposed Transmission Lines Wild Lime Solar Energy Center (St. Lucie County) (1) Point of Or,2026-09-26T16:50:05+00:00,2026-09-26T20:29:57+00:00,yes
b97b2cf58a836a65649c,Florida Power & Light,The Treefrog Solar Energy Center will require extending the transmission bus at Boardwalk Substation,New transmission line,NA,NA,NA,NA,NA,none,will require extending the transmission bus at Boardwalk,Boardwalk,500,0,Collier County; DeSoto County; St. Lucie County,NA,NA,2027,0,NA,will require extending the transmission bus at Boardwalk; Boardwalk; Collier County; DeSoto County; St. Lucie County; Boardwalk Substation Florida Power; Boardwalk Substation; Stallion Substation Florida Power,FPL - Ten-Year Site Plan,https://www.fpl.com/content/dam/fplgp/us/en/about/pdf/ten-year-site-plan.pdf,The Treefrog Solar Energy Center will require extending the transmission bus at Boardwalk Substation Florida Power & Light Company 367 Page 53 of 84 Schedule 10 Status Report and Specifications of Proposed Transmission Lines Honeybee Solar Energy Center (Collier County) (1) Point of Origin and Termination: Boardwalk Substation (2) Number of Lines: 1 (3) Right-of-way FPL - Owned (4) Line Length: 0.0 miles (5) Voltage: 500 kV (6) Anticipated Construction Timing: Start date: 2027 End date: 2028 (7) Anticipated Capital Investment: Included in total installed cost on Schedule 9 (Trans. and Sub.) (8) Substations: Boardwalk Substation (9) Participation with Other Utilities: None The Honeybee Solar Energy Center will require extending the transmission bus at Boardwalk Substation line approximately 0.0 miles to connect the solar PV inv erter array. Florida Power & Light Company 368 Page 54 of 84 Schedule 10 Status Report and Specifications of Proposed Transmission Lines Bromeliad Solar Energy Center (Collier County) (1) Point of Origin and Termination: Boardwalk Substation (2) Number of Lines: 1 (3) Right-of-way FPL - Owned (4) Line Length: 0.0 miles (5) Voltage: 500 kV (6) Anticipated Construction Timing: Start date: 2027 End date: 2028 (7) Anticipated Capital Investment: Included in total installed cost on Schedule 9 (Trans. and Sub.) (8) Substations: Boardwalk Substation (9) Participation with Other Utilities: None The Bromeliad Solar Energy Center will require extending the transmission bus at Boardwalk Substation line approximately 0.0 miles to connect the solar PV inv erter array. Florida Power & Light Company 369 Page 55 of 84 Schedule 10 Status Report and Specifications of Proposed Transmission Lines Sand Gully Solar Energy Center (DeSoto County) (1) Point of Origin and,2026-09-26T16:50:05+00:00,2026-09-26T20:29:57+00:00,yes
1fb659d7e36839a86609,Florida Power & Light,The Waxweed Battery Energy Storage Center will be connected to the transmission bus at Waxweed Substation,New transmission line,NA,NA,NA,NA,NA,none,Center will be connected to the transmission bus at Waxweed,Owen,230,0,Manatee County; DeSoto County,NA,NA,2027,0,NA,Center will be connected to the transmission bus at Waxweed; Owen; Manatee County; DeSoto County; Waxweed Substation Florida Power; Flatford Substation; Owen Substation; Notts Substation,FPL - Ten-Year Site Plan,https://www.fpl.com/content/dam/fplgp/us/en/about/pdf/ten-year-site-plan.pdf,The Waxweed Battery Energy Storage Center will be connected to the transmission bus at Waxweed Substation Florida Power & Light Company 376 Page 62 of 84 Schedule 10 Status Report and Specifications of Proposed Transmission Lines Owen Branch Solar Energy Center (Manatee County) (1) Point of Origin and Termination: Owen Substation (2) Number of Lines: 1 (3) Right-of-way FPL - Owned (4) Line Length: 0 miles (5) Voltage: 230 kV (6) Anticipated Construction Timing: Start date: 2027 End date: 2028 (7) Anticipated Capital Investment: Included in total installed cost on Schedule 9 (Trans. and Sub.) (8) Substations: Owen Substation (9) Participation with Other Utilities: None The Owen Branch Solar Energy Center will require extending the transmission bus at Flatford Substation line approximately 0.0 miles to connect a new Owen substation and connect the solar PV inv erter array. Florida Power & Light Company 377 Page 63 of 84 Schedule 10 Status Report and Specifications of Proposed Transmission Lines Owen Branch Battery Energy Storage System Center (Manatee County) (1) Point of Origin and Termination: Owen Substation (2) Number of Lines: 1 (3) Right-of-way FPL - Owned (4) Line Length: 0 miles (5) Voltage: 230 kV (6) Anticipated Construction Timing: Start date: 2027 End date: 2028 (7) Anticipated Capital Investment: Included in total installed cost on Schedule 9 (Trans. and Sub.) (8) Substations: Owen Substation (9) Participation with Other Utilities: None The Owen Branch Battery Energy Storage Center will be connected to the transmission bus at Owen Substation approximately 0.0 miles to connect the BESS. Florida Power & Light Company 378 Page 64 of 84 Schedule 10 Status Report and Specifications of Proposed Transmission Lines Shell Creek Solar Energy Center (DeSoto County) (1),2026-09-26T16:50:05+00:00,2026-09-26T20:29:57+00:00,yes
f4fc426c1ff54ef3e697,Florida Power & Light,The Wild Lime Solar Energy Center will require extending the transmission bus at Lilly Substation,New transmission line,NA,NA,NA,NA,NA,none,Waxweed Solar Energy Center will require bifurcating the Puma,Keri,230,0,St. Lucie County; Hendry County; Manatee County,NA,NA,2027,0,NA,Waxweed Solar Energy Center will require bifurcating the Puma; Keri; St. Lucie County; Hendry County; Manatee County; Lilly Substation Florida Power; Lily Substation; Waxweed Substation Florida Power,FPL - Ten-Year Site Plan,https://www.fpl.com/content/dam/fplgp/us/en/about/pdf/ten-year-site-plan.pdf,The Wild Lime Solar Energy Center will require extending the transmission bus at Lilly Substation Florida Power & Light Company 373 Page 59 of 84 Schedule 10 Status Report and Specifications of Proposed Transmission Lines Wild Lime Battery Energy Storage System Center (St. Lucie County) (1) Point of Origin and Termination: Lily Substation (2) Number of Lines: 1 (3) Right-of-way FPL - Owned (4) Line Length: 0 miles (5) Voltage: 230 kV (6) Anticipated Construction Timing: Start date: 2027 End date: 2028 (7) Anticipated Capital Investment: Included in total installed cost on Schedule 9 (Trans. and Sub.) (8) Substations: Lily Substation (9) Participation with Other Utilities: None The Wild Lime Battery Energy Storage Center will be connected to the transmission bus at Lily Substation approximately 0.0 miles to connect the BESS. Florida Power & Light Company 374 Page 60 of 84 Schedule 10 Status Report and Specifications of Proposed Transmission Lines Waxweed Solar Energy Center (Hendry County) (1) Point of Origin and Termination: Waxweed Substation (2) Number of Lines: 1 (3) Right-of-way FPL - Owned (4) Line Length: 0 miles (5) Voltage: 230 kV (6) Anticipated Construction Timing: Start date: 2027 End date: 2028 (7) Anticipated Capital Investment: Included in total installed cost on Schedule 9 (Trans. and Sub.) (8) Substations: Waxweed Substation (9) Participation with Other Utilities: None The Waxweed Solar Energy Center will require bifurcating the Puma-Keri 230kV transmission line approximately 0.0 miles to connect a new Waxweed substation and connect the solar PV inv erter array. Florida Power & Light Company 375 Page 61 of 84 Schedule 10 Status Report and Specifications of Proposed Transmission Lines Waxweed Battery Energy Storage System Center (Hendry County) (1) Point,2026-09-26T16:50:05+00:00,2026-09-26T20:29:57+00:00,yes
b11225a2849de6716896,Florida Power & Light,Towhee Substation,New transmission line,NA,NA,NA,NA,NA,none,Mango Solar Energy Center will require bifurcating the Puma,Keri,230,0,Hendry County,NA,NA,2027,0,NA,Mango Solar Energy Center will require bifurcating the Puma; Keri; Hendry County; Towhee Substation,FPL - Ten-Year Site Plan,https://www.fpl.com/content/dam/fplgp/us/en/about/pdf/ten-year-site-plan.pdf,Florida Power & Light Company 384 Page 70 of 84 Schedule 10 Status Report and Specifications of Proposed Transmission Lines Mango Solar Energy Center (Hendry County) (1) Point of Origin and Termination: Towhee Substation (2) Number of Lines: 1 (3) Right-of-way FPL - Owned (4) Line Length: 0 miles (5) Voltage: 230 kV (6) Anticipated Construction Timing: Start date: 2027 End date: 2028 (7) Anticipated Capital Investment: Included in total installed cost on Schedule 9 (Trans. and Sub.) (8) Substations: Towhee Substation (9) Participation with Other Utilities: None The Mango Solar Energy Center will require bifurcating the Puma-Keri 230kV transmission line approximately 0.0 miles to connect a new Towhee substation and connect the solar PV inv erter array. Florida Power & Light Company 385 Page 71 of 84 Schedule 10 Status Report and Specifications of Proposed Transmission Lines Mango Battery Energy Storage System Center (Hendry County) (1) Point of Origin and Termination: Towhee Substation (2) Number of Lines: 1 (3) Right-of-way FPL - Owned (4) Line Length: 0 miles (5) Voltage: 230 kV (6) Anticipated Construction Timing: Start date: 2027 End date: 2028 (7) Anticipated Capital Investment: Included in total installed cost on Schedule 9 (Trans. and Sub.) (8) Substations: Towhee Substation (9) Participation with Other Utilities: None The Mango Battery Energy Storage Center will be connected to the transmission bus at Towhee Substation approximately 0.0 miles to connect the BESS. Florida Power & Light Company 386 Page 72 of 84 Schedule 10 Status Report and Specifications of Proposed Transmission Lines Grapefruit Solar Energy Center (Hendry County) (1) Point of Origin and Termination: Towhee Substation (2) Number of Lines: 1 (3) Right-of-way FPL - Owned (4) Line Length: 0 miles (5,2026-09-26T16:50:05+00:00,2026-09-26T20:29:57+00:00,yes
67dd94dafe9436f355a3,Florida Power & Light,Towhee Substation,New transmission line,NA,NA,NA,NA,NA,none,Towhee,Center will be connected to the transmission bus at Towhee,230,0,Hendry County; Desoto County,NA,NA,2027,0,NA,Towhee; Center will be connected to the transmission bus at Towhee; Hendry County; Desoto County; Towhee Substation; Stallion Substation,FPL - Ten-Year Site Plan,https://www.fpl.com/content/dam/fplgp/us/en/about/pdf/ten-year-site-plan.pdf,Florida Power & Light Company 385 Page 71 of 84 Schedule 10 Status Report and Specifications of Proposed Transmission Lines Mango Battery Energy Storage System Center (Hendry County) (1) Point of Origin and Termination: Towhee Substation (2) Number of Lines: 1 (3) Right-of-way FPL - Owned (4) Line Length: 0 miles (5) Voltage: 230 kV (6) Anticipated Construction Timing: Start date: 2027 End date: 2028 (7) Anticipated Capital Investment: Included in total installed cost on Schedule 9 (Trans. and Sub.) (8) Substations: Towhee Substation (9) Participation with Other Utilities: None The Mango Battery Energy Storage Center will be connected to the transmission bus at Towhee Substation approximately 0.0 miles to connect the BESS. Florida Power & Light Company 386 Page 72 of 84 Schedule 10 Status Report and Specifications of Proposed Transmission Lines Grapefruit Solar Energy Center (Hendry County) (1) Point of Origin and Termination: Towhee Substation (2) Number of Lines: 1 (3) Right-of-way FPL - Owned (4) Line Length: 0 miles (5) Voltage: 230 kV (6) Anticipated Construction Timing: Start date: 2027 End date: 2028 (7) Anticipated Capital Investment: Included in total installed cost on Schedule 9 (Trans. and Sub.) (8) Substations: Towhee Substation (9) Participation with Other Utilities: None The Grapefruit Solar Energy Center will require extending the transmission bus at Towhee Substation approximately 0.0 miles to connect the solar PV inv erter array. Florida Power & Light Company 387 Page 73 of 84 Schedule 10 Status Report and Specifications of Proposed Transmission Lines Grapefruit Battery Energy Storage System Center (Hendry County) (1) Point of Origin and Termination: Towhee Substation (2) Number of Lines: 1 (3) Right-of-way FPL - Owned (4) Line Length: 0 miles (5) Volta,2026-09-26T16:50:05+00:00,2026-09-26T20:29:57+00:00,yes
0cbd1ef4aacda5355760,Florida Power & Light,Towhee Substation,New transmission line,NA,NA,NA,NA,NA,none,Towhee,Center will require extending the transmission bus at Towhee,230,0,Hendry County; Desoto County,NA,NA,2027,0,NA,Towhee; Center will require extending the transmission bus at Towhee; Hendry County; Desoto County; Towhee Substation; Stallion Substation,FPL - Ten-Year Site Plan,https://www.fpl.com/content/dam/fplgp/us/en/about/pdf/ten-year-site-plan.pdf,Florida Power & Light Company 386 Page 72 of 84 Schedule 10 Status Report and Specifications of Proposed Transmission Lines Grapefruit Solar Energy Center (Hendry County) (1) Point of Origin and Termination: Towhee Substation (2) Number of Lines: 1 (3) Right-of-way FPL - Owned (4) Line Length: 0 miles (5) Voltage: 230 kV (6) Anticipated Construction Timing: Start date: 2027 End date: 2028 (7) Anticipated Capital Investment: Included in total installed cost on Schedule 9 (Trans. and Sub.) (8) Substations: Towhee Substation (9) Participation with Other Utilities: None The Grapefruit Solar Energy Center will require extending the transmission bus at Towhee Substation approximately 0.0 miles to connect the solar PV inv erter array. Florida Power & Light Company 387 Page 73 of 84 Schedule 10 Status Report and Specifications of Proposed Transmission Lines Grapefruit Battery Energy Storage System Center (Hendry County) (1) Point of Origin and Termination: Towhee Substation (2) Number of Lines: 1 (3) Right-of-way FPL - Owned (4) Line Length: 0 miles (5) Voltage: 230 kV (6) Anticipated Construction Timing: Start date: 2027 End date: 2028 (7) Anticipated Capital Investment: Included in total installed cost on Schedule 9 (Trans. and Sub.) (8) Substations: Towhee Substation (9) Participation with Other Utilities: None The Grapefruit Battery Energy Storage Center will be connected to the transmission bus at Towhee Substation approximately 0.0 miles to connect the BESS. Florida Power & Light Company 388 Page 74 of 84 Schedule 10 Status Report and Specifications of Proposed Transmission Lines Ladybug Solar Energy Center (Desoto County) (1) Point of Origin and Termination: Tern Substation (2) Number of Lines: 1 (3) Right-of-way FPL - Owned (4) Line Length: 8 miles (5) Voltage: 230 kV (,2026-09-26T16:50:05+00:00,2026-09-26T20:29:57+00:00,yes
1ea348d52e9dff81eecb,Florida Power & Light,Waveland Substation,New transmission line,NA,NA,NA,NA,NA,none,Energy Center will require bifurcating the new FPL Sunbreak,Heritage,230,0,Lucie County; Indian River County,NA,NA,2027,0,NA,Energy Center will require bifurcating the new FPL Sunbreak; Heritage; Lucie County; Indian River County; Finance Substation Florida Power; Finca Substation,FPL - Ten-Year Site Plan,https://www.fpl.com/content/dam/fplgp/us/en/about/pdf/ten-year-site-plan.pdf,Lucie County) (1) Point of Origin and Termination: Waveland Substation (2) Number of Lines: 1 (3) Right-of-way FPL - Owned (4) Line Length: 0 miles (5) Voltage: 230 kV (6) Anticipated Construction Timing: Start date: 2027 End date: 2028 (7) Anticipated Capital Investment: Included in total installed cost on Schedule 9 (Trans. and Sub.) (8) Substations: Waveland Substation (9) Participation with Other Utilities: None The Wav eland Solar Energy Center will require bifurcating the new FPL Sunbreak - Heritage 230 kV transmission line approximately 0.0 miles to connect a new Wav eland substation and connect the solar PV inv erter array. Florida Power & Light Company 362 Page 48 of 84 Schedule 10 Status Report and Specifications of Proposed Transmission Lines Inlet Solar Energy Center (Indian River County) (1) Point of Origin and Termination: Lumia Substation (2) Number of Lines: 1 (3) Right-of-way FPL - Owned (4) Line Length: 0 miles (5) Voltage: 230 kV (6) Anticipated Construction Timing: Start date: 2027 End date: 2028 (7) Anticipated Capital Investment: Included in total installed cost on Schedule 9 (Trans. and Sub.) (8) Substations: Lumia Substation (9) Participation with Other Utilities: None The Inlet Solar Energy Center will require bifurcating the new FPL Wav eland - Heritage 230 kV transmission line approximately 0.0 miles to connect a new Lumia substation and connect the solar PV inv erter array. Florida Power & Light Company 363 Page 49 of 84 Schedule 10 Status Report and Specifications of Proposed Transmission Lines Beachland Solar Energy Center (Indian River County) (1) Point of Origin and Termination: Finance Substation (2) Number of Lines: 1 (3) Right-of-way FPL - Owned (4) Line Length: 0.0 miles (5) Voltage: 230 kV (6) Anticipated Construction Timing: Start d,2026-09-26T16:50:05+00:00,2026-09-26T20:29:57+00:00,yes
8511715d282100f72a57,Florida Power & Light,Waxweed Substation,New transmission line,NA,NA,NA,NA,NA,none,Waxweed Solar Energy Center will require bifurcating the Puma,Keri,230,0,Hendry County; Manatee County,NA,NA,2027,0,NA,Waxweed Solar Energy Center will require bifurcating the Puma; Keri; Hendry County; Manatee County; Waxweed Substation Florida Power; Flatford Substation; Owen Substation,FPL - Ten-Year Site Plan,https://www.fpl.com/content/dam/fplgp/us/en/about/pdf/ten-year-site-plan.pdf,Florida Power & Light Company 374 Page 60 of 84 Schedule 10 Status Report and Specifications of Proposed Transmission Lines Waxweed Solar Energy Center (Hendry County) (1) Point of Origin and Termination: Waxweed Substation (2) Number of Lines: 1 (3) Right-of-way FPL - Owned (4) Line Length: 0 miles (5) Voltage: 230 kV (6) Anticipated Construction Timing: Start date: 2027 End date: 2028 (7) Anticipated Capital Investment: Included in total installed cost on Schedule 9 (Trans. and Sub.) (8) Substations: Waxweed Substation (9) Participation with Other Utilities: None The Waxweed Solar Energy Center will require bifurcating the Puma-Keri 230kV transmission line approximately 0.0 miles to connect a new Waxweed substation and connect the solar PV inv erter array. Florida Power & Light Company 375 Page 61 of 84 Schedule 10 Status Report and Specifications of Proposed Transmission Lines Waxweed Battery Energy Storage System Center (Hendry County) (1) Point of Origin and Termination: Waxweed Substation (2) Number of Lines: 1 (3) Right-of-way FPL - Owned (4) Line Length: 0 miles (5) Voltage: 230 kV (6) Anticipated Construction Timing: Start date: 2027 End date: 2028 (7) Anticipated Capital Investment: Included in total installed cost on Schedule 9 (Trans. and Sub.) (8) Substations: Waxweed Substation (9) Participation with Other Utilities: None approximately 0.0 miles to connect the BESS. The Waxweed Battery Energy Storage Center will be connected to the transmission bus at Waxweed Substation Florida Power & Light Company 376 Page 62 of 84 Schedule 10 Status Report and Specifications of Proposed Transmission Lines Owen Branch Solar Energy Center (Manatee County) (1) Point of Origin and Termination: Owen Substation (2) Number of Lines: 1 (3) Right-of-way FPL - Owned (4) Line Leng,2026-09-26T16:50:05+00:00,2026-09-26T20:29:57+00:00,yes
f04a768933f4b7a17d84,Florida Power & Light,Waxweed Substation,New transmission line,NA,NA,NA,NA,NA,none,Waxweed,Center will be connected to the transmission bus at Waxweed,230,0,Hendry County; Manatee County; DeSoto County,NA,NA,2027,0,NA,Waxweed; Center will be connected to the transmission bus at Waxweed; Hendry County; Manatee County; DeSoto County; Waxweed Substation Florida Power; Flatford Substation; Owen Substation; Notts Substation,FPL - Ten-Year Site Plan,https://www.fpl.com/content/dam/fplgp/us/en/about/pdf/ten-year-site-plan.pdf,Florida Power & Light Company 375 Page 61 of 84 Schedule 10 Status Report and Specifications of Proposed Transmission Lines Waxweed Battery Energy Storage System Center (Hendry County) (1) Point of Origin and Termination: Waxweed Substation (2) Number of Lines: 1 (3) Right-of-way FPL - Owned (4) Line Length: 0 miles (5) Voltage: 230 kV (6) Anticipated Construction Timing: Start date: 2027 End date: 2028 (7) Anticipated Capital Investment: Included in total installed cost on Schedule 9 (Trans. and Sub.) (8) Substations: Waxweed Substation (9) Participation with Other Utilities: None approximately 0.0 miles to connect the BESS. The Waxweed Battery Energy Storage Center will be connected to the transmission bus at Waxweed Substation Florida Power & Light Company 376 Page 62 of 84 Schedule 10 Status Report and Specifications of Proposed Transmission Lines Owen Branch Solar Energy Center (Manatee County) (1) Point of Origin and Termination: Owen Substation (2) Number of Lines: 1 (3) Right-of-way FPL - Owned (4) Line Length: 0 miles (5) Voltage: 230 kV (6) Anticipated Construction Timing: Start date: 2027 End date: 2028 (7) Anticipated Capital Investment: Included in total installed cost on Schedule 9 (Trans. and Sub.) (8) Substations: Owen Substation (9) Participation with Other Utilities: None The Owen Branch Solar Energy Center will require extending the transmission bus at Flatford Substation line approximately 0.0 miles to connect a new Owen substation and connect the solar PV inv erter array. Florida Power & Light Company 377 Page 63 of 84 Schedule 10 Status Report and Specifications of Proposed Transmission Lines Owen Branch Battery Energy Storage System Center (Manatee County) (1) Point of Origin and Termination: Owen Substation (2) Number of Lines: 1 (3) Right-of-way,2026-09-26T16:50:05+00:00,2026-09-26T20:29:57+00:00,yes
3f3a963de436fbd60694,Florida Power & Light,Waxweed Substation,New transmission line,NA,NA,NA,NA,NA,none,Mango Solar Energy Center will require bifurcating the Puma,Keri,230,0,Hendry County,NA,NA,2027,0,NA,Mango Solar Energy Center will require bifurcating the Puma; Keri; Hendry County; Waxweed Substation Florida Power; Waxweed Substation; Towhee Substation,FPL - Ten-Year Site Plan,https://www.fpl.com/content/dam/fplgp/us/en/about/pdf/ten-year-site-plan.pdf,Florida Power & Light Company 382 Page 68 of 84 Schedule 10 Status Report and Specifications of Proposed Transmission Lines Redroot Solar Energy Center (Hendry County) (1) Point of Origin and Termination: Waxweed Substation (2) Number of Lines: 1 (3) Right-of-way FPL - Owned (4) Line Length: 0 miles (5) Voltage: 230 kV (6) Anticipated Construction Timing: Start date: 2027 End date: 2028 (7) Anticipated Capital Investment: Included in total installed cost on Schedule 9 (Trans. and Sub.) (8) Substations: Waxweed Substation (9) Participation with Other Utilities: None approximately 0.0 miles to connect the solar PV inv erter array. The Redroot Solar Energy Center will require extending the transmission bus at Waxweed Substation Florida Power & Light Company 383 Page 69 of 84 Schedule 10 Status Report and Specifications of Proposed Transmission Lines Redroot Battery Energy Storage System Center (Hendry County) (1) Point of Origin and Termination: Waxweed Substation (2) Number of Lines: 1 (3) Right-of-way FPL - Owned (4) Line Length: 0 miles (5) Voltage: 230 kV (6) Anticipated Construction Timing: Start date: 2027 End date: 2028 (7) Anticipated Capital Investment: Included in total installed cost on Schedule 9 (Trans. and Sub.) (8) Substations: Waxweed Substation (9) Participation with Other Utilities: None The Redroot Battery Energy Storage Center will be connected to the transmission bus at Waxweed Substation approximately 0.0 miles to connect the BESS. Florida Power & Light Company 384 Page 70 of 84 Schedule 10 Status Report and Specifications of Proposed Transmission Lines Mango Solar Energy Center (Hendry County) (1) Point of Origin and Termination: Towhee Substation (2) Number of Lines: 1 (3) Right-of-way FPL - Owned (4) Line Length: 0 miles (5) Voltage: 230 kV (6) Ant,2026-09-26T16:50:05+00:00,2026-09-26T20:29:57+00:00,yes
2a9ddf0514cecffeadb3,Florida Power & Light,kV main step-up transformer (85 MVA) with a 230 kV breaker to connect PV inverter array at Estuary substation,New transmission line,NA,NA,NA,NA,NA,none,Add one 230/34.5 kV main step,up transformer (85 MVA) with a,230,0,Transmission Facilities for the Tangelo Solar Energy Center in Okeechobee County; Tangelo Solar Energy Center in Okeechobee County,NA,NA,2027,0,NA,Add one 230/34.5 kV main step; up transformer (85 MVA) with a; Transmission Facilities for the Tangelo Solar Energy Center in Okeechobee County; Tangelo Solar Energy Center in Okeechobee County; Estuary; Okeechobee County; Clementine,FPL - Ten-Year Site Plan,https://www.fpl.com/content/dam/fplgp/us/en/about/pdf/ten-year-site-plan.pdf,"Add one 230/34.5 kV main step-up transformer (85 MVA) with a 230 kV breaker to connect PV inverter array at Estuary substation. Construct 34.5 kV bus to connect the PV array to Estuary 230 kV substation. Add relays and other protective equipment. Breaker replacements: None II.Transmission: 1. Loop the adjacent new Sunbreak - Heritage 230 kV into Estuary substation. No additional upgrades are expected to be necessary at this time. Florida Power & Light Company 115 III.E.19 Transmission Facilities for the Tangelo Solar Energy Center in Okeechobee County The work required to connect the approximate 74.5 MW (nameplate, AC) Tangelo Solar Energy Center in Okeechobee County in the 1st Quarter of 2027 is projected to be: I.Substation: 1. Extend 230 kV bus at Clementine substation and interconnect the 230/34.5kV transformer through a 230kV breaker.",2026-09-26T16:50:05+00:00,2026-09-26T20:29:57+00:00,yes
4360ddb86ed926d81ef7,Florida Power & Light,three (3) breaker 230 kV substation,New transmission line,NA,NA,NA,NA,NA,none,adjacent to the Sunbreak,Glint,230,0,Transmission Facilities for the Vernia Solar Energy Center in Indian River County; Vernia Solar Energy Center in Indian River County,NA,NA,2027,0,NA,adjacent to the Sunbreak; Glint; Transmission Facilities for the Vernia Solar Energy Center in Indian River County; Vernia Solar Energy Center in Indian River County; Indian River County; Vernia,FPL - Ten-Year Site Plan,https://www.fpl.com/content/dam/fplgp/us/en/about/pdf/ten-year-site-plan.pdf,"Add relays and other protective equipment. Breaker replacements: None II. No additional upgrades are expected to be necessary at this time. Florida Power & Light Company 141 III.E.45 Transmission Facilities for the Vernia Solar Energy Center in Indian River County The work required to connect the approximate 74.5 MW (nameplate, AC) Vernia Solar Energy Center in Indian River County in the 3rd Quarter of 2027 is projected to be: I. Construct a new single bus, three (3) breaker 230 kV substation (Vernia) on the project site, adjacent to the Sunbreak - Glint 230 kV line. Add one 230/34.5 kV main step-up transformer (85 MVA) with a 230 kV breaker to connect PV inverter array at Vernia substation. Construct 34.5 kV bus to connect the PV array to Vernia 230 kV substation. Add relays and other protective equipment.",2026-09-26T16:50:05+00:00,2026-09-26T20:29:57+00:00,yes
9b4b24dbb824c104180d,Florida Power & Light,two (2) breaker 230 kV substation,New transmission line,NA,NA,NA,NA,NA,none,adjacent to the new Sunbreak,Heritage,230,0,Transmission Facilities for the Indrio Solar Energy Center in St. Lucie County; Indrio Solar Energy Center in St. Lucie County,NA,NA,2027,0,NA,adjacent to the new Sunbreak; Heritage; Transmission Facilities for the Indrio Solar Energy Center in St. Lucie County; Indrio Solar Energy Center in St. Lucie County; St. Lucie County; Estuary,FPL - Ten-Year Site Plan,https://www.fpl.com/content/dam/fplgp/us/en/about/pdf/ten-year-site-plan.pdf,"Breaker replacements: None II. No additional transmission work is required. No upgrades are expected to be necessary at this time. Florida Power & Light Company 114 III.E.18 Transmission Facilities for the Indrio Solar Energy Center in St. Lucie County The work required to connect the approximate 74.5 MW (nameplate, AC) Indrio Solar Energy Center in St. Lucie County in the 1st Quarter of 2027 is projected to be: I.Substation: 1. Construct a new single bus, two (2) breaker 230 kV substation (Estuary) on the project site, adjacent to the new Sunbreak - Heritage 230 kV line. Add one 230/34.5 kV main step-up transformer (85 MVA) with a 230 kV breaker to connect PV inverter array at Estuary substation.",2026-09-26T16:50:05+00:00,2026-09-26T20:29:57+00:00,yes
791701cedd2ae77963f4,Florida Power & Light,Boardwalk Substation,New transmission line,NA,NA,NA,NA,NA,none,e Solar Energy Center will require bifurcating the Doorfield,Av on,500,0,Collier County; Union County; Highlands County,NA,NA,2028,0,NA,e Solar Energy Center will require bifurcating the Doorfield; Av on; Collier County; Union County; Highlands County; Boardwalk Substation,FPL - Ten-Year Site Plan,https://www.fpl.com/content/dam/fplgp/us/en/about/pdf/ten-year-site-plan.pdf,The Dov e Solar Energy Center will require bifurcating the Doorfield-Av on 230kV transmission Florida Power & Light Company 395 Page 81 of 84 Schedule 10 Status Report and Specifications of Proposed Transmission Lines Spoonbill Solar Energy Center (Collier County) (1) Point of Origin and Termination: Boardwalk Substation (2) Number of Lines: 1 (3) Right-of-way FPL - Owned (4) Line Length: 0.0 miles (5) Voltage: 500 kV (6) Anticipated Construction Timing: Start date: 2028 End date: 2029 (7) Anticipated Capital Investment: Included in total installed cost on Schedule 9 (Trans. and Sub.) (8) Substations: Boardwalk Substation (9) Participation with Other Utilities: None The Spoonbill Solar Energy Center will require extending the transmission bus at Boardwalk Substation line approximately 0.0 miles to connect the solar PV inv erter array. Florida Power & Light Company 396 Page 82 of 84 Schedule 10 Status Report and Specifications of Proposed Transmission Lines Limkin Solar Energy Center (Collier County) (1) Point of Origin and Termination: Boardwalk Substation (2) Number of Lines: 1 (3) Right-of-way FPL - Owned (4) Line Length: 0.0 miles (5) Voltage: 500 kV (6) Anticipated Construction Timing: Start date: 2028 End date: 2029 (7) Anticipated Capital Investment: Included in total installed cost on Schedule 9 (Trans. and Sub.) (8) Substations: Boardwalk Substation (9) Participation with Other Utilities: None The Limkin Solar Energy Center will require extending the transmission bus at Boardwalk Substation line approximately 0.0 miles to connect the solar PV inv erter array. Florida Power & Light Company 397 Page 83 of 84 Schedule 10 Status Report and Specifications of Proposed Transmission Lines New River Solar Energy Center (Union County) (1) Point of Origin and Termination:,2026-09-26T16:50:05+00:00,2026-09-26T20:29:57+00:00,yes
8acbe8904a7dfad8ff8f,Florida Power & Light,Boardwalk Substation,New transmission line,"{""type"":""Point"",""coordinates"":[-80.1096175919504,26.9134488422923]}","26.913449, -80.109618",NA,hifld_substation_point,https://services1.arcgis.com/CD5mKowwN6nIaqd8/ArcGIS/rest/services/project_renewable_us_substations_2022/FeatureServer/10 | matched: PLUMOSUS,medium,Solar Energy Center will require bifurcating the Lake Butler,Plum,500,0,Collier County; Union County; Highlands County,NA,NA,2028,0,NA,Solar Energy Center will require bifurcating the Lake Butler; Plum; Collier County; Union County; Highlands County; Boardwalk Substation,FPL - Ten-Year Site Plan,https://www.fpl.com/content/dam/fplgp/us/en/about/pdf/ten-year-site-plan.pdf,and Sub.) (8) Substations: Boardwalk Substation (9) Participation with Other Utilities: None The Spoonbill Solar Energy Center will require extending the transmission bus at Boardwalk Substation line approximately 0.0 miles to connect the solar PV inv erter array. Florida Power & Light Company 396 Page 82 of 84 Schedule 10 Status Report and Specifications of Proposed Transmission Lines Limkin Solar Energy Center (Collier County) (1) Point of Origin and Termination: Boardwalk Substation (2) Number of Lines: 1 (3) Right-of-way FPL - Owned (4) Line Length: 0.0 miles (5) Voltage: 500 kV (6) Anticipated Construction Timing: Start date: 2028 End date: 2029 (7) Anticipated Capital Investment: Included in total installed cost on Schedule 9 (Trans. and Sub.) (8) Substations: Boardwalk Substation (9) Participation with Other Utilities: None The Limkin Solar Energy Center will require extending the transmission bus at Boardwalk Substation line approximately 0.0 miles to connect the solar PV inv erter array. Florida Power & Light Company 397 Page 83 of 84 Schedule 10 Status Report and Specifications of Proposed Transmission Lines New River Solar Energy Center (Union County) (1) Point of Origin and Termination: Damson Substation (2) Number of Lines: 1 (3) Right-of-way FPL - Owned (4) Line Length: 0 miles (5) Voltage: 115 kV (6) Anticipated Construction Timing: Start date: 2028 End date: 2029 (7) Anticipated Capital Investment: Included in total installed cost on Schedule 9 (Trans. and Sub.) (8) Substations: Damson Substation (9) Participation with Other Utilities: None line approximately 0.0 miles to connect a new Damson substation and connect the solar PV inv erter array. The New Riv er Solar Energy Center will require bifurcating the Lake Butler-Plum 115kV transmission Florida Pow,2026-09-26T16:50:05+00:00,2026-09-26T20:29:57+00:00,yes
cc33981d4b460bdce274,Florida Power & Light,Boardwalk Substation,New transmission line,"{""type"":""Point"",""coordinates"":[-80.1096175919504,26.9134488422923]}","26.913449, -80.109618",NA,hifld_substation_point,https://services1.arcgis.com/CD5mKowwN6nIaqd8/ArcGIS/rest/services/project_renewable_us_substations_2022/FeatureServer/10 | matched: PLUMOSUS,medium,Solar Energy Center will require bifurcating the Lake Butler,Plum,230,0,Union County; Highlands County,NA,NA,2028,0,NA,Solar Energy Center will require bifurcating the Lake Butler; Plum; Union County; Highlands County; Boardwalk Substation,FPL - Ten-Year Site Plan,https://www.fpl.com/content/dam/fplgp/us/en/about/pdf/ten-year-site-plan.pdf,and Sub.) (8) Substations: Boardwalk Substation (9) Participation with Other Utilities: None The Limkin Solar Energy Center will require extending the transmission bus at Boardwalk Substation line approximately 0.0 miles to connect the solar PV inv erter array. Florida Power & Light Company 397 Page 83 of 84 Schedule 10 Status Report and Specifications of Proposed Transmission Lines New River Solar Energy Center (Union County) (1) Point of Origin and Termination: Damson Substation (2) Number of Lines: 1 (3) Right-of-way FPL - Owned (4) Line Length: 0 miles (5) Voltage: 115 kV (6) Anticipated Construction Timing: Start date: 2028 End date: 2029 (7) Anticipated Capital Investment: Included in total installed cost on Schedule 9 (Trans. and Sub.) (8) Substations: Damson Substation (9) Participation with Other Utilities: None line approximately 0.0 miles to connect a new Damson substation and connect the solar PV inv erter array. The New Riv er Solar Energy Center will require bifurcating the Lake Butler-Plum 115kV transmission Florida Power & Light Company 398 Page 84 of 84 Schedule 10 Status Report and Specifications of Proposed Transmission Lines Caladium Solar Energy Center (Highlands County) (1) Point of Origin and Termination: Condor Substation (2) Number of Lines: 1 (3) Right-of-way FPL - Owned (4) Line Length: 0 miles (5) Voltage: 230 kV (6) Anticipated Construction Timing: Start date: 2028 End date: 2029 (7) Anticipated Capital Investment: Included in total installed cost on Schedule 9 (Trans. and Sub.) (8) Substations: Condor Substation (9) Participation with Other Utilities: None The Caladium Solar Energy Center will require bifurcating the Av on-Waterway 230kV transmission line approximately 0.0 miles to connect a new Condor substation and connect the solar PV in,2026-09-26T16:50:05+00:00,2026-09-26T20:29:57+00:00,yes
ef0eecc6fc139ee19733,Florida Power & Light,Construct 34.5 kV bus to connect the PV array to Finance 230 kV Substation,New transmission line,NA,NA,NA,NA,NA,none,kV bus to connect the PV array to Finance 230 kV,miles string bus from Finca 230 kV to Finance,230,4.5,Transmission Facilities for the Shores Solar Energy Center in Indian River County; Shores Solar Energy Center in Indian River County,NA,NA,2028,0,NA,kV bus to connect the PV array to Finance 230 kV; miles string bus from Finca 230 kV to Finance; Transmission Facilities for the Shores Solar Energy Center in Indian River County; Shores Solar Energy Center in Indian River County; Finance; Finca; Indian River County,FPL - Ten-Year Site Plan,https://www.fpl.com/content/dam/fplgp/us/en/about/pdf/ten-year-site-plan.pdf,"Construct 34.5 kV bus to connect the PV array to Finance 230 kV Substation. Add relays and other protective equipment. Breaker replacements: None II. Construct approximately 4.5 miles string bus from Finca 230 kV to Finance substation. No additional upgrades are expected to be necessary at this time. Florida Power & Light Company 147 III.E.51 Transmission Facilities for the Shores Solar Energy Center in Indian River County The work required to connect the approximate 74.5 MW (nameplate, AC) Shores Solar Energy Center in Indian River County in the 1st Quarter of 2028 is projected to be: I. Extend 230 kV bus at Finance substation and interconnect the 230/34.5kV transformer through a 230kV breaker. Construct 34.5 kV bus to connect the PV array to Finance 230 kV Substation.",2026-09-26T16:50:05+00:00,2026-09-26T20:29:57+00:00,yes
bb0a898545bdb59a8894,Florida Power & Light,Construct 34.5 kV bus to connect the PV array to Goodwin 230 kV Substation,New transmission line,NA,NA,NA,NA,NA,none,kV bus to connect the PV array to Goodwin 230 kV,I. Extend 230 kV bus at Waxweed,230,0,Transmission Facilities for the Redroot Solar Energy Center in Hendry County; Redroot Solar Energy Center in Hendry County,NA,NA,2028,0,NA,kV bus to connect the PV array to Goodwin 230 kV; I. Extend 230 kV bus at Waxweed; Transmission Facilities for the Redroot Solar Energy Center in Hendry County; Redroot Solar Energy Center in Hendry County; Goodwin; Hendry County; Waxweed,FPL - Ten-Year Site Plan,https://www.fpl.com/content/dam/fplgp/us/en/about/pdf/ten-year-site-plan.pdf,"Construct 34.5 kV bus to connect the PV array to Goodwin 230 kV Substation. Add relays and other protective equipment. Breaker replacements: None II. No additional transmission work is required. No upgrades are expected to be necessary at this time. Florida Power & Light Company 164 III.E.68 Transmission Facilities for the Redroot Solar Energy Center in Hendry County The work required to connect the approximate 74.5 MW (nameplate, AC) Redroot Solar Energy Center in Hendry County in the 3rd Quarter of 2028 is projected to be: I. Extend 230 kV bus at Waxweed substation and interconnect the 230/34.5kV transformer through a 230kV breaker. Construct 34.5 kV bus to connect the PV array to Waxweed 230 kV Substation.",2026-09-26T16:50:05+00:00,2026-09-26T20:29:57+00:00,yes
27b7691b154c9bd69c7f,Florida Power & Light,Construct 34.5 kV bus to connect the PV array to Lily 230 kV Substation,New transmission line,NA,"30.600729, -87.338474","3 QUARTERS RD, CANTONMENT, FL, 32533",address_geocode,U.S. Census Geocoder,medium,Construct 34.5 kV bus to connect the PV array to Lily 230 kV,NA,230,0,Transmission Facilities for the Wild Lime Battery Energy Storage System Center in St. Lucie County; Wild Lime Battery Energy Storage System Center in St. Lucie County,NA,NA,2028,0,NA,Construct 34.5 kV bus to connect the PV array to Lily 230 kV; Transmission Facilities for the Wild Lime Battery Energy Storage System Center in St. Lucie County; Wild Lime Battery Energy Storage System Center in St. Lucie County; Lily; St. Lucie County,FPL - Ten-Year Site Plan,https://www.fpl.com/content/dam/fplgp/us/en/about/pdf/ten-year-site-plan.pdf,"Construct 34.5 kV bus to connect the PV array to Lily 230 kV Substation. Add relays and other protective equipment. Breaker replacements: None II. No additional transmission work is required. No upgrades are expected to be necessary at this time. Florida Power & Light Company 155 III.E.59 Transmission Facilities for the Wild Lime Battery Energy Storage System Center in St. Lucie County The work required to connect the approximate 74.5 MW (nameplate, AC) Wild Lime Battery Energy Storage System Center in St. Lucie County in the 3 rd Quarter of 2028 is projected to be: I.",2026-09-26T16:50:05+00:00,2026-09-26T20:29:57+00:00,yes
3331e0fac05b27f3be4b,Florida Power & Light,Construct 34.5 kV bus to connect the PV array to Lily 230 kV substation,New transmission line,NA,NA,NA,NA,NA,none,None II. Loop the adjacent new Glint,Seville,230,0,Transmission Facilities for the Pine Lily Battery Energy Storage System Center in St. Lucie County; Pine Lily Battery Energy Storage System Center in St. Lucie County,NA,NA,2028,0,NA,None II. Loop the adjacent new Glint; Seville; Transmission Facilities for the Pine Lily Battery Energy Storage System Center in St. Lucie County; Pine Lily Battery Energy Storage System Center in St. Lucie County; Lily; St. Lucie County,FPL - Ten-Year Site Plan,https://www.fpl.com/content/dam/fplgp/us/en/about/pdf/ten-year-site-plan.pdf,"Construct 34.5 kV bus to connect the PV array to Lily 230 kV substation. Add relays and other protective equipment. Breaker replacements: None II. Loop the adjacent new Glint - Seville 230 kV into Lilly substation. No additional upgrades are expected to be necessary at this time. Florida Power & Light Company 153 III.E.57 Transmission Facilities for the Pine Lily Battery Energy Storage System Center in St. Lucie County The work required to connect the approximate 74.5 MW (nameplate, AC) Pine Lily Battery Energy Storage System Center in St. Lucie County in the 3rd Quarter of 2028 is projected to be: I.",2026-09-26T16:50:05+00:00,2026-09-26T20:29:57+00:00,yes
09db6739f68a0aa748b8,Florida Power & Light,Construct 34.5 kV bus to connect the PV array to Lumia 230 kV substation,New transmission line,NA,NA,NA,NA,NA,none,None II. Loop the adjacent new Waveland,Heritage,230,0,Transmission Facilities for the Beachland Solar Energy Center in Indian River County; Beachland Solar Energy Center in Indian River County,NA,NA,2028,0,NA,None II. Loop the adjacent new Waveland; Heritage; Transmission Facilities for the Beachland Solar Energy Center in Indian River County; Beachland Solar Energy Center in Indian River County; Lumia; Indian River County; Finance,FPL - Ten-Year Site Plan,https://www.fpl.com/content/dam/fplgp/us/en/about/pdf/ten-year-site-plan.pdf,"Construct 34.5 kV bus to connect the PV array to Lumia 230 kV substation. Add relays and other protective equipment. Breaker replacements: None II. Loop the adjacent new Waveland - Heritage 230 kV into Lumia substation. No additional upgrades are expected to be necessary at this time. Florida Power & Light Company 145 III.E.49 Transmission Facilities for the Beachland Solar Energy Center in Indian River County The work required to connect the approximate 74.5 MW (nameplate, AC) Beachland Solar Energy Center in Indian River County in the 1st Quarter of 2028 is projected to be: I. Extend 230 kV bus at Finance substation and interconnect the 230/34.5kV transformer through a 230kV breaker. Construct 34.5 kV bus to connect the PV array to Finance 230 kV Substation.",2026-09-26T16:50:05+00:00,2026-09-26T20:29:57+00:00,yes
02b2eeb25e3c2d2cfc84,Florida Power & Light,Construct 34.5 kV bus to connect the PV array to Notts 230 kV Substation,New transmission line,NA,"30.600729, -87.338474","3 QUARTERS RD, CANTONMENT, FL, 32533",address_geocode,U.S. Census Geocoder,medium,Construct 34.5 kV bus to connect the PV array to Notts 230 kV,I. Extend the existing 34.5 kV bus at Notts,230,0,Transmission Facilities for the Shell Creek Battery Energy Storage System Center in DeSoto County; Shell Creek Battery Energy Storage System Center in DeSoto County,NA,NA,2028,0,NA,Construct 34.5 kV bus to connect the PV array to Notts 230 kV; I. Extend the existing 34.5 kV bus at Notts; Transmission Facilities for the Shell Creek Battery Energy Storage System Center in DeSoto County; Shell Creek Battery Energy Storage System Center in DeSoto County; Notts; DeSoto County; Notts Substation,FPL - Ten-Year Site Plan,https://www.fpl.com/content/dam/fplgp/us/en/about/pdf/ten-year-site-plan.pdf,"Construct 34.5 kV bus to connect the PV array to Notts 230 kV Substation. Add relays and other protective equipment. Breaker replacements: None II. No additional transmission work is required. No upgrades are expected to be necessary at this time. Florida Power & Light Company 161 III.E.65 Transmission Facilities for the Shell Creek Battery Energy Storage System Center in DeSoto County The work required to connect the approximate 74.5 MW (nameplate, AC) Shell Creek Battery Energy Storage System Center in DeSoto County in the 3 rd Quarter of 2028 is projected to be: I. Extend the existing 34.5 kV bus at Notts Substation to connect the BESS. Add relays and other protective equipment.",2026-09-26T16:50:05+00:00,2026-09-26T20:29:57+00:00,yes
2929dcff73966e341a83,Florida Power & Light,Construct 34.5 kV bus to connect the PV array to Owen 230 kV Substation,New transmission line,NA,"30.600729, -87.338474","3 QUARTERS RD, CANTONMENT, FL, 32533",address_geocode,U.S. Census Geocoder,medium,Construct 34.5 kV bus to connect the PV array to Owen 230 kV,I. Extend the existing 34.5 kV bus at Owen,230,0,Transmission Facilities for the Owen Branch Battery Energy Storage System Center in Manatee County; Owen Branch Battery Energy Storage System Center in Manatee County,NA,NA,2028,0,NA,Construct 34.5 kV bus to connect the PV array to Owen 230 kV; I. Extend the existing 34.5 kV bus at Owen; Transmission Facilities for the Owen Branch Battery Energy Storage System Center in Manatee County; Owen Branch Battery Energy Storage System Center in Manatee County; Owen; Manatee County; Owen Substation,FPL - Ten-Year Site Plan,https://www.fpl.com/content/dam/fplgp/us/en/about/pdf/ten-year-site-plan.pdf,"Construct 34.5 kV bus to connect the PV array to Owen 230 kV Substation. Add relays and other protective equipment. Breaker replacements: None II. No additional transmission work is required. No upgrades are expected to be necessary at this time. Florida Power & Light Company 159 III.E.63 Transmission Facilities for the Owen Branch Battery Energy Storage System Center in Manatee County The work required to connect the approximate 74.5 MW (nameplate, AC) Owen Branch Battery Energy Storage System Center in Manatee County in the 3 rd Quarter of 2028 is projected to be: I. Extend the existing 34.5 kV bus at Owen Substation to connect the BESS. Add relays and other protective equipment.",2026-09-26T16:50:05+00:00,2026-09-26T20:29:57+00:00,yes
f4611b310bd30988b1e1,Florida Power & Light,Construct 34.5 kV bus to connect the PV array to Swamp 230 kV Substation,New transmission line,NA,NA,NA,NA,NA,none,Construct 34.5 kV bus to connect the PV array to Swamp 230 kV,I. Extend 230 kV bus at Goodwin,230,0,Transmission Facilities for the Cardinal Solar Energy Center in Brevard County; Cardinal Solar Energy Center in Brevard County,NA,NA,2028,0,NA,Construct 34.5 kV bus to connect the PV array to Swamp 230 kV; I. Extend 230 kV bus at Goodwin; Transmission Facilities for the Cardinal Solar Energy Center in Brevard County; Cardinal Solar Energy Center in Brevard County; Swamp; Brevard County; Goodwin,FPL - Ten-Year Site Plan,https://www.fpl.com/content/dam/fplgp/us/en/about/pdf/ten-year-site-plan.pdf,"Construct 34.5 kV bus to connect the PV array to Swamp 230 kV Substation. Add relays and other protective equipment. Breaker replacements: None II. No additional transmission work is required. No upgrades are expected to be necessary at this time. Florida Power & Light Company 163 III.E.67 Transmission Facilities for the Cardinal Solar Energy Center in Brevard County The work required to connect the approximate 74.5 MW (nameplate, AC) Cardinal Solar Energy Center in Brevard County in the 3rd Quarter of 2028 is projected to be: I. Extend 230 kV bus at Goodwin substation and interconnect the 230/34.5kV transformer through a 230kV breaker. Construct 34.5 kV bus to connect the PV array to Goodwin 230 kV Substation.",2026-09-26T16:50:05+00:00,2026-09-26T20:29:57+00:00,yes
4712994bbbd88854c68d,Florida Power & Light,Construct 34.5 kV bus to connect the PV array to Towhee 230 kV Substation,New transmission line,NA,"30.600729, -87.338474","3 QUARTERS RD, CANTONMENT, FL, 32533",address_geocode,U.S. Census Geocoder,medium,kV bus to connect the PV array to Towhee 230 kV,I. Extend the existing 34.5 kV bus at Towhee,230,0,Transmission Facilities for the Grapefruit Battery Energy Storage System Center in Hendry County; Grapefruit Battery Energy Storage System Center in Hendry County,NA,NA,2028,0,NA,kV bus to connect the PV array to Towhee 230 kV; I. Extend the existing 34.5 kV bus at Towhee; Transmission Facilities for the Grapefruit Battery Energy Storage System Center in Hendry County; Grapefruit Battery Energy Storage System Center in Hendry County; Towhee; Hendry County; Towhee Substation,FPL - Ten-Year Site Plan,https://www.fpl.com/content/dam/fplgp/us/en/about/pdf/ten-year-site-plan.pdf,"Construct 34.5 kV bus to connect the PV array to Towhee 230 kV Substation. Add relays and other protective equipment. Breaker replacements: None II. No additional transmission work is required. No upgrades are expected to be necessary at this time. Florida Power & Light Company 169 III.E.73 Transmission Facilities for the Grapefruit Battery Energy Storage System Center in Hendry County The work required to connect the approximate 74.5 MW (nameplate, AC) Grapefruit Battery Energy Storage System Center in Hendry County in the 3 rd Quarter of 2028 is projected to be: I. Extend the existing 34.5 kV bus at Towhee Substation to connect the BESS. Add relays and other protective equipment.",2026-09-26T16:50:05+00:00,2026-09-26T20:29:57+00:00,yes
306d38f65a7ffa4316b7,Florida Power & Light,Construct 34.5 kV bus to connect the PV array to Towhee 230 kV substation,New transmission line,NA,NA,NA,NA,NA,none,None II. Loop the adjacent new Puma,Keri,230,0,Transmission Facilities for the Mango Battery Energy Storage System Center in Hendry County; Mango Battery Energy Storage System Center in Hendry County,NA,NA,2028,0,NA,None II. Loop the adjacent new Puma; Keri; Transmission Facilities for the Mango Battery Energy Storage System Center in Hendry County; Mango Battery Energy Storage System Center in Hendry County; Towhee; Hendry County; Towhee Substation,FPL - Ten-Year Site Plan,https://www.fpl.com/content/dam/fplgp/us/en/about/pdf/ten-year-site-plan.pdf,"Construct 34.5 kV bus to connect the PV array to Towhee 230 kV substation. Add relays and other protective equipment. Breaker replacements: None II. Loop the adjacent new Puma - Keri 230 kV into Towhee substation. No additional upgrades are expected to be necessary at this time. Florida Power & Light Company 167 III.E.71 Transmission Facilities for the Mango Battery Energy Storage System Center in Hendry County The work required to connect the approximate 74.5 MW (nameplate, AC) Mango Battery Energy Storage System Center in Hendry County in the 3rd Quarter of 2028 is projected to be: I. Extend the existing 34.5 kV bus at Towhee Substation to connect the BESS. Add relays and other protective equipment.",2026-09-26T16:50:05+00:00,2026-09-26T20:29:57+00:00,yes
3136279557416ff8186a,Florida Power & Light,Construct 34.5 kV bus to connect the PV array to Waveland 230 kV substation,New transmission line,NA,NA,NA,NA,NA,none,None II. Loop the adjacent new Sunbreak,Heritage,230,0,Transmission Facilities for the Inlet Solar Energy Center in Indian River County; Inlet Solar Energy Center in Indian River County,NA,NA,2028,0,NA,None II. Loop the adjacent new Sunbreak; Heritage; Transmission Facilities for the Inlet Solar Energy Center in Indian River County; Inlet Solar Energy Center in Indian River County; Waveland; Indian River County; Inlet,FPL - Ten-Year Site Plan,https://www.fpl.com/content/dam/fplgp/us/en/about/pdf/ten-year-site-plan.pdf,"Construct 34.5 kV bus to connect the PV array to Waveland 230 kV substation. Add relays and other protective equipment. Breaker replacements: None II. Loop the adjacent new Sunbreak - Heritage 230 kV into Waveland substation. No additional upgrades are expected to be necessary at this time. Florida Power & Light Company 144 III.E.48 Transmission Facilities for the Inlet Solar Energy Center in Indian River County The work required to connect the approximate 74.5 MW (nameplate, AC) Inlet Solar Energy Center in Indian River County in the 1st Quarter of 2028 is projected to be: I. Construct a new single bus, two (2) breaker 230 kV substation (Lumia) on the project site, adjacent to the new Waveland - Heritage 230 kV line. Add one 230/34.5 kV main step-up transformer (85 MVA) with a 230 kV breaker to connect PV inverter array at Inlet substation.",2026-09-26T16:50:05+00:00,2026-09-26T20:29:57+00:00,yes
946c756eeb81d7fcd20d,Florida Power & Light,Construct 34.5 kV bus to connect the PV array to Waxweed 230 kV Substation,New transmission line,NA,NA,NA,NA,NA,none,kV bus to connect the PV array to Waxweed 230 kV,I. Extend the existing 34.5 kV bus at Waxweed,230,0,Transmission Facilities for the Redroot Battery Energy Storage System Center in Hendry County; Redroot Battery Energy Storage System Center in Hendry County,NA,NA,2028,0,NA,kV bus to connect the PV array to Waxweed 230 kV; I. Extend the existing 34.5 kV bus at Waxweed; Transmission Facilities for the Redroot Battery Energy Storage System Center in Hendry County; Redroot Battery Energy Storage System Center in Hendry County; Waxweed; Hendry County; Waxweed Substation,FPL - Ten-Year Site Plan,https://www.fpl.com/content/dam/fplgp/us/en/about/pdf/ten-year-site-plan.pdf,"Construct 34.5 kV bus to connect the PV array to Waxweed 230 kV Substation. Add relays and other protective equipment. Breaker replacements: None II. No additional transmission work is required. No upgrades are expected to be necessary at this time. Florida Power & Light Company 165 III.E.69 Transmission Facilities for the Redroot Battery Energy Storage System Center in Hendry County The work required to connect the approximate 74.5 MW (nameplate, AC) Redroot Battery Energy Storage System Center in Hendry County in the 3rd Quarter of 2028 is projected to be: I. Extend the existing 34.5 kV bus at Waxweed Substation to connect the BESS. Add relays and other protective equipment.",2026-09-26T16:50:05+00:00,2026-09-26T20:29:57+00:00,yes
c78be07ab512575d9704,Florida Power & Light,Construct 34.5 kV bus to connect the PV array to Waxweed 230 kV substation,New transmission line,NA,"30.600729, -87.338474","3 QUARTERS RD, CANTONMENT, FL, 32533",address_geocode,U.S. Census Geocoder,medium,None II. Loop the adjacent new Puma,Keri,230,0,Transmission Facilities for the Waxweed Battery Energy Storage System Center in Hendry County; Waxweed Battery Energy Storage System Center in Hendry County,NA,NA,2028,0,NA,None II. Loop the adjacent new Puma; Keri; Transmission Facilities for the Waxweed Battery Energy Storage System Center in Hendry County; Waxweed Battery Energy Storage System Center in Hendry County; Waxweed; Hendry County; Waxweed Substation,FPL - Ten-Year Site Plan,https://www.fpl.com/content/dam/fplgp/us/en/about/pdf/ten-year-site-plan.pdf,"Construct 34.5 kV bus to connect the PV array to Waxweed 230 kV substation. Add relays and other protective equipment. Breaker replacements: None II. Loop the adjacent new Puma - Keri 230 kV into Waxweed substation. No additional upgrades are expected to be necessary at this time. Florida Power & Light Company 157 III.E.61 Transmission Facilities for the Waxweed Battery Energy Storage System Center in Hendry County The work required to connect the approximate 74.5 MW (nameplate, AC) Waxweed Battery Energy Storage System Center in Hendry County in the 3 rd Quarter of 2028 is projected to be: I. Extend the existing 34.5 kV bus at Waxweed Substation to connect the BESS. Add relays and other protective equipment.",2026-09-26T16:50:05+00:00,2026-09-26T20:29:57+00:00,yes
bdf91e4fe3f8de08da14,Florida Power & Light,Construct approximately 4.5 miles string bus from Finca 230 kV to Finance substation,New transmission line,NA,NA,NA,NA,NA,none,miles string bus from Finca 230 kV to Finance,I. Extend 230 kV bus at Finance,230,4.5,Transmission Facilities for the Shores Solar Energy Center in Indian River County; Shores Solar Energy Center in Indian River County,NA,NA,2028,0,NA,miles string bus from Finca 230 kV to Finance; I. Extend 230 kV bus at Finance; Transmission Facilities for the Shores Solar Energy Center in Indian River County; Shores Solar Energy Center in Indian River County; Finca; Finance; Indian River County,FPL - Ten-Year Site Plan,https://www.fpl.com/content/dam/fplgp/us/en/about/pdf/ten-year-site-plan.pdf,"Construct approximately 4.5 miles string bus from Finca 230 kV to Finance substation. No additional upgrades are expected to be necessary at this time. Florida Power & Light Company 147 III.E.51 Transmission Facilities for the Shores Solar Energy Center in Indian River County The work required to connect the approximate 74.5 MW (nameplate, AC) Shores Solar Energy Center in Indian River County in the 1st Quarter of 2028 is projected to be: I. Extend 230 kV bus at Finance substation and interconnect the 230/34.5kV transformer through a 230kV breaker. Construct 34.5 kV bus to connect the PV array to Finance 230 kV Substation. Add relays and other protective equipment. Breaker replacements: None II. No additional upgrades are expected to be necessary at this time.",2026-09-26T16:50:05+00:00,2026-09-26T20:29:57+00:00,yes
aa0bf176697fab36706f,Florida Power & Light,Damson Substation,New transmission line,"{""type"":""Point"",""coordinates"":[-80.1096175919504,26.9134488422923]}","26.913449, -80.109618",NA,hifld_substation_point,https://services1.arcgis.com/CD5mKowwN6nIaqd8/ArcGIS/rest/services/project_renewable_us_substations_2022/FeatureServer/10 | matched: PLUMOSUS,medium,Solar Energy Center will require bifurcating the Lake Butler,Plum,230,0,Union County; Highlands County,NA,NA,2028,0,NA,Solar Energy Center will require bifurcating the Lake Butler; Plum; Union County; Highlands County; Schedule,FPL - Ten-Year Site Plan,https://www.fpl.com/content/dam/fplgp/us/en/about/pdf/ten-year-site-plan.pdf,"Florida Power & Light Company 397 Page 83 of 84 Schedule 10 Status Report and Specifications of Proposed Transmission Lines New River Solar Energy Center (Union County) (1) Point of Origin and Termination: Damson Substation (2) Number of Lines: 1 (3) Right-of-way FPL - Owned (4) Line Length: 0 miles (5) Voltage: 115 kV (6) Anticipated Construction Timing: Start date: 2028 End date: 2029 (7) Anticipated Capital Investment: Included in total installed cost on Schedule 9 (Trans. and Sub.) (8) Substations: Damson Substation (9) Participation with Other Utilities: None line approximately 0.0 miles to connect a new Damson substation and connect the solar PV inv erter array. The New Riv er Solar Energy Center will require bifurcating the Lake Butler-Plum 115kV transmission Florida Power & Light Company 398 Page 84 of 84 Schedule 10 Status Report and Specifications of Proposed Transmission Lines Caladium Solar Energy Center (Highlands County) (1) Point of Origin and Termination: Condor Substation (2) Number of Lines: 1 (3) Right-of-way FPL - Owned (4) Line Length: 0 miles (5) Voltage: 230 kV (6) Anticipated Construction Timing: Start date: 2028 End date: 2029 (7) Anticipated Capital Investment: Included in total installed cost on Schedule 9 (Trans. and Sub.) (8) Substations: Condor Substation (9) Participation with Other Utilities: None The Caladium Solar Energy Center will require bifurcating the Av on-Waterway 230kV transmission line approximately 0.0 miles to connect a new Condor substation and connect the solar PV inv erter array. Florida Power & Light Company 399 (1) (2) (3) (4) (5) (8) (9) NEL Fuel Mix Generation by Primary Fuel Summer (MW) Summer (%) Winter (MW) Winter (%) GWh (2) % (1) Coal 215 0.6% 215 0.6% 479 0.3% (2) Nuclear 3,502 9.4% 3,588 9.4% 29,384 20.0% (3) Re",2026-09-26T16:50:05+00:00,2026-09-26T20:29:57+00:00,yes
c8a3095f925273f5b2d8,Florida Power & Light,Dove Substation,New transmission line,NA,NA,NA,NA,NA,none,e Solar Energy Center will require bifurcating the Doorfield,Av on,500,0,Desoto County; Collier County; Union County,NA,NA,2028,0,NA,e Solar Energy Center will require bifurcating the Doorfield; Av on; Desoto County; Collier County; Union County; Boardwalk Substation,FPL - Ten-Year Site Plan,https://www.fpl.com/content/dam/fplgp/us/en/about/pdf/ten-year-site-plan.pdf,Florida Power & Light Company 394 Page 80 of 84 Schedule 10 Status Report and Specifications of Proposed Transmission Lines Dove Solar Energy Center (Desoto County) (1) Point of Origin and Termination: Dove Substation (2) Number of Lines: 1 (3) Right-of-way FPL - Owned (4) Line Length: 0 miles (5) Voltage: 230 kV (6) Anticipated Construction Timing: Start date: 2028 End date: 2029 (7) Anticipated Capital Investment: Included in total installed cost on Schedule 9 (Trans. and Sub.) (8) Substations: Dove Substation (9) Participation with Other Utilities: None line approximately 0.0 miles to connect a new Dov e substation and connect the solar PV inv erter array. The Dov e Solar Energy Center will require bifurcating the Doorfield-Av on 230kV transmission Florida Power & Light Company 395 Page 81 of 84 Schedule 10 Status Report and Specifications of Proposed Transmission Lines Spoonbill Solar Energy Center (Collier County) (1) Point of Origin and Termination: Boardwalk Substation (2) Number of Lines: 1 (3) Right-of-way FPL - Owned (4) Line Length: 0.0 miles (5) Voltage: 500 kV (6) Anticipated Construction Timing: Start date: 2028 End date: 2029 (7) Anticipated Capital Investment: Included in total installed cost on Schedule 9 (Trans. and Sub.) (8) Substations: Boardwalk Substation (9) Participation with Other Utilities: None The Spoonbill Solar Energy Center will require extending the transmission bus at Boardwalk Substation line approximately 0.0 miles to connect the solar PV inv erter array. Florida Power & Light Company 396 Page 82 of 84 Schedule 10 Status Report and Specifications of Proposed Transmission Lines Limkin Solar Energy Center (Collier County) (1) Point of Origin and Termination: Boardwalk Substation (2) Number of Lines: 1 (3) Right-of-way FPL - Owned (4) Lin,2026-09-26T16:50:05+00:00,2026-09-26T20:29:57+00:00,yes
093cda4171647c8f461e,Florida Power & Light,Extend the existing 34.5 kV bus at Lily Substation,Transmission upgrade,NA,NA,NA,NA,NA,none,Extend the existing 34.5 kV bus at Lily,NA,0,0,Transmission Facilities for the Wild Lime Solar Energy Center in St. Lucie County; Wild Lime Solar Energy Center in St. Lucie County,NA,NA,2028,0,NA,Extend the existing 34.5 kV bus at Lily; Transmission Facilities for the Wild Lime Solar Energy Center in St. Lucie County; Wild Lime Solar Energy Center in St. Lucie County; Lily Substation; St. Lucie County,FPL - Ten-Year Site Plan,https://www.fpl.com/content/dam/fplgp/us/en/about/pdf/ten-year-site-plan.pdf,"Extend the existing 34.5 kV bus at Lily Substation to connect the BESS. Add relays and other protective equipment. Breaker replacements: None II. No additional transmission work is required. No upgrades are expected to be necessary at this time. Florida Power & Light Company 154 III.E.58 Transmission Facilities for the Wild Lime Solar Energy Center in St. Lucie County The work required to connect the approximate 74.5 MW (nameplate, AC) Wild Lime Solar Energy Center in St. Lucie County in the 3rd Quarter of 2028 is projected to be: I.",2026-09-26T16:50:05+00:00,2026-09-26T20:29:57+00:00,yes
5c1873ed9e6470519384,Florida Power & Light,Extend the existing 34.5 kV bus at Lily Substation,New transmission line,NA,NA,NA,NA,NA,none,adjacent to the new Puma,Keri,230,0,Transmission Facilities for the Waxweed Solar Energy Center in Hendry County; Waxweed Solar Energy Center in Hendry County,NA,NA,2028,0,NA,adjacent to the new Puma; Keri; Transmission Facilities for the Waxweed Solar Energy Center in Hendry County; Waxweed Solar Energy Center in Hendry County; Lily Substation; Hendry County; Waxweed,FPL - Ten-Year Site Plan,https://www.fpl.com/content/dam/fplgp/us/en/about/pdf/ten-year-site-plan.pdf,"Extend the existing 34.5 kV bus at Lily Substation to connect the BESS. Add relays and other protective equipment. Breaker replacements: None II. No additional transmission work is required. No upgrades are expected to be necessary at this time. Florida Power & Light Company 156 III.E.60 Transmission Facilities for the Waxweed Solar Energy Center in Hendry County The work required to connect the approximate 74.5 MW (nameplate, AC) Waxweed Solar Energy Center in Hendry County in the 3rd Quarter of 2028 is projected to be: I. Construct a new single bus, two (2) breaker 230 kV substation (Waxweed) on the project site, adjacent to the new Puma - Keri 230 kV line. Add one 230/34.5 kV main step-up transformer (85 MVA) with a 230 kV breaker to connect PV inverter array at Waxweed substation.",2026-09-26T16:50:05+00:00,2026-09-26T20:29:57+00:00,yes
cb9b0ef0e54e1ecda3de,Florida Power & Light,Extend the existing 34.5 kV bus at Notts Substation,New transmission line,NA,NA,NA,NA,NA,none,Extend the existing 34.5 kV bus at Notts,I. Extend 230 kV bus at Swamp,230,0,Transmission Facilities for the LaBelle Solar Energy Center in Hendry County; LaBelle Solar Energy Center in Hendry County,NA,NA,2028,0,NA,Extend the existing 34.5 kV bus at Notts; I. Extend 230 kV bus at Swamp; Transmission Facilities for the LaBelle Solar Energy Center in Hendry County; LaBelle Solar Energy Center in Hendry County; Notts Substation; Hendry County; Swamp,FPL - Ten-Year Site Plan,https://www.fpl.com/content/dam/fplgp/us/en/about/pdf/ten-year-site-plan.pdf,"Extend the existing 34.5 kV bus at Notts Substation to connect the BESS. Add relays and other protective equipment. Breaker replacements: None II. No additional transmission work is required. No upgrades are expected to be necessary at this time. Florida Power & Light Company 162 III.E.66 Transmission Facilities for the LaBelle Solar Energy Center in Hendry County The work required to connect the approximate 74.5 MW (nameplate, AC) LaBelle Solar Energy Center in Hendry County in the 3rd Quarter of 2028 is projected to be: I. Extend 230 kV bus at Swamp substation and interconnect the 230/34.5kV transformer through a 230kV breaker. Construct 34.5 kV bus to connect the PV array to Swamp 230 kV Substation.",2026-09-26T16:50:05+00:00,2026-09-26T20:29:57+00:00,yes
909236a098b80477d266,Florida Power & Light,Extend the existing 34.5 kV bus at Owen Substation,New transmission line,NA,NA,NA,NA,NA,none,Extend the existing 34.5 kV bus at Owen,I. Extend 230 kV bus at Notts,230,0,Transmission Facilities for the Shell Creek Solar Energy Center in DeSoto County; Shell Creek Solar Energy Center in DeSoto County,NA,NA,2028,0,NA,Extend the existing 34.5 kV bus at Owen; I. Extend 230 kV bus at Notts; Transmission Facilities for the Shell Creek Solar Energy Center in DeSoto County; Shell Creek Solar Energy Center in DeSoto County; Owen Substation; DeSoto County; Notts,FPL - Ten-Year Site Plan,https://www.fpl.com/content/dam/fplgp/us/en/about/pdf/ten-year-site-plan.pdf,"Extend the existing 34.5 kV bus at Owen Substation to connect the BESS. Add relays and other protective equipment. Breaker replacements: None II. No additional transmission work is required. No upgrades are expected to be necessary at this time. Florida Power & Light Company 160 III.E.64 Transmission Facilities for the Shell Creek Solar Energy Center in DeSoto County The work required to connect the approximate 74.5 MW (nameplate, AC) Shell Creek Solar Energy Center in DeSoto County in the 3rd Quarter of 2028 is projected to be: I. Extend 230 kV bus at Notts substation and interconnect the 230/34.5kV transformer through a 230kV breaker. Construct 34.5 kV bus to connect the PV array to Notts 230 kV Substation.",2026-09-26T16:50:05+00:00,2026-09-26T20:29:57+00:00,yes
27061d7aa25f8310170b,Florida Power & Light,Extend the existing 34.5 kV bus at Towhee Substation,New transmission line,NA,NA,NA,NA,NA,none,Extend the existing 34.5 kV bus at Towhee,I. Extend 230 kV bus at Towhee,230,0,Transmission Facilities for the Grapefruit Solar Energy Center in Hendry County; Grapefruit Solar Energy Center in Hendry County,NA,NA,2028,0,NA,Extend the existing 34.5 kV bus at Towhee; I. Extend 230 kV bus at Towhee; Transmission Facilities for the Grapefruit Solar Energy Center in Hendry County; Grapefruit Solar Energy Center in Hendry County; Towhee Substation; Hendry County; Towhee,FPL - Ten-Year Site Plan,https://www.fpl.com/content/dam/fplgp/us/en/about/pdf/ten-year-site-plan.pdf,"Extend the existing 34.5 kV bus at Towhee Substation to connect the BESS. Add relays and other protective equipment. Breaker replacements: None II. No additional transmission work is required. No upgrades are expected to be necessary at this time. Florida Power & Light Company 168 III.E.72 Transmission Facilities for the Grapefruit Solar Energy Center in Hendry County The work required to connect the approximate 74.5 MW (nameplate, AC) Grapefruit Solar Energy Center in Hendry County in the 3rd Quarter of 2028 is projected to be: I. Extend 230 kV bus at Towhee substation and interconnect the 230/34.5kV transformer through a 230kV breaker. Construct 34.5 kV bus to connect the PV array to Towhee 230 kV Substation.",2026-09-26T16:50:05+00:00,2026-09-26T20:29:57+00:00,yes
b0e9b6621e0ebbe3004e,Florida Power & Light,Extend the existing 34.5 kV bus at Waxweed Substation,New transmission line,NA,NA,NA,NA,NA,none,Extend the existing 34.5 kV bus at Waxweed,I. Extend 230 kV bus at Owen,230,0,Transmission Facilities for the Owen Branch Solar Energy Center in Manatee County; Owen Branch Solar Energy Center in Manatee County,NA,NA,2028,0,NA,Extend the existing 34.5 kV bus at Waxweed; I. Extend 230 kV bus at Owen; Transmission Facilities for the Owen Branch Solar Energy Center in Manatee County; Owen Branch Solar Energy Center in Manatee County; Waxweed Substation; Manatee County; Owen,FPL - Ten-Year Site Plan,https://www.fpl.com/content/dam/fplgp/us/en/about/pdf/ten-year-site-plan.pdf,"Extend the existing 34.5 kV bus at Waxweed Substation to connect the BESS. Add relays and other protective equipment. Breaker replacements: None II. No additional transmission work is required. No upgrades are expected to be necessary at this time. Florida Power & Light Company 158 III.E.62 Transmission Facilities for the Owen Branch Solar Energy Center in Manatee County The work required to connect the approximate 74.5 MW (nameplate, AC) Owen Branch Solar Energy Center in Manatee County in the 3rd Quarter of 2028 is projected to be: I. Extend 230 kV bus at Owen substation and interconnect the 230/34.5kV transformer through a 230kV breaker. Construct 34.5 kV bus to connect the PV array to Owen 230 kV Substation.",2026-09-26T16:50:05+00:00,2026-09-26T20:29:57+00:00,yes
a3f4708da4bffa2f530f,Florida Power & Light,Extend the existing 34.5 kV bus at Waxweed Substation,New transmission line,NA,NA,NA,NA,NA,none,adjacent to the new Puma,Keri,230,0,Transmission Facilities for the Mango Solar Energy Center in Hendry County; Mango Solar Energy Center in Hendry County,NA,NA,2028,0,NA,adjacent to the new Puma; Keri; Transmission Facilities for the Mango Solar Energy Center in Hendry County; Mango Solar Energy Center in Hendry County; Waxweed Substation; Hendry County; Towhee,FPL - Ten-Year Site Plan,https://www.fpl.com/content/dam/fplgp/us/en/about/pdf/ten-year-site-plan.pdf,"Extend the existing 34.5 kV bus at Waxweed Substation to connect the BESS. Add relays and other protective equipment. Breaker replacements: None II. No additional transmission work is required. No upgrades are expected to be necessary at this time. Florida Power & Light Company 166 III.E.70 Transmission Facilities for the Mango Solar Energy Center in Hendry County The work required to connect the approximate 74.5 MW (nameplate, AC) Mango Solar Energy Center in Hendry County in the 3rd Quarter of 2028 is projected to be: I. Construct a new single bus, two (2) breaker 230 kV substation (Towhee) on the project site, adjacent to the new Puma - Keri 230 kV line. Add one 230/34.5 kV main step-up transformer (85 MVA) with a 230 kV breaker to connect PV inverter array at Towhee substation.",2026-09-26T16:50:05+00:00,2026-09-26T20:29:57+00:00,yes
4a08cbadda7539c5535d,Florida Power & Light,FPL - Ten-Year Site Plan: Commercial In-service date: 2028 (5) Fuel a. Primary Fuel Not Applicable b. Alternate Fuel Not Applicable (6) Air,New transmission line,NA,NA,NA,NA,NA,none,NA,NA,0,0,Hendry County,NA,NA,2028,0,20 years,Hendry County,FPL - Ten-Year Site Plan,https://www.fpl.com/content/dam/fplgp/us/en/about/pdf/ten-year-site-plan.pdf,"Commercial In-service date: 2028 (5) Fuel a. Primary Fuel Not Applicable b. Alternate Fuel Not Applicable (6) Air Pollution and Control Strategy: Not Applicable (7) Cooling Method: Not Applicable (8) Total Site Area: 4 Acres (9) Construction Status: P (Planned Unit) (10) Certification Status: --- (11) Status with Federal Agencies: --- (12) Projected Unit Performance Data: Planned Outage Factor (POF): Not Applicable Forced Outage Factor (FOF): Not Applicable Equivalent Availability Factor (EAF): Not Applicable Round-Trip Efficiency: 88.00% (First Full Year Operation) Average Net Operating Heat Rate (ANOHR): Not Applicable Base Operation 75F,100% Average Net Incremental Heat Rate (ANIHR): Not Applicable Peak Operation 75F,100% (13) Projected Unit Financial Data * Book Life (Years): 20 years Total Installed Cost (2028 $/kW): TBD Direct Construction Cost ($/kW): TBD AFUDC Amount (2028 $/kW): TBD Escalation ($/kW): TBD Fixed O&M ($/kW-Yr.): (2028 $) TBD (First Full Year Operation) Variable O&M ($/MWH): (2028 $) TBD K Factor: TBD * $/kW values are based on nameplate capacity. Note: Total installed cost includes transmission interconnection and AFUDC. 1/ The value shown represents FPL’s current projection of the firm capacity of this battery storage after the net load of the system and other battery storage being discharged. Because battery storage ""flattens"" the peak period, the firm capacity value of storage decreases as more battery storage is added to the system. 2/ FPL will continue to analyze the projected impacts of increasing amounts of battery storage in its on-going resource planning work. Florida Power & Light Company 282 Page 68 of 100 Schedule 9 Schedule 9 Status Report and Specifications of Proposed Generating Facilities Status Report and Specifications of Propos",2026-09-26T16:50:05+00:00,2026-09-26T20:29:57+00:00,yes
857f84a5365db70f2cce,Florida Power & Light,FPL - Ten-Year Site Plan: Commercial In-service date: 2028 (5) Fuel a. Primary Fuel Solar b. Alternate Fuel Not Applicable (6) Air Pollution,New transmission line,NA,NA,NA,NA,NA,none,NA,NA,0,0,Collier County,NA,NA,2028,0,35 years,Collier County,FPL - Ten-Year Site Plan,https://www.fpl.com/content/dam/fplgp/us/en/about/pdf/ten-year-site-plan.pdf,"Commercial In-service date: 2028 (5) Fuel a. Primary Fuel Solar b. Alternate Fuel Not Applicable (6) Air Pollution and Control Strategy: Not Applicable (7) Cooling Method: Not Applicable (8) Total Site Area: 818 Acres (9) Construction Status: P (Planned Unit) (10) Certification Status: --- (11) Status with Federal Agencies: --- (12) Projected Unit Performance Data: Planned Outage Factor (POF): Not Applicable Forced Outage Factor (FOF): Not Applicable Equivalent Availability Factor (EAF): Not Applicable Resulting Capacity Factor (%): 28.18% (First Full Year Operation) Average Net Operating Heat Rate (ANOHR): Not Applicable Base Operation 75F,100% Average Net Incremental Heat Rate (ANIHR): Not Applicable Peak Operation 75F,100% (13) Projected Unit Financial Data * Book Life (Years): 35 years Total Installed Cost (2028 $/kW): TBD Direct Construction Cost ($/kW): TBD AFUDC Amount (2028 $/kW): TBD Escalation ($/kW): TBD Fixed O&M ($/kW-Yr.): (2028 $) TBD (First Full Year Operation) Variable O&M ($/MWH): (2028 $) TBD K Factor: TBD * $/kW values are based on nameplate capacity. Note: Total installed cost includes transmission interconnection and AFUDC. 1/ The value shown represents FPL’s current projection of the firm capacity of this battery storage after the net load of the system and other battery storage being discharged. Because battery storage ""flattens"" the peak period, the firm capacity value of storage decreases as more battery storage is added to the system. 2/ FPL will continue to analyze the projected impacts of increasing amounts of battery storage in its on-going resource planning work. Florida Power & Light Company 261 Page 47 of 100 Schedule 9 Schedule 9 Status Report and Specifications of Proposed Generating Facilities Status Report and Specifications of Propo",2026-09-26T16:50:05+00:00,2026-09-26T20:29:57+00:00,yes
493f734199234ae5e38e,Florida Power & Light,I. Extend 230 kV bus at Finance substation,New transmission line,NA,NA,NA,NA,NA,none,I. Extend 230 kV bus at Finance,kV bus to connect the PV array to Finance 230 kV,230,0,Transmission Facilities for the Beachland Solar Energy Center in Indian River County; Beachland Solar Energy Center in Indian River County; Transmission Facilities for the Wabasso Solar Energy Center in Indian River County; Wabasso Solar Energy Center in Indian River County,NA,NA,2028,0,NA,I. Extend 230 kV bus at Finance; kV bus to connect the PV array to Finance 230 kV; Transmission Facilities for the Beachland Solar Energy Center in Indian River County; Beachland Solar Energy Center in Indian River County; Transmission Facilities for the Wabasso Solar Energy Center in Indian River County; Wabasso Solar Energy Center in Indian River County; Indian River County; Finance,FPL - Ten-Year Site Plan,https://www.fpl.com/content/dam/fplgp/us/en/about/pdf/ten-year-site-plan.pdf,"No additional upgrades are expected to be necessary at this time. Florida Power & Light Company 145 III.E.49 Transmission Facilities for the Beachland Solar Energy Center in Indian River County The work required to connect the approximate 74.5 MW (nameplate, AC) Beachland Solar Energy Center in Indian River County in the 1st Quarter of 2028 is projected to be: I. Extend 230 kV bus at Finance substation and interconnect the 230/34.5kV transformer through a 230kV breaker. Construct 34.5 kV bus to connect the PV array to Finance 230 kV Substation. Add relays and other protective equipment. Breaker replacements: None II. No additional upgrades are expected to be necessary at this time. Florida Power & Light Company 146 III.E.50 Transmission Facilities for the Wabasso Solar Energy Center in Indian River County The work required to connect the approximate 74.5 MW (nameplate, AC) Wabasso Solar Energy Center in Indian River County in the 1st Quarter of 2028 is projected to be: I.",2026-09-26T16:50:05+00:00,2026-09-26T20:29:57+00:00,yes
675397922619b17d6175,Florida Power & Light,I. Extend 230 kV bus at Finca substation,New transmission line,NA,NA,NA,NA,NA,none,I. Extend 230 kV bus at Finca,to a new Finance,230,4.5,Transmission Facilities for the Wabasso Solar Energy Center in Indian River County; Wabasso Solar Energy Center in Indian River County,NA,NA,2028,0,NA,I. Extend 230 kV bus at Finca; to a new Finance; Transmission Facilities for the Wabasso Solar Energy Center in Indian River County; Wabasso Solar Energy Center in Indian River County; Indian River County; Finca; Finance,FPL - Ten-Year Site Plan,https://www.fpl.com/content/dam/fplgp/us/en/about/pdf/ten-year-site-plan.pdf,"Breaker replacements: None II. No additional upgrades are expected to be necessary at this time. Florida Power & Light Company 146 III.E.50 Transmission Facilities for the Wabasso Solar Energy Center in Indian River County The work required to connect the approximate 74.5 MW (nameplate, AC) Wabasso Solar Energy Center in Indian River County in the 1st Quarter of 2028 is projected to be: I. Extend 230 kV bus at Finca substation to a new Finance substation and interconnect the 230/34.5kV transformer through a 230kV breaker. Construct 34.5 kV bus to connect the PV array to Finance 230 kV Substation. Add relays and other protective equipment. Breaker replacements: None II. Construct approximately 4.5 miles string bus from Finca 230 kV to Finance substation.",2026-09-26T16:50:05+00:00,2026-09-26T20:29:57+00:00,yes
955a8a79b14d56f511c6,Florida Power & Light,I. Extend 230 kV bus at Goodwin substation,New transmission line,NA,NA,NA,NA,NA,none,I. Extend 230 kV bus at Goodwin,kV bus to connect the PV array to Goodwin 230 kV,230,0,Transmission Facilities for the Cardinal Solar Energy Center in Brevard County; Cardinal Solar Energy Center in Brevard County,NA,NA,2028,0,NA,I. Extend 230 kV bus at Goodwin; kV bus to connect the PV array to Goodwin 230 kV; Transmission Facilities for the Cardinal Solar Energy Center in Brevard County; Cardinal Solar Energy Center in Brevard County; Brevard County; Goodwin,FPL - Ten-Year Site Plan,https://www.fpl.com/content/dam/fplgp/us/en/about/pdf/ten-year-site-plan.pdf,"Breaker replacements: None II. No additional transmission work is required. No upgrades are expected to be necessary at this time. Florida Power & Light Company 163 III.E.67 Transmission Facilities for the Cardinal Solar Energy Center in Brevard County The work required to connect the approximate 74.5 MW (nameplate, AC) Cardinal Solar Energy Center in Brevard County in the 3rd Quarter of 2028 is projected to be: I. Extend 230 kV bus at Goodwin substation and interconnect the 230/34.5kV transformer through a 230kV breaker. Construct 34.5 kV bus to connect the PV array to Goodwin 230 kV Substation. Add relays and other protective equipment. Breaker replacements: None II.",2026-09-26T16:50:05+00:00,2026-09-26T20:29:57+00:00,yes
cf1e31aadc7e96315692,Florida Power & Light,I. Extend 230 kV bus at Lily substation,New transmission line,NA,NA,NA,NA,NA,none,I. Extend 230 kV bus at Lily,Construct 34.5 kV bus to connect the PV array to Lily 230 kV,230,0,Transmission Facilities for the Wild Lime Solar Energy Center in St. Lucie County; Wild Lime Solar Energy Center in St. Lucie County,NA,NA,2028,0,NA,I. Extend 230 kV bus at Lily; Construct 34.5 kV bus to connect the PV array to Lily 230 kV; Transmission Facilities for the Wild Lime Solar Energy Center in St. Lucie County; Wild Lime Solar Energy Center in St. Lucie County; St. Lucie County; Lily,FPL - Ten-Year Site Plan,https://www.fpl.com/content/dam/fplgp/us/en/about/pdf/ten-year-site-plan.pdf,"Breaker replacements: None II. No additional transmission work is required. No upgrades are expected to be necessary at this time. Florida Power & Light Company 154 III.E.58 Transmission Facilities for the Wild Lime Solar Energy Center in St. Lucie County The work required to connect the approximate 74.5 MW (nameplate, AC) Wild Lime Solar Energy Center in St. Lucie County in the 3rd Quarter of 2028 is projected to be: I. Extend 230 kV bus at Lily substation and interconnect the 230/34.5kV transformer through a 230kV breaker. Construct 34.5 kV bus to connect the PV array to Lily 230 kV Substation.",2026-09-26T16:50:05+00:00,2026-09-26T20:29:57+00:00,yes
747df2f0bf5725ba4ad6,Florida Power & Light,I. Extend 230 kV bus at Notts substation,New transmission line,NA,NA,NA,NA,NA,none,I. Extend 230 kV bus at Notts,Construct 34.5 kV bus to connect the PV array to Notts 230 kV,230,0,Transmission Facilities for the Shell Creek Solar Energy Center in DeSoto County; Shell Creek Solar Energy Center in DeSoto County,NA,NA,2028,0,NA,I. Extend 230 kV bus at Notts; Construct 34.5 kV bus to connect the PV array to Notts 230 kV; Transmission Facilities for the Shell Creek Solar Energy Center in DeSoto County; Shell Creek Solar Energy Center in DeSoto County; DeSoto County; Notts,FPL - Ten-Year Site Plan,https://www.fpl.com/content/dam/fplgp/us/en/about/pdf/ten-year-site-plan.pdf,"Breaker replacements: None II. No additional transmission work is required. No upgrades are expected to be necessary at this time. Florida Power & Light Company 160 III.E.64 Transmission Facilities for the Shell Creek Solar Energy Center in DeSoto County The work required to connect the approximate 74.5 MW (nameplate, AC) Shell Creek Solar Energy Center in DeSoto County in the 3rd Quarter of 2028 is projected to be: I. Extend 230 kV bus at Notts substation and interconnect the 230/34.5kV transformer through a 230kV breaker. Construct 34.5 kV bus to connect the PV array to Notts 230 kV Substation. Add relays and other protective equipment. Breaker replacements: None II.",2026-09-26T16:50:05+00:00,2026-09-26T20:29:57+00:00,yes
3918071c9c3d339cefd7,Florida Power & Light,I. Extend 230 kV bus at Owen substation,New transmission line,NA,NA,NA,NA,NA,none,I. Extend 230 kV bus at Owen,Construct 34.5 kV bus to connect the PV array to Owen 230 kV,230,0,Transmission Facilities for the Owen Branch Solar Energy Center in Manatee County; Owen Branch Solar Energy Center in Manatee County,NA,NA,2028,0,NA,I. Extend 230 kV bus at Owen; Construct 34.5 kV bus to connect the PV array to Owen 230 kV; Transmission Facilities for the Owen Branch Solar Energy Center in Manatee County; Owen Branch Solar Energy Center in Manatee County; Manatee County; Owen,FPL - Ten-Year Site Plan,https://www.fpl.com/content/dam/fplgp/us/en/about/pdf/ten-year-site-plan.pdf,"Breaker replacements: None II. No additional transmission work is required. No upgrades are expected to be necessary at this time. Florida Power & Light Company 158 III.E.62 Transmission Facilities for the Owen Branch Solar Energy Center in Manatee County The work required to connect the approximate 74.5 MW (nameplate, AC) Owen Branch Solar Energy Center in Manatee County in the 3rd Quarter of 2028 is projected to be: I. Extend 230 kV bus at Owen substation and interconnect the 230/34.5kV transformer through a 230kV breaker. Construct 34.5 kV bus to connect the PV array to Owen 230 kV Substation. Add relays and other protective equipment. Breaker replacements: None II.",2026-09-26T16:50:05+00:00,2026-09-26T20:29:57+00:00,yes
1982483b29bf9db8b9d3,Florida Power & Light,I. Extend 230 kV bus at Stallion substation,New transmission line,NA,NA,NA,NA,NA,none,I. Extend 230 kV bus at Stallion,kV bus to connect the PV array to Stallion 230 kV,230,0,Transmission Facilities for the Sand Gully Solar Energy Center in DeSoto County; Sand Gully Solar Energy Center in DeSoto County,NA,NA,2028,0,NA,I. Extend 230 kV bus at Stallion; kV bus to connect the PV array to Stallion 230 kV; Transmission Facilities for the Sand Gully Solar Energy Center in DeSoto County; Sand Gully Solar Energy Center in DeSoto County; DeSoto County; Stallion,FPL - Ten-Year Site Plan,https://www.fpl.com/content/dam/fplgp/us/en/about/pdf/ten-year-site-plan.pdf,"Add relays and other protective equipment. Breaker replacements: None II. No additional upgrades are expected to be necessary at this time. Florida Power & Light Company 151 III.E.55 Transmission Facilities for the Sand Gully Solar Energy Center in DeSoto County The work required to connect the approximate 74.5 MW (nameplate, AC) Sand Gully Solar Energy Center in DeSoto County in the 1st Quarter of 2028 is projected to be: I. Extend 230 kV bus at Stallion substation and interconnect the 230/34.5kV transformer through a 230kV breaker. Construct 34.5 kV bus to connect the PV array to Stallion 230 kV Substation. Add relays and other protective equipment. Breaker replacements: None II.",2026-09-26T16:50:05+00:00,2026-09-26T20:29:57+00:00,yes
04a0afad662ddaf34ee4,Florida Power & Light,I. Extend 230 kV bus at Swamp substation,New transmission line,NA,NA,NA,NA,NA,none,I. Extend 230 kV bus at Swamp,Construct 34.5 kV bus to connect the PV array to Swamp 230 kV,230,0,Transmission Facilities for the LaBelle Solar Energy Center in Hendry County; LaBelle Solar Energy Center in Hendry County,NA,NA,2028,0,NA,I. Extend 230 kV bus at Swamp; Construct 34.5 kV bus to connect the PV array to Swamp 230 kV; Transmission Facilities for the LaBelle Solar Energy Center in Hendry County; LaBelle Solar Energy Center in Hendry County; Hendry County; Swamp,FPL - Ten-Year Site Plan,https://www.fpl.com/content/dam/fplgp/us/en/about/pdf/ten-year-site-plan.pdf,"Breaker replacements: None II. No additional transmission work is required. No upgrades are expected to be necessary at this time. Florida Power & Light Company 162 III.E.66 Transmission Facilities for the LaBelle Solar Energy Center in Hendry County The work required to connect the approximate 74.5 MW (nameplate, AC) LaBelle Solar Energy Center in Hendry County in the 3rd Quarter of 2028 is projected to be: I. Extend 230 kV bus at Swamp substation and interconnect the 230/34.5kV transformer through a 230kV breaker. Construct 34.5 kV bus to connect the PV array to Swamp 230 kV Substation. Add relays and other protective equipment. Breaker replacements: None II.",2026-09-26T16:50:05+00:00,2026-09-26T20:29:57+00:00,yes
d97eb972952de05873a0,Florida Power & Light,I. Extend 230 kV bus at Towhee substation,New transmission line,NA,NA,NA,NA,NA,none,I. Extend 230 kV bus at Towhee,kV bus to connect the PV array to Towhee 230 kV,230,0,Transmission Facilities for the Grapefruit Solar Energy Center in Hendry County; Grapefruit Solar Energy Center in Hendry County,NA,NA,2028,0,NA,I. Extend 230 kV bus at Towhee; kV bus to connect the PV array to Towhee 230 kV; Transmission Facilities for the Grapefruit Solar Energy Center in Hendry County; Grapefruit Solar Energy Center in Hendry County; Hendry County; Towhee,FPL - Ten-Year Site Plan,https://www.fpl.com/content/dam/fplgp/us/en/about/pdf/ten-year-site-plan.pdf,"Breaker replacements: None II. No additional transmission work is required. No upgrades are expected to be necessary at this time. Florida Power & Light Company 168 III.E.72 Transmission Facilities for the Grapefruit Solar Energy Center in Hendry County The work required to connect the approximate 74.5 MW (nameplate, AC) Grapefruit Solar Energy Center in Hendry County in the 3rd Quarter of 2028 is projected to be: I. Extend 230 kV bus at Towhee substation and interconnect the 230/34.5kV transformer through a 230kV breaker. Construct 34.5 kV bus to connect the PV array to Towhee 230 kV Substation. Add relays and other protective equipment. Breaker replacements: None II.",2026-09-26T16:50:05+00:00,2026-09-26T20:29:57+00:00,yes
d95d2287bb1c2eec6757,Florida Power & Light,I. Extend 230 kV bus at Waxweed substation,New transmission line,NA,NA,NA,NA,NA,none,I. Extend 230 kV bus at Waxweed,kV bus to connect the PV array to Waxweed 230 kV,230,0,Transmission Facilities for the Redroot Solar Energy Center in Hendry County; Redroot Solar Energy Center in Hendry County,NA,NA,2028,0,NA,I. Extend 230 kV bus at Waxweed; kV bus to connect the PV array to Waxweed 230 kV; Transmission Facilities for the Redroot Solar Energy Center in Hendry County; Redroot Solar Energy Center in Hendry County; Hendry County; Waxweed,FPL - Ten-Year Site Plan,https://www.fpl.com/content/dam/fplgp/us/en/about/pdf/ten-year-site-plan.pdf,"Breaker replacements: None II. No additional transmission work is required. No upgrades are expected to be necessary at this time. Florida Power & Light Company 164 III.E.68 Transmission Facilities for the Redroot Solar Energy Center in Hendry County The work required to connect the approximate 74.5 MW (nameplate, AC) Redroot Solar Energy Center in Hendry County in the 3rd Quarter of 2028 is projected to be: I. Extend 230 kV bus at Waxweed substation and interconnect the 230/34.5kV transformer through a 230kV breaker. Construct 34.5 kV bus to connect the PV array to Waxweed 230 kV Substation. Add relays and other protective equipment. Breaker replacements: None II.",2026-09-26T16:50:05+00:00,2026-09-26T20:29:57+00:00,yes
16eea1f96441dc768a09,Florida Power & Light,I. Extend 230 kV bus at Witt substation,New transmission line,NA,NA,NA,NA,NA,none,I. Extend 230 kV bus at Witt,to a new Apricot,230,0,Transmission Facilities for the Spanish Moss Solar Energy Center in St. Lucie County; Spanish Moss Solar Energy Center in St. Lucie County,NA,NA,2028,0,NA,I. Extend 230 kV bus at Witt; to a new Apricot; Transmission Facilities for the Spanish Moss Solar Energy Center in St. Lucie County; Spanish Moss Solar Energy Center in St. Lucie County; St. Lucie County; Witt; Apricot,FPL - Ten-Year Site Plan,https://www.fpl.com/content/dam/fplgp/us/en/about/pdf/ten-year-site-plan.pdf,"Add relays and other protective equipment. Breaker replacements: None II.Transmission: 1. No additional upgrades are expected to be necessary at this time. Florida Power & Light Company 119 III.E.23 Transmission Facilities for the Spanish Moss Solar Energy Center in St. Lucie County The work required to connect the approximate 74.5 MW (nameplate, AC) Spanish Moss Solar Energy Center in St. Lucie County in the 1st Quarter of 2028 is projected to be: I. Extend 230 kV bus at Witt substation to a new Apricot substation and interconnect the 230/34.5kV transformer through a 230kV breaker. Construct 34.5 kV bus to connect the PV array to Apricot 230 kV Substation.",2026-09-26T16:50:05+00:00,2026-09-26T20:29:57+00:00,yes
f94fc9e44baad2df27e6,Florida Power & Light,I. Extend 500 kV bus at Boardwalk substation,New transmission line,NA,NA,NA,NA,NA,none,I. Extend 500 kV bus at Boardwalk,kV bus to connect the PV array to Boardwalk 500 kV,500,0,Transmission Facilities for the Treefrog Solar Energy Center in Collier County; Treefrog Solar Energy Center in Collier County,NA,NA,2028,0,NA,I. Extend 500 kV bus at Boardwalk; kV bus to connect the PV array to Boardwalk 500 kV; Transmission Facilities for the Treefrog Solar Energy Center in Collier County; Treefrog Solar Energy Center in Collier County; Collier County; Boardwalk,FPL - Ten-Year Site Plan,https://www.fpl.com/content/dam/fplgp/us/en/about/pdf/ten-year-site-plan.pdf,"Add relays and other protective equipment. Breaker replacements: None II. No additional upgrades are expected to be necessary at this time. Florida Power & Light Company 148 III.E.52 Transmission Facilities for the Treefrog Solar Energy Center in Collier County The work required to connect the approximate 74.5 MW (nameplate, AC) Treefrog Solar Energy Center in Collier County in the 1st Quarter of 2028 is projected to be: I. Extend 500 kV bus at Boardwalk substation and interconnect the 500/34.5kV transformer through a 500kV breaker. Construct 34.5 kV bus to connect the PV array to Boardwalk 500 kV Substation. Add relays and other protective equipment. Breaker replacements: None II.",2026-09-26T16:50:05+00:00,2026-09-26T20:29:57+00:00,yes
f538cc0c0ef53c50834b,Florida Power & Light,I. Extend the existing 34.5 kV bus at Lily Substation,Transmission upgrade,NA,"30.600729, -87.338474","3 QUARTERS RD, CANTONMENT, FL, 32533",address_geocode,U.S. Census Geocoder,medium,I. Extend the existing 34.5 kV bus at Lily,NA,0,0,Transmission Facilities for the Wild Lime Battery Energy Storage System Center in St. Lucie County; Wild Lime Battery Energy Storage System Center in St. Lucie County,NA,NA,2028,0,NA,I. Extend the existing 34.5 kV bus at Lily; Transmission Facilities for the Wild Lime Battery Energy Storage System Center in St. Lucie County; Wild Lime Battery Energy Storage System Center in St. Lucie County; St. Lucie County; Lily Substation,FPL - Ten-Year Site Plan,https://www.fpl.com/content/dam/fplgp/us/en/about/pdf/ten-year-site-plan.pdf,"Breaker replacements: None II. No additional transmission work is required. No upgrades are expected to be necessary at this time. Florida Power & Light Company 155 III.E.59 Transmission Facilities for the Wild Lime Battery Energy Storage System Center in St. Lucie County The work required to connect the approximate 74.5 MW (nameplate, AC) Wild Lime Battery Energy Storage System Center in St. Lucie County in the 3 rd Quarter of 2028 is projected to be: I. Extend the existing 34.5 kV bus at Lily Substation to connect the BESS. Add relays and other protective equipment.",2026-09-26T16:50:05+00:00,2026-09-26T20:29:57+00:00,yes
ab1304e185f899f48c40,Florida Power & Light,I. Extend the existing 34.5 kV bus at Notts Substation,Transmission upgrade,NA,"30.600729, -87.338474","3 QUARTERS RD, CANTONMENT, FL, 32533",address_geocode,U.S. Census Geocoder,medium,I. Extend the existing 34.5 kV bus at Notts,NA,0,0,Transmission Facilities for the Shell Creek Battery Energy Storage System Center in DeSoto County; Shell Creek Battery Energy Storage System Center in DeSoto County,NA,NA,2028,0,NA,I. Extend the existing 34.5 kV bus at Notts; Transmission Facilities for the Shell Creek Battery Energy Storage System Center in DeSoto County; Shell Creek Battery Energy Storage System Center in DeSoto County; DeSoto County; Notts Substation,FPL - Ten-Year Site Plan,https://www.fpl.com/content/dam/fplgp/us/en/about/pdf/ten-year-site-plan.pdf,"Breaker replacements: None II. No additional transmission work is required. No upgrades are expected to be necessary at this time. Florida Power & Light Company 161 III.E.65 Transmission Facilities for the Shell Creek Battery Energy Storage System Center in DeSoto County The work required to connect the approximate 74.5 MW (nameplate, AC) Shell Creek Battery Energy Storage System Center in DeSoto County in the 3 rd Quarter of 2028 is projected to be: I. Extend the existing 34.5 kV bus at Notts Substation to connect the BESS. Add relays and other protective equipment. Breaker replacements: None II. No additional transmission work is required.",2026-09-26T16:50:05+00:00,2026-09-26T20:29:57+00:00,yes
438eabefbb74aed6349a,Florida Power & Light,I. Extend the existing 34.5 kV bus at Owen Substation,Transmission upgrade,NA,"30.600729, -87.338474","3 QUARTERS RD, CANTONMENT, FL, 32533",address_geocode,U.S. Census Geocoder,medium,I. Extend the existing 34.5 kV bus at Owen,NA,0,0,Transmission Facilities for the Owen Branch Battery Energy Storage System Center in Manatee County; Owen Branch Battery Energy Storage System Center in Manatee County,NA,NA,2028,0,NA,I. Extend the existing 34.5 kV bus at Owen; Transmission Facilities for the Owen Branch Battery Energy Storage System Center in Manatee County; Owen Branch Battery Energy Storage System Center in Manatee County; Manatee County; Owen Substation,FPL - Ten-Year Site Plan,https://www.fpl.com/content/dam/fplgp/us/en/about/pdf/ten-year-site-plan.pdf,"Breaker replacements: None II. No additional transmission work is required. No upgrades are expected to be necessary at this time. Florida Power & Light Company 159 III.E.63 Transmission Facilities for the Owen Branch Battery Energy Storage System Center in Manatee County The work required to connect the approximate 74.5 MW (nameplate, AC) Owen Branch Battery Energy Storage System Center in Manatee County in the 3 rd Quarter of 2028 is projected to be: I. Extend the existing 34.5 kV bus at Owen Substation to connect the BESS. Add relays and other protective equipment. Breaker replacements: None II. No additional transmission work is required.",2026-09-26T16:50:05+00:00,2026-09-26T20:29:57+00:00,yes
88d86dc3544b24763b39,Florida Power & Light,I. Extend the existing 34.5 kV bus at Towhee Substation,Transmission upgrade,NA,"30.600729, -87.338474","3 QUARTERS RD, CANTONMENT, FL, 32533",address_geocode,U.S. Census Geocoder,medium,I. Extend the existing 34.5 kV bus at Towhee,NA,0,0,Transmission Facilities for the Grapefruit Battery Energy Storage System Center in Hendry County; Grapefruit Battery Energy Storage System Center in Hendry County,NA,NA,2028,0,NA,I. Extend the existing 34.5 kV bus at Towhee; Transmission Facilities for the Grapefruit Battery Energy Storage System Center in Hendry County; Grapefruit Battery Energy Storage System Center in Hendry County; Hendry County; Towhee Substation,FPL - Ten-Year Site Plan,https://www.fpl.com/content/dam/fplgp/us/en/about/pdf/ten-year-site-plan.pdf,"Breaker replacements: None II. No additional transmission work is required. No upgrades are expected to be necessary at this time. Florida Power & Light Company 169 III.E.73 Transmission Facilities for the Grapefruit Battery Energy Storage System Center in Hendry County The work required to connect the approximate 74.5 MW (nameplate, AC) Grapefruit Battery Energy Storage System Center in Hendry County in the 3 rd Quarter of 2028 is projected to be: I. Extend the existing 34.5 kV bus at Towhee Substation to connect the BESS. Add relays and other protective equipment. Breaker replacements: None II. No additional transmission work is required.",2026-09-26T16:50:05+00:00,2026-09-26T20:29:57+00:00,yes
6a6e305635b2b53f118b,Florida Power & Light,I. Extend the existing 34.5 kV bus at Waxweed Substation,Transmission upgrade,NA,NA,NA,NA,NA,none,I. Extend the existing 34.5 kV bus at Waxweed,NA,0,0,Transmission Facilities for the Redroot Battery Energy Storage System Center in Hendry County; Redroot Battery Energy Storage System Center in Hendry County,NA,NA,2028,0,NA,I. Extend the existing 34.5 kV bus at Waxweed; Transmission Facilities for the Redroot Battery Energy Storage System Center in Hendry County; Redroot Battery Energy Storage System Center in Hendry County; Hendry County; Waxweed Substation,FPL - Ten-Year Site Plan,https://www.fpl.com/content/dam/fplgp/us/en/about/pdf/ten-year-site-plan.pdf,"Breaker replacements: None II. No additional transmission work is required. No upgrades are expected to be necessary at this time. Florida Power & Light Company 165 III.E.69 Transmission Facilities for the Redroot Battery Energy Storage System Center in Hendry County The work required to connect the approximate 74.5 MW (nameplate, AC) Redroot Battery Energy Storage System Center in Hendry County in the 3rd Quarter of 2028 is projected to be: I. Extend the existing 34.5 kV bus at Waxweed Substation to connect the BESS. Add relays and other protective equipment. Breaker replacements: None II. No additional transmission work is required.",2026-09-26T16:50:05+00:00,2026-09-26T20:29:57+00:00,yes
f5bac01577fdc7ac2ceb,Florida Power & Light,Loop the adjacent new Puma - Keri 230 kV into Towhee substation,New transmission line,NA,NA,NA,NA,NA,none,Loop the adjacent new Puma,Keri,230,0,Transmission Facilities for the Mango Battery Energy Storage System Center in Hendry County; Mango Battery Energy Storage System Center in Hendry County,NA,NA,2028,0,NA,Loop the adjacent new Puma; Keri; Transmission Facilities for the Mango Battery Energy Storage System Center in Hendry County; Mango Battery Energy Storage System Center in Hendry County; Hendry County; Towhee Substation,FPL - Ten-Year Site Plan,https://www.fpl.com/content/dam/fplgp/us/en/about/pdf/ten-year-site-plan.pdf,"Loop the adjacent new Puma - Keri 230 kV into Towhee substation. No additional upgrades are expected to be necessary at this time. Florida Power & Light Company 167 III.E.71 Transmission Facilities for the Mango Battery Energy Storage System Center in Hendry County The work required to connect the approximate 74.5 MW (nameplate, AC) Mango Battery Energy Storage System Center in Hendry County in the 3rd Quarter of 2028 is projected to be: I. Extend the existing 34.5 kV bus at Towhee Substation to connect the BESS. Add relays and other protective equipment. Breaker replacements: None II. No additional transmission work is required. No upgrades are expected to be necessary at this time.",2026-09-26T16:50:05+00:00,2026-09-26T20:29:57+00:00,yes
c04f48aaa07db2c906ca,Florida Power & Light,Loop the adjacent new Puma - Keri 230 kV into Waxweed substation,New transmission line,NA,"30.600729, -87.338474","3 QUARTERS RD, CANTONMENT, FL, 32533",address_geocode,U.S. Census Geocoder,medium,Loop the adjacent new Puma,Keri,230,0,Transmission Facilities for the Waxweed Battery Energy Storage System Center in Hendry County; Waxweed Battery Energy Storage System Center in Hendry County,NA,NA,2028,0,NA,Loop the adjacent new Puma; Keri; Transmission Facilities for the Waxweed Battery Energy Storage System Center in Hendry County; Waxweed Battery Energy Storage System Center in Hendry County; Hendry County; Waxweed Substation,FPL - Ten-Year Site Plan,https://www.fpl.com/content/dam/fplgp/us/en/about/pdf/ten-year-site-plan.pdf,"Loop the adjacent new Puma - Keri 230 kV into Waxweed substation. No additional upgrades are expected to be necessary at this time. Florida Power & Light Company 157 III.E.61 Transmission Facilities for the Waxweed Battery Energy Storage System Center in Hendry County The work required to connect the approximate 74.5 MW (nameplate, AC) Waxweed Battery Energy Storage System Center in Hendry County in the 3 rd Quarter of 2028 is projected to be: I. Extend the existing 34.5 kV bus at Waxweed Substation to connect the BESS. Add relays and other protective equipment. Breaker replacements: None II. No additional transmission work is required. No upgrades are expected to be necessary at this time.",2026-09-26T16:50:05+00:00,2026-09-26T20:29:57+00:00,yes
dc944624dcec3c23a55d,Florida Power & Light,Loop the adjacent new Sunbreak - Heritage 230 kV into Waveland substation,New transmission line,NA,NA,NA,NA,NA,none,Loop the adjacent new Sunbreak,Heritage,230,0,Transmission Facilities for the Inlet Solar Energy Center in Indian River County; Inlet Solar Energy Center in Indian River County,NA,NA,2028,0,NA,Loop the adjacent new Sunbreak; Heritage; Transmission Facilities for the Inlet Solar Energy Center in Indian River County; Inlet Solar Energy Center in Indian River County; Indian River County; Inlet; Lumia,FPL - Ten-Year Site Plan,https://www.fpl.com/content/dam/fplgp/us/en/about/pdf/ten-year-site-plan.pdf,"Loop the adjacent new Sunbreak - Heritage 230 kV into Waveland substation. No additional upgrades are expected to be necessary at this time. Florida Power & Light Company 144 III.E.48 Transmission Facilities for the Inlet Solar Energy Center in Indian River County The work required to connect the approximate 74.5 MW (nameplate, AC) Inlet Solar Energy Center in Indian River County in the 1st Quarter of 2028 is projected to be: I. Construct a new single bus, two (2) breaker 230 kV substation (Lumia) on the project site, adjacent to the new Waveland - Heritage 230 kV line. Add one 230/34.5 kV main step-up transformer (85 MVA) with a 230 kV breaker to connect PV inverter array at Inlet substation. Construct 34.5 kV bus to connect the PV array to Lumia 230 kV substation. Add relays and other protective equipment. Breaker replacements: None II.",2026-09-26T16:50:05+00:00,2026-09-26T20:29:57+00:00,yes
1f2a3f66faee30652d55,Florida Power & Light,Loop the adjacent new Waveland - Heritage 230 kV into Lumia substation,New transmission line,NA,NA,NA,NA,NA,none,Loop the adjacent new Waveland,Heritage,230,0,Transmission Facilities for the Beachland Solar Energy Center in Indian River County; Beachland Solar Energy Center in Indian River County,NA,NA,2028,0,NA,Loop the adjacent new Waveland; Heritage; Transmission Facilities for the Beachland Solar Energy Center in Indian River County; Beachland Solar Energy Center in Indian River County; Indian River County; Finance,FPL - Ten-Year Site Plan,https://www.fpl.com/content/dam/fplgp/us/en/about/pdf/ten-year-site-plan.pdf,"Loop the adjacent new Waveland - Heritage 230 kV into Lumia substation. No additional upgrades are expected to be necessary at this time. Florida Power & Light Company 145 III.E.49 Transmission Facilities for the Beachland Solar Energy Center in Indian River County The work required to connect the approximate 74.5 MW (nameplate, AC) Beachland Solar Energy Center in Indian River County in the 1st Quarter of 2028 is projected to be: I. Extend 230 kV bus at Finance substation and interconnect the 230/34.5kV transformer through a 230kV breaker. Construct 34.5 kV bus to connect the PV array to Finance 230 kV Substation. Add relays and other protective equipment. Breaker replacements: None II. No additional upgrades are expected to be necessary at this time.",2026-09-26T16:50:05+00:00,2026-09-26T20:29:57+00:00,yes
f54d2443226644ffc529,Florida Power & Light,None II. Construct approximately 4.5 miles string bus from Finca 230 kV to Finance substation,New transmission line,NA,NA,NA,NA,NA,none,miles string bus from Finca 230 kV to Finance,I. Extend 230 kV bus at Finance,230,4.5,Transmission Facilities for the Shores Solar Energy Center in Indian River County; Shores Solar Energy Center in Indian River County,NA,NA,2028,0,NA,miles string bus from Finca 230 kV to Finance; I. Extend 230 kV bus at Finance; Transmission Facilities for the Shores Solar Energy Center in Indian River County; Shores Solar Energy Center in Indian River County; Finca; Finance; Indian River County,FPL - Ten-Year Site Plan,https://www.fpl.com/content/dam/fplgp/us/en/about/pdf/ten-year-site-plan.pdf,"Breaker replacements: None II. Construct approximately 4.5 miles string bus from Finca 230 kV to Finance substation. No additional upgrades are expected to be necessary at this time. Florida Power & Light Company 147 III.E.51 Transmission Facilities for the Shores Solar Energy Center in Indian River County The work required to connect the approximate 74.5 MW (nameplate, AC) Shores Solar Energy Center in Indian River County in the 1st Quarter of 2028 is projected to be: I. Extend 230 kV bus at Finance substation and interconnect the 230/34.5kV transformer through a 230kV breaker. Construct 34.5 kV bus to connect the PV array to Finance 230 kV Substation. Add relays and other protective equipment. Breaker replacements: None II.",2026-09-26T16:50:05+00:00,2026-09-26T20:29:57+00:00,yes
ac8b576c9a2f77fd38bb,Florida Power & Light,None II. Loop the adjacent new Glint - Seville 230 kV into Lilly substation,New transmission line,NA,NA,NA,NA,NA,none,None II. Loop the adjacent new Glint,Seville,230,0,Transmission Facilities for the Pine Lily Battery Energy Storage System Center in St. Lucie County; Pine Lily Battery Energy Storage System Center in St. Lucie County,NA,NA,2028,0,NA,None II. Loop the adjacent new Glint; Seville; Transmission Facilities for the Pine Lily Battery Energy Storage System Center in St. Lucie County; Pine Lily Battery Energy Storage System Center in St. Lucie County; St. Lucie County; Lily Substation,FPL - Ten-Year Site Plan,https://www.fpl.com/content/dam/fplgp/us/en/about/pdf/ten-year-site-plan.pdf,"Breaker replacements: None II. Loop the adjacent new Glint - Seville 230 kV into Lilly substation. No additional upgrades are expected to be necessary at this time. Florida Power & Light Company 153 III.E.57 Transmission Facilities for the Pine Lily Battery Energy Storage System Center in St. Lucie County The work required to connect the approximate 74.5 MW (nameplate, AC) Pine Lily Battery Energy Storage System Center in St. Lucie County in the 3rd Quarter of 2028 is projected to be: I. Extend the existing 34.5 kV bus at Lily Substation to connect the BESS. Add relays and other protective equipment.",2026-09-26T16:50:05+00:00,2026-09-26T20:29:57+00:00,yes
4b398cbd63d5034aae44,Florida Power & Light,None II. Loop the adjacent new Puma - Keri 230 kV into Towhee substation,New transmission line,NA,NA,NA,NA,NA,none,None II. Loop the adjacent new Puma,Keri,230,0,Transmission Facilities for the Mango Battery Energy Storage System Center in Hendry County; Mango Battery Energy Storage System Center in Hendry County,NA,NA,2028,0,NA,None II. Loop the adjacent new Puma; Keri; Transmission Facilities for the Mango Battery Energy Storage System Center in Hendry County; Mango Battery Energy Storage System Center in Hendry County; Hendry County; Towhee Substation,FPL - Ten-Year Site Plan,https://www.fpl.com/content/dam/fplgp/us/en/about/pdf/ten-year-site-plan.pdf,"Breaker replacements: None II. Loop the adjacent new Puma - Keri 230 kV into Towhee substation. No additional upgrades are expected to be necessary at this time. Florida Power & Light Company 167 III.E.71 Transmission Facilities for the Mango Battery Energy Storage System Center in Hendry County The work required to connect the approximate 74.5 MW (nameplate, AC) Mango Battery Energy Storage System Center in Hendry County in the 3rd Quarter of 2028 is projected to be: I. Extend the existing 34.5 kV bus at Towhee Substation to connect the BESS. Add relays and other protective equipment. Breaker replacements: None II. No additional transmission work is required.",2026-09-26T16:50:05+00:00,2026-09-26T20:29:57+00:00,yes
d45a00a17b9536ba3b58,Florida Power & Light,None II. Loop the adjacent new Puma - Keri 230 kV into Waxweed substation,New transmission line,NA,"30.600729, -87.338474","3 QUARTERS RD, CANTONMENT, FL, 32533",address_geocode,U.S. Census Geocoder,medium,None II. Loop the adjacent new Puma,Keri,230,0,Transmission Facilities for the Waxweed Battery Energy Storage System Center in Hendry County; Waxweed Battery Energy Storage System Center in Hendry County,NA,NA,2028,0,NA,None II. Loop the adjacent new Puma; Keri; Transmission Facilities for the Waxweed Battery Energy Storage System Center in Hendry County; Waxweed Battery Energy Storage System Center in Hendry County; Hendry County; Waxweed Substation,FPL - Ten-Year Site Plan,https://www.fpl.com/content/dam/fplgp/us/en/about/pdf/ten-year-site-plan.pdf,"Breaker replacements: None II. Loop the adjacent new Puma - Keri 230 kV into Waxweed substation. No additional upgrades are expected to be necessary at this time. Florida Power & Light Company 157 III.E.61 Transmission Facilities for the Waxweed Battery Energy Storage System Center in Hendry County The work required to connect the approximate 74.5 MW (nameplate, AC) Waxweed Battery Energy Storage System Center in Hendry County in the 3 rd Quarter of 2028 is projected to be: I. Extend the existing 34.5 kV bus at Waxweed Substation to connect the BESS. Add relays and other protective equipment. Breaker replacements: None II. No additional transmission work is required.",2026-09-26T16:50:05+00:00,2026-09-26T20:29:57+00:00,yes
3c3dc873697d74f547f9,Florida Power & Light,None II. Loop the adjacent new Sunbreak - Heritage 230 kV into Waveland substation,New transmission line,NA,NA,NA,NA,NA,none,None II. Loop the adjacent new Sunbreak,Heritage,230,0,Transmission Facilities for the Inlet Solar Energy Center in Indian River County; Inlet Solar Energy Center in Indian River County,NA,NA,2028,0,NA,None II. Loop the adjacent new Sunbreak; Heritage; Transmission Facilities for the Inlet Solar Energy Center in Indian River County; Inlet Solar Energy Center in Indian River County; Indian River County; Inlet; Lumia,FPL - Ten-Year Site Plan,https://www.fpl.com/content/dam/fplgp/us/en/about/pdf/ten-year-site-plan.pdf,"Breaker replacements: None II. Loop the adjacent new Sunbreak - Heritage 230 kV into Waveland substation. No additional upgrades are expected to be necessary at this time. Florida Power & Light Company 144 III.E.48 Transmission Facilities for the Inlet Solar Energy Center in Indian River County The work required to connect the approximate 74.5 MW (nameplate, AC) Inlet Solar Energy Center in Indian River County in the 1st Quarter of 2028 is projected to be: I. Construct a new single bus, two (2) breaker 230 kV substation (Lumia) on the project site, adjacent to the new Waveland - Heritage 230 kV line. Add one 230/34.5 kV main step-up transformer (85 MVA) with a 230 kV breaker to connect PV inverter array at Inlet substation. Construct 34.5 kV bus to connect the PV array to Lumia 230 kV substation. Add relays and other protective equipment.",2026-09-26T16:50:05+00:00,2026-09-26T20:29:57+00:00,yes
14a93ca136d0cdb67408,Florida Power & Light,None II. Loop the adjacent new Waveland - Heritage 230 kV into Lumia substation,New transmission line,NA,NA,NA,NA,NA,none,None II. Loop the adjacent new Waveland,Heritage,230,0,Transmission Facilities for the Beachland Solar Energy Center in Indian River County; Beachland Solar Energy Center in Indian River County,NA,NA,2028,0,NA,None II. Loop the adjacent new Waveland; Heritage; Transmission Facilities for the Beachland Solar Energy Center in Indian River County; Beachland Solar Energy Center in Indian River County; Indian River County; Finance,FPL - Ten-Year Site Plan,https://www.fpl.com/content/dam/fplgp/us/en/about/pdf/ten-year-site-plan.pdf,"Breaker replacements: None II. Loop the adjacent new Waveland - Heritage 230 kV into Lumia substation. No additional upgrades are expected to be necessary at this time. Florida Power & Light Company 145 III.E.49 Transmission Facilities for the Beachland Solar Energy Center in Indian River County The work required to connect the approximate 74.5 MW (nameplate, AC) Beachland Solar Energy Center in Indian River County in the 1st Quarter of 2028 is projected to be: I. Extend 230 kV bus at Finance substation and interconnect the 230/34.5kV transformer through a 230kV breaker. Construct 34.5 kV bus to connect the PV array to Finance 230 kV Substation. Add relays and other protective equipment. Breaker replacements: None II.",2026-09-26T16:50:05+00:00,2026-09-26T20:29:57+00:00,yes
1f68c101e27060c0e09d,Florida Power & Light,Tern Substation,New transmission line,NA,NA,NA,NA,NA,none,Tern,Center will require extending the transmission bus at Tern,230,0,Desoto County,NA,NA,2028,0,NA,Tern; Center will require extending the transmission bus at Tern; Desoto County; Tern Substation,FPL - Ten-Year Site Plan,https://www.fpl.com/content/dam/fplgp/us/en/about/pdf/ten-year-site-plan.pdf,and Sub.) (8) Substations: Tern Substation (9) Participation with Other Utilities: None The Grapefruit Solar Energy Center will require extending the transmission bus at Tern Substation approximately 0.0 miles to connect the solar PV inv erter array. Florida Power & Light Company 391 Page 77 of 84 Schedule 10 Status Report and Specifications of Proposed Transmission Lines Leafcutter Battery Energy Storage System Center (Desoto County) (1) Point of Origin and Termination: Tern Substation (2) Number of Lines: 1 (3) Right-of-way FPL - Owned (4) Line Length: 0 miles (5) Voltage: 230 kV (6) Anticipated Construction Timing: Start date: 2028 End date: 2029 (7) Anticipated Capital Investment: Included in total installed cost on Schedule 9 (Trans. and Sub.) (8) Substations: Tern Substation (9) Participation with Other Utilities: None The Leafcutter Battery Energy Storage Center will be connected to the transmission bus at Tern Substation approximately 0.0 miles to connect the BESS. Florida Power & Light Company 392 Page 78 of 84 Schedule 10 Status Report and Specifications of Proposed Transmission Lines Blanketflower Solar Energy Center (DeSoto County) (1) Point of Origin and Termination: Tern Substation (2) Number of Lines: 1 (3) Right-of-way FPL - Owned (4) Line Length: 0.0 miles (5) Voltage: 230 kV (6) Anticipated Construction Timing: Start date: 2028 End date: 2029 (7) Anticipated Capital Investment: Included in total installed cost on Schedule 9 (Trans. and Sub.) (8) Substations: Tern Substation (9) Participation with Other Utilities: None The Blanketflower Solar Energy Center will require will require extending the transmission bus at Tern Substation line approximately 0.0 miles to connect the solar PV inv erter array. Florida Power & Light Company 393 Page 79 of 84 Schedu,2026-09-26T16:50:05+00:00,2026-09-26T20:29:57+00:00,yes
8c5e4a5ce957bba3e313,Florida Power & Light,Tern Substation,New transmission line,NA,NA,NA,NA,NA,none,e Solar Energy Center will require bifurcating the Doorfield,Av on,500,0,DeSoto County; Collier County,NA,NA,2028,0,NA,e Solar Energy Center will require bifurcating the Doorfield; Av on; DeSoto County; Collier County; Tern Substation,FPL - Ten-Year Site Plan,https://www.fpl.com/content/dam/fplgp/us/en/about/pdf/ten-year-site-plan.pdf,and Sub.) (8) Substations: Tern Substation (9) Participation with Other Utilities: None The Leafcutter Battery Energy Storage Center will be connected to the transmission bus at Tern Substation approximately 0.0 miles to connect the BESS. Florida Power & Light Company 392 Page 78 of 84 Schedule 10 Status Report and Specifications of Proposed Transmission Lines Blanketflower Solar Energy Center (DeSoto County) (1) Point of Origin and Termination: Tern Substation (2) Number of Lines: 1 (3) Right-of-way FPL - Owned (4) Line Length: 0.0 miles (5) Voltage: 230 kV (6) Anticipated Construction Timing: Start date: 2028 End date: 2029 (7) Anticipated Capital Investment: Included in total installed cost on Schedule 9 (Trans. and Sub.) (8) Substations: Tern Substation (9) Participation with Other Utilities: None The Blanketflower Solar Energy Center will require will require extending the transmission bus at Tern Substation line approximately 0.0 miles to connect the solar PV inv erter array. Florida Power & Light Company 393 Page 79 of 84 Schedule 10 Status Report and Specifications of Proposed Transmission Lines Blanketflower Battery Energy Storage System Center (Desoto County) (1) Point of Origin and Termination: Tern Substation (2) Number of Lines: 1 (3) Right-of-way FPL - Owned (4) Line Length: 0 miles (5) Voltage: 230 kV (6) Anticipated Construction Timing: Start date: 2028 End date: 2029 (7) Anticipated Capital Investment: Included in total installed cost on Schedule 9 (Trans. and Sub.) (8) Substations: Tern Substation (9) Participation with Other Utilities: None The Blanketflower Battery Energy Storage Center will be connected to the transmission bus at Tern Substation approximately 0.0 miles to connect the BESS. Florida Power & Light Company 394 Page 80 of 84 Schedule 10,2026-09-26T16:50:05+00:00,2026-09-26T20:29:57+00:00,yes
f4f0985400f52fec353c,Florida Power & Light,Tern Substation,New transmission line,NA,NA,NA,NA,NA,none,e Solar Energy Center will require bifurcating the Doorfield,Av on,500,0,Desoto County; Collier County; Union County,NA,NA,2028,0,NA,e Solar Energy Center will require bifurcating the Doorfield; Av on; Desoto County; Collier County; Union County; Tern Substation; Boardwalk Substation,FPL - Ten-Year Site Plan,https://www.fpl.com/content/dam/fplgp/us/en/about/pdf/ten-year-site-plan.pdf,and Sub.) (8) Substations: Tern Substation (9) Participation with Other Utilities: None The Blanketflower Battery Energy Storage Center will be connected to the transmission bus at Tern Substation approximately 0.0 miles to connect the BESS. Florida Power & Light Company 394 Page 80 of 84 Schedule 10 Status Report and Specifications of Proposed Transmission Lines Dove Solar Energy Center (Desoto County) (1) Point of Origin and Termination: Dove Substation (2) Number of Lines: 1 (3) Right-of-way FPL - Owned (4) Line Length: 0 miles (5) Voltage: 230 kV (6) Anticipated Construction Timing: Start date: 2028 End date: 2029 (7) Anticipated Capital Investment: Included in total installed cost on Schedule 9 (Trans. and Sub.) (8) Substations: Dove Substation (9) Participation with Other Utilities: None line approximately 0.0 miles to connect a new Dov e substation and connect the solar PV inv erter array. The Dov e Solar Energy Center will require bifurcating the Doorfield-Av on 230kV transmission Florida Power & Light Company 395 Page 81 of 84 Schedule 10 Status Report and Specifications of Proposed Transmission Lines Spoonbill Solar Energy Center (Collier County) (1) Point of Origin and Termination: Boardwalk Substation (2) Number of Lines: 1 (3) Right-of-way FPL - Owned (4) Line Length: 0.0 miles (5) Voltage: 500 kV (6) Anticipated Construction Timing: Start date: 2028 End date: 2029 (7) Anticipated Capital Investment: Included in total installed cost on Schedule 9 (Trans. and Sub.) (8) Substations: Boardwalk Substation (9) Participation with Other Utilities: None The Spoonbill Solar Energy Center will require extending the transmission bus at Boardwalk Substation line approximately 0.0 miles to connect the solar PV inv erter array. Florida Power & Light Company 396 Page 82 o,2026-09-26T16:50:05+00:00,2026-09-26T20:29:57+00:00,yes
a5d4005aab40669f4a2c,Florida Power & Light,The Ladybug Battery Energy Storage Center will be connected to the transmission bus at Tern Substation,New transmission line,NA,NA,NA,NA,NA,none,Center will be connected to the transmission bus at Tern,Tern,230,0,DeSoto County,NA,NA,2028,0,NA,Center will be connected to the transmission bus at Tern; Tern; DeSoto County; Tern Substation Florida Power; Tern Substation,FPL - Ten-Year Site Plan,https://www.fpl.com/content/dam/fplgp/us/en/about/pdf/ten-year-site-plan.pdf,The Ladybug Battery Energy Storage Center will be connected to the transmission bus at Tern Substation Florida Power & Light Company 390 Page 76 of 84 Schedule 10 Status Report and Specifications of Proposed Transmission Lines Leafcutter Solar Energy Center (DeSoto County) (1) Point of Origin and Termination: Tern Substation (2) Number of Lines: 1 (3) Right-of-way FPL - Owned (4) Line Length: 0 miles (5) Voltage: 230 kV (6) Anticipated Construction Timing: Start date: 2028 End date: 2029 (7) Anticipated Capital Investment: Included in total installed cost on Schedule 9 (Trans. and Sub.) (8) Substations: Tern Substation (9) Participation with Other Utilities: None The Grapefruit Solar Energy Center will require extending the transmission bus at Tern Substation approximately 0.0 miles to connect the solar PV inv erter array. Florida Power & Light Company 391 Page 77 of 84 Schedule 10 Status Report and Specifications of Proposed Transmission Lines Leafcutter Battery Energy Storage System Center (Desoto County) (1) Point of Origin and Termination: Tern Substation (2) Number of Lines: 1 (3) Right-of-way FPL - Owned (4) Line Length: 0 miles (5) Voltage: 230 kV (6) Anticipated Construction Timing: Start date: 2028 End date: 2029 (7) Anticipated Capital Investment: Included in total installed cost on Schedule 9 (Trans. and Sub.) (8) Substations: Tern Substation (9) Participation with Other Utilities: None The Leafcutter Battery Energy Storage Center will be connected to the transmission bus at Tern Substation approximately 0.0 miles to connect the BESS. Florida Power & Light Company 392 Page 78 of 84 Schedule 10 Status Report and Specifications of Proposed Transmission Lines Blanketflower Solar Energy Center (DeSoto County) (1) Point of Origin and Termination: Tern Substation (,2026-09-26T16:50:05+00:00,2026-09-26T20:29:57+00:00,yes
519b0715d215533e6f88,Florida Power & Light,two (2) breaker 230 kV substation,New transmission line,NA,NA,NA,NA,NA,none,adjacent to the new Waveland,Heritage,230,0,Transmission Facilities for the Inlet Solar Energy Center in Indian River County; Inlet Solar Energy Center in Indian River County,NA,NA,2028,0,NA,adjacent to the new Waveland; Heritage; Transmission Facilities for the Inlet Solar Energy Center in Indian River County; Inlet Solar Energy Center in Indian River County; Indian River County; Inlet; Lumia,FPL - Ten-Year Site Plan,https://www.fpl.com/content/dam/fplgp/us/en/about/pdf/ten-year-site-plan.pdf,"No additional upgrades are expected to be necessary at this time. Florida Power & Light Company 144 III.E.48 Transmission Facilities for the Inlet Solar Energy Center in Indian River County The work required to connect the approximate 74.5 MW (nameplate, AC) Inlet Solar Energy Center in Indian River County in the 1st Quarter of 2028 is projected to be: I. Construct a new single bus, two (2) breaker 230 kV substation (Lumia) on the project site, adjacent to the new Waveland - Heritage 230 kV line. Add one 230/34.5 kV main step-up transformer (85 MVA) with a 230 kV breaker to connect PV inverter array at Inlet substation. Construct 34.5 kV bus to connect the PV array to Lumia 230 kV substation. Add relays and other protective equipment. Breaker replacements: None II. Loop the adjacent new Waveland - Heritage 230 kV into Lumia substation.",2026-09-26T16:50:05+00:00,2026-09-26T20:29:57+00:00,yes
9d41ddfab40247808fa0,Florida Power & Light,two (2) breaker 230 kV substation,New transmission line,NA,NA,NA,NA,NA,none,adjacent to the new Glint,Seville,230,0,Transmission Facilities for the Pine Lily Solar Energy Center in St. Lucie County; Pine Lily Solar Energy Center in St. Lucie County,NA,NA,2028,0,NA,adjacent to the new Glint; Seville; Transmission Facilities for the Pine Lily Solar Energy Center in St. Lucie County; Pine Lily Solar Energy Center in St. Lucie County; St. Lucie County; Lily,FPL - Ten-Year Site Plan,https://www.fpl.com/content/dam/fplgp/us/en/about/pdf/ten-year-site-plan.pdf,"Add relays and other protective equipment. Breaker replacements: None II. No additional upgrades are expected to be necessary at this time. Florida Power & Light Company 152 III.E.56 Transmission Facilities for the Pine Lily Solar Energy Center in St. Lucie County The work required to connect the approximate 74.5 MW (nameplate, AC) Pine Lily Solar Energy Center in St. Lucie County in the 3rd Quarter of 2028 is projected to be: I. Construct a new single bus, two (2) breaker 230 kV substation (Lily) on the project site, adjacent to the new Glint - Seville 230 kV line. Add one 230/34.5 kV main step-up transformer (85 MVA) with a 230 kV breaker to connect PV inverter array at Lily substation.",2026-09-26T16:50:05+00:00,2026-09-26T20:29:57+00:00,yes
3e63cbfc2586f8393d38,Florida Power & Light,two (2) breaker 230 kV substation,New transmission line,NA,NA,NA,NA,NA,none,adjacent to the new Puma,Keri,230,0,Transmission Facilities for the Waxweed Solar Energy Center in Hendry County; Waxweed Solar Energy Center in Hendry County,NA,NA,2028,0,NA,adjacent to the new Puma; Keri; Transmission Facilities for the Waxweed Solar Energy Center in Hendry County; Waxweed Solar Energy Center in Hendry County; Hendry County; Waxweed,FPL - Ten-Year Site Plan,https://www.fpl.com/content/dam/fplgp/us/en/about/pdf/ten-year-site-plan.pdf,"Breaker replacements: None II. No additional transmission work is required. No upgrades are expected to be necessary at this time. Florida Power & Light Company 156 III.E.60 Transmission Facilities for the Waxweed Solar Energy Center in Hendry County The work required to connect the approximate 74.5 MW (nameplate, AC) Waxweed Solar Energy Center in Hendry County in the 3rd Quarter of 2028 is projected to be: I. Construct a new single bus, two (2) breaker 230 kV substation (Waxweed) on the project site, adjacent to the new Puma - Keri 230 kV line. Add one 230/34.5 kV main step-up transformer (85 MVA) with a 230 kV breaker to connect PV inverter array at Waxweed substation. Construct 34.5 kV bus to connect the PV array to Waxweed 230 kV substation. Add relays and other protective equipment.",2026-09-26T16:50:05+00:00,2026-09-26T20:29:57+00:00,yes
4d8e3d681eb6eeb98a72,Florida Power & Light,Construct 34.5 kV bus to connect the PV array to Damson 115 kV substation,New transmission line,"{""type"":""Point"",""coordinates"":[-80.1096175919504,26.9134488422923]}","26.913449, -80.109618",NA,hifld_substation_point,https://services1.arcgis.com/CD5mKowwN6nIaqd8/ArcGIS/rest/services/project_renewable_us_substations_2022/FeatureServer/10 | matched: PLUMOSUS,medium,None II. Loop the adjacent new Butler,Plum,230,0,Transmission Facilities for the Caladium Solar Energy Center in Highlands County; Caladium Solar Energy Center in Highlands County,NA,NA,2029,0,NA,None II. Loop the adjacent new Butler; Plum; Transmission Facilities for the Caladium Solar Energy Center in Highlands County; Caladium Solar Energy Center in Highlands County; Damson; Highlands County; Condor,FPL - Ten-Year Site Plan,https://www.fpl.com/content/dam/fplgp/us/en/about/pdf/ten-year-site-plan.pdf,"Construct 34.5 kV bus to connect the PV array to Damson 115 kV substation. Add relays and other protective equipment. Breaker replacements: None II. Loop the adjacent new Butler - Plum 115 kV into Damson substation. No additional upgrades are expected to be necessary at this time. Florida Power & Light Company 180 III.E.84 Transmission Facilities for the Caladium Solar Energy Center in Highlands County The work required to connect the approximate 74.5 MW (nameplate, AC) Caladium Solar Energy Center in Highlands County in the 3rd Quarter of 2029 is projected to be: I. Construct a new single bus, two (2) breaker 230 kV substation (Condor) on the project site, adjacent to the Avon - Waterway 230 kV line. Add one 230/34.5 kV main step-up transformer (85 MVA) with a 230 kV breaker to connect PV inverter array at Condor substation.",2026-09-26T16:50:05+00:00,2026-09-26T20:29:57+00:00,yes
890641e06c75834d4285,Florida Power & Light,Construct 34.5 kV bus to connect the PV array to Dove 230 kV substation,New transmission line,"{""type"":""Point"",""coordinates"":[-81.4932778438485,27.5789816261146]}","27.578982, -81.493278",NA,hifld_substation_point,https://services1.arcgis.com/CD5mKowwN6nIaqd8/ArcGIS/rest/services/project_renewable_us_substations_2022/FeatureServer/10 | matched: AVON PARK,medium,None II. Loop the adjacent new Doorfield,Avon,500,0,Transmission Facilities for the Spoonbill Solar Energy Center in Collier County; Spoonbill Solar Energy Center in Collier County,NA,NA,2029,0,NA,None II. Loop the adjacent new Doorfield; Avon; Transmission Facilities for the Spoonbill Solar Energy Center in Collier County; Spoonbill Solar Energy Center in Collier County; Dove; Collier County; Boardwalk,FPL - Ten-Year Site Plan,https://www.fpl.com/content/dam/fplgp/us/en/about/pdf/ten-year-site-plan.pdf,"Construct 34.5 kV bus to connect the PV array to Dove 230 kV substation. Add relays and other protective equipment. Breaker replacements: None II. Loop the adjacent new Doorfield - Avon 230 kV into Dove substation. No additional upgrades are expected to be necessary at this time. Florida Power & Light Company 177 III.E.81 Transmission Facilities for the Spoonbill Solar Energy Center in Collier County The work required to connect the approximate 74.5 MW (nameplate, AC) Spoonbill Solar Energy Center in Collier County in the 1st Quarter of 2029 is projected to be: I. Extend 500 kV bus at Boardwalk substation and interconnect the 500/34.5kV transformer through a 500kV breaker. Construct 34.5 kV bus to connect the PV array to Boardwalk 500 kV Substation.",2026-09-26T16:50:05+00:00,2026-09-26T20:29:57+00:00,yes
40828f99d24102e9f9d7,Florida Power & Light,Construct 34.5 kV bus to connect the PV array to Tern 230 kV Substation,New transmission line,NA,NA,NA,NA,NA,none,Construct 34.5 kV bus to connect the PV array to Tern 230 kV,miles string bus from Stallion 230 kV to Tern,230,8,Transmission Facilities for the Ladybug Battery Energy Storage System Center in DeSoto County; Ladybug Battery Energy Storage System Center in DeSoto County,NA,NA,2029,0,NA,Construct 34.5 kV bus to connect the PV array to Tern 230 kV; miles string bus from Stallion 230 kV to Tern; Transmission Facilities for the Ladybug Battery Energy Storage System Center in DeSoto County; Ladybug Battery Energy Storage System Center in DeSoto County; Tern; Stallion; DeSoto County; Tern Substation,FPL - Ten-Year Site Plan,https://www.fpl.com/content/dam/fplgp/us/en/about/pdf/ten-year-site-plan.pdf,"Construct 34.5 kV bus to connect the PV array to Tern 230 kV Substation. Add relays and other protective equipment. Breaker replacements: None II. Construct approximately 8.0 miles string bus from Stallion 230 kV to Tern substation. No additional upgrades are expected to be necessary at this time. Florida Power & Light Company 171 III.E.75 Transmission Facilities for the Ladybug Battery Energy Storage System Center in DeSoto County The work required to connect the approximate 74.5 MW (nameplate, AC) Ladybug Battery Energy Storage System Center in DeSoto County in the 1st Quarter of 2029 is projected to be: I. Extend the existing 34.5 kV bus at Tern Substation to connect the BESS. Add relays and other protective equipment.",2026-09-26T16:50:05+00:00,2026-09-26T20:29:57+00:00,yes
bd771103a67a4434f3a5,Florida Power & Light,Construct 34.5 kV bus to connect the PV array to Tern 230 kV Substation,New transmission line,NA,NA,NA,NA,NA,none,Construct 34.5 kV bus to connect the PV array to Tern 230 kV,I. Extend the existing 34.5 kV bus at Tern,230,0,Transmission Facilities for the Leafcutter Battery Energy Storage System Center in DeSoto County; Leafcutter Battery Energy Storage System Center in DeSoto County,NA,NA,2029,0,NA,Construct 34.5 kV bus to connect the PV array to Tern 230 kV; I. Extend the existing 34.5 kV bus at Tern; Transmission Facilities for the Leafcutter Battery Energy Storage System Center in DeSoto County; Leafcutter Battery Energy Storage System Center in DeSoto County; Tern; DeSoto County; Tern Substation,FPL - Ten-Year Site Plan,https://www.fpl.com/content/dam/fplgp/us/en/about/pdf/ten-year-site-plan.pdf,"Construct 34.5 kV bus to connect the PV array to Tern 230 kV Substation. Add relays and other protective equipment. Breaker replacements: None II. No additional transmission work is required. No upgrades are expected to be necessary at this time. Florida Power & Light Company 173 III.E.77 Transmission Facilities for the Leafcutter Battery Energy Storage System Center in DeSoto County The work required to connect the approximate 74.5 MW (nameplate, AC) Leafcutter Battery Energy Storage System Center in DeSoto County in the 1st Quarter of 2029 is projected to be: I. Extend the existing 34.5 kV bus at Tern Substation to connect the BESS. Add relays and other protective equipment.",2026-09-26T16:50:05+00:00,2026-09-26T20:29:57+00:00,yes
ac9beff636c9af5eb3e5,Florida Power & Light,Construct approximately 8.0 miles string bus from Stallion 230 kV to Tern substation,New transmission line,NA,NA,NA,NA,NA,none,miles string bus from Stallion 230 kV to Tern,I. Extend the existing 34.5 kV bus at Tern,230,8,Transmission Facilities for the Ladybug Battery Energy Storage System Center in DeSoto County; Ladybug Battery Energy Storage System Center in DeSoto County,NA,NA,2029,0,NA,miles string bus from Stallion 230 kV to Tern; I. Extend the existing 34.5 kV bus at Tern; Transmission Facilities for the Ladybug Battery Energy Storage System Center in DeSoto County; Ladybug Battery Energy Storage System Center in DeSoto County; Stallion; Tern; DeSoto County; Tern Substation,FPL - Ten-Year Site Plan,https://www.fpl.com/content/dam/fplgp/us/en/about/pdf/ten-year-site-plan.pdf,"Construct approximately 8.0 miles string bus from Stallion 230 kV to Tern substation. No additional upgrades are expected to be necessary at this time. Florida Power & Light Company 171 III.E.75 Transmission Facilities for the Ladybug Battery Energy Storage System Center in DeSoto County The work required to connect the approximate 74.5 MW (nameplate, AC) Ladybug Battery Energy Storage System Center in DeSoto County in the 1st Quarter of 2029 is projected to be: I. Extend the existing 34.5 kV bus at Tern Substation to connect the BESS. Add relays and other protective equipment. Breaker replacements: None II. No additional transmission work is required. No upgrades are expected to be necessary at this time.",2026-09-26T16:50:05+00:00,2026-09-26T20:29:57+00:00,yes
cec4c474edb674b55842,Florida Power & Light,Extend the existing 34.5 kV bus at Tern Substation,New transmission line,NA,NA,NA,NA,NA,none,Extend the existing 34.5 kV bus at Tern,I. Extend 230 kV bus at Tern,230,0,Transmission Facilities for the Leafcutter Solar Energy Center in DeSoto County; Leafcutter Solar Energy Center in DeSoto County,NA,NA,2029,0,NA,Extend the existing 34.5 kV bus at Tern; I. Extend 230 kV bus at Tern; Transmission Facilities for the Leafcutter Solar Energy Center in DeSoto County; Leafcutter Solar Energy Center in DeSoto County; Tern Substation; DeSoto County; Tern,FPL - Ten-Year Site Plan,https://www.fpl.com/content/dam/fplgp/us/en/about/pdf/ten-year-site-plan.pdf,"Extend the existing 34.5 kV bus at Tern Substation to connect the BESS. Add relays and other protective equipment. Breaker replacements: None II. No additional transmission work is required. No upgrades are expected to be necessary at this time. Florida Power & Light Company 172 III.E.76 Transmission Facilities for the Leafcutter Solar Energy Center in DeSoto County The work required to connect the approximate 74.5 MW (nameplate, AC) Leafcutter Solar Energy Center in DeSoto County in the 1st Quarter of 2029 is projected to be: I. Extend 230 kV bus at Tern substation and interconnect the 230/34.5kV transformer through a 230kV breaker. Construct 34.5 kV bus to connect the PV array to Tern 230 kV Substation.",2026-09-26T16:50:05+00:00,2026-09-26T20:29:57+00:00,yes
6e3684ccd039712d5bc7,Florida Power & Light,Extend the existing 34.5 kV bus at Tern Substation,New transmission line,"{""type"":""Point"",""coordinates"":[-81.4933512146939,27.5811447471278]}","27.581145, -81.493351",NA,hifld_substation_point,https://services1.arcgis.com/CD5mKowwN6nIaqd8/ArcGIS/rest/services/project_renewable_us_substations_2022/FeatureServer/10 | matched: AVON PARK,medium,adjacent to the new Doorfield,Avon,230,0,Transmission Facilities for the Dove Solar Energy Center in DeSoto County; Dove Solar Energy Center in DeSoto County,NA,NA,2029,0,NA,adjacent to the new Doorfield; Avon; Transmission Facilities for the Dove Solar Energy Center in DeSoto County; Dove Solar Energy Center in DeSoto County; Tern Substation; DeSoto County; Dove,FPL - Ten-Year Site Plan,https://www.fpl.com/content/dam/fplgp/us/en/about/pdf/ten-year-site-plan.pdf,"Extend the existing 34.5 kV bus at Tern Substation to connect the BESS. Add relays and other protective equipment. Breaker replacements: None II. No additional transmission work is required. No upgrades are expected to be necessary at this time. Florida Power & Light Company 176 III.E.80 Transmission Facilities for the Dove Solar Energy Center in DeSoto County The work required to connect the approximate 74.5 MW (nameplate, AC) Dove Solar Energy Center in DeSoto County in the 1st Quarter of 2029 is projected to be: I. Construct a new single bus, two (2) breaker 230 kV substation Dove on the project site, adjacent to the new Doorfield - Avon 230 kV line. Add one 230/34.5 kV main step-up transformer (85 MVA) with a 230 kV breaker to connect PV inverter array at Dove substation.",2026-09-26T16:50:05+00:00,2026-09-26T20:29:57+00:00,yes
18db9e9768a8f901a1a1,Florida Power & Light,Extend the existing 34.5 kV bus at Towhee Substation,New transmission line,NA,NA,NA,NA,NA,none,Extend the existing 34.5 kV bus at Towhee,I. Extend 230 kV bus at Stallion,230,0,Transmission Facilities for the Ladybug Solar Energy Center in DeSoto County; Ladybug Solar Energy Center in DeSoto County,NA,NA,2029,0,NA,Extend the existing 34.5 kV bus at Towhee; I. Extend 230 kV bus at Stallion; Transmission Facilities for the Ladybug Solar Energy Center in DeSoto County; Ladybug Solar Energy Center in DeSoto County; Towhee Substation; DeSoto County; Stallion; Tern,FPL - Ten-Year Site Plan,https://www.fpl.com/content/dam/fplgp/us/en/about/pdf/ten-year-site-plan.pdf,"Extend the existing 34.5 kV bus at Towhee Substation to connect the BESS. Add relays and other protective equipment. Breaker replacements: None II. No additional transmission work is required. No upgrades are expected to be necessary at this time. Florida Power & Light Company 170 III.E.74 Transmission Facilities for the Ladybug Solar Energy Center in DeSoto County The work required to connect the approximate 74.5 MW (nameplate, AC) Ladybug Solar Energy Center in DeSoto County in the 1st Quarter of 2029 is projected to be: I. Extend 230 kV bus at Stallion substation to a new Tern substation and interconnect the 230/34.5kV transformer through a 230kV breaker. Construct 34.5 kV bus to connect the PV array to Tern 230 kV Substation.",2026-09-26T16:50:05+00:00,2026-09-26T20:29:57+00:00,yes
02c5ceda9dee1794595d,Florida Power & Light,FPL - Ten-Year Site Plan: Commercial In-service date: 2029 (5) Fuel a. Primary Fuel Not Applicable b. Alternate Fuel Not Applicable (6) Air,New transmission line,NA,NA,NA,NA,NA,none,NA,NA,0,0,NA,NA,NA,2029,0,20 years,NA,FPL - Ten-Year Site Plan,https://www.fpl.com/content/dam/fplgp/us/en/about/pdf/ten-year-site-plan.pdf,"Commercial In-service date: 2029 (5) Fuel a. Primary Fuel Not Applicable b. Alternate Fuel Not Applicable (6) Air Pollution and Control Strategy: Not Applicable (7) Cooling Method: Not Applicable (8) Total Site Area: TBD Acres (9) Construction Status: P (Planned Unit) (10) Certification Status: --- (11) Status with Federal Agencies: --- (12) Projected Unit Performance Data: Planned Outage Factor (POF): Not Applicable Forced Outage Factor (FOF): Not Applicable Equivalent Availability Factor (EAF): Not Applicable Round-Trip Efficiency: TBD (First Full Year Operation) Average Net Operating Heat Rate (ANOHR): Not Applicable Base Operation 75F,100% Average Net Incremental Heat Rate (ANIHR): Not Applicable Peak Operation 75F,100% (13) Projected Unit Financial Data * Book Life (Years): 20 years Total Installed Cost (2029 $/kW): TBD Direct Construction Cost ($/kW): TBD AFUDC Amount (2029 $/kW): TBD Escalation ($/kW): TBD Fixed O&M ($/kW-Yr.): (2029 $) TBD (First Full Year Operation) Variable O&M ($/MWH): (2029 $) TBD K Factor: TBD * $/kW values are based on nameplate capacity. Note: Total installed cost includes transmission interconnection and AFUDC. 1/ The value shown represents FPL’s current projection of the firm capacity of this battery storage after the net load of the system and other battery storage being discharged. Because battery storage ""flattens"" the peak period, the firm capacity value of storage decreases as more battery storage is added to the system. 2/ FPL will continue to analyze the projected impacts of increasing amounts of battery storage in its on-going resource planning work. Florida Power & Light Company 302 Florida Power & Light Company 303 Page 89 of 100 Schedule 9 Schedule 9 Status Report and Specifications of Proposed Generating Facilities Status Re",2026-09-26T16:50:05+00:00,2026-09-26T20:29:57+00:00,yes
e7c963b115515da0bdfc,Florida Power & Light,I. Extend 230 kV bus at Stallion substation,New transmission line,NA,NA,NA,NA,NA,none,I. Extend 230 kV bus at Stallion,to a new Tern,230,8,Transmission Facilities for the Ladybug Solar Energy Center in DeSoto County; Ladybug Solar Energy Center in DeSoto County,NA,NA,2029,0,NA,I. Extend 230 kV bus at Stallion; to a new Tern; Transmission Facilities for the Ladybug Solar Energy Center in DeSoto County; Ladybug Solar Energy Center in DeSoto County; DeSoto County; Stallion; Tern,FPL - Ten-Year Site Plan,https://www.fpl.com/content/dam/fplgp/us/en/about/pdf/ten-year-site-plan.pdf,"No additional transmission work is required. No upgrades are expected to be necessary at this time. Florida Power & Light Company 170 III.E.74 Transmission Facilities for the Ladybug Solar Energy Center in DeSoto County The work required to connect the approximate 74.5 MW (nameplate, AC) Ladybug Solar Energy Center in DeSoto County in the 1st Quarter of 2029 is projected to be: I. Extend 230 kV bus at Stallion substation to a new Tern substation and interconnect the 230/34.5kV transformer through a 230kV breaker. Construct 34.5 kV bus to connect the PV array to Tern 230 kV Substation. Add relays and other protective equipment. Breaker replacements: None II. Construct approximately 8.0 miles string bus from Stallion 230 kV to Tern substation.",2026-09-26T16:50:05+00:00,2026-09-26T20:29:57+00:00,yes
ef30626324cc993e5fab,Florida Power & Light,I. Extend 230 kV bus at Tern substation,New transmission line,NA,NA,NA,NA,NA,none,I. Extend 230 kV bus at Tern,Construct 34.5 kV bus to connect the PV array to Tern 230 kV,230,0,Transmission Facilities for the Leafcutter Solar Energy Center in DeSoto County; Leafcutter Solar Energy Center in DeSoto County,NA,NA,2029,0,NA,I. Extend 230 kV bus at Tern; Construct 34.5 kV bus to connect the PV array to Tern 230 kV; Transmission Facilities for the Leafcutter Solar Energy Center in DeSoto County; Leafcutter Solar Energy Center in DeSoto County; DeSoto County; Tern,FPL - Ten-Year Site Plan,https://www.fpl.com/content/dam/fplgp/us/en/about/pdf/ten-year-site-plan.pdf,"Breaker replacements: None II. No additional transmission work is required. No upgrades are expected to be necessary at this time. Florida Power & Light Company 172 III.E.76 Transmission Facilities for the Leafcutter Solar Energy Center in DeSoto County The work required to connect the approximate 74.5 MW (nameplate, AC) Leafcutter Solar Energy Center in DeSoto County in the 1st Quarter of 2029 is projected to be: I. Extend 230 kV bus at Tern substation and interconnect the 230/34.5kV transformer through a 230kV breaker. Construct 34.5 kV bus to connect the PV array to Tern 230 kV Substation. Add relays and other protective equipment. Breaker replacements: None II.",2026-09-26T16:50:05+00:00,2026-09-26T20:29:57+00:00,yes
7a309efaeb6d67bd3052,Florida Power & Light,I. Extend the existing 34.5 kV bus at Tern Substation,Transmission upgrade,NA,NA,NA,NA,NA,none,I. Extend the existing 34.5 kV bus at Tern,NA,0,0,Transmission Facilities for the Leafcutter Battery Energy Storage System Center in DeSoto County; Leafcutter Battery Energy Storage System Center in DeSoto County,NA,NA,2029,0,NA,I. Extend the existing 34.5 kV bus at Tern; Transmission Facilities for the Leafcutter Battery Energy Storage System Center in DeSoto County; Leafcutter Battery Energy Storage System Center in DeSoto County; DeSoto County; Tern Substation,FPL - Ten-Year Site Plan,https://www.fpl.com/content/dam/fplgp/us/en/about/pdf/ten-year-site-plan.pdf,"Breaker replacements: None II. No additional transmission work is required. No upgrades are expected to be necessary at this time. Florida Power & Light Company 173 III.E.77 Transmission Facilities for the Leafcutter Battery Energy Storage System Center in DeSoto County The work required to connect the approximate 74.5 MW (nameplate, AC) Leafcutter Battery Energy Storage System Center in DeSoto County in the 1st Quarter of 2029 is projected to be: I. Extend the existing 34.5 kV bus at Tern Substation to connect the BESS. Add relays and other protective equipment. Breaker replacements: None II. No additional transmission work is required.",2026-09-26T16:50:05+00:00,2026-09-26T20:29:57+00:00,yes
42a1cd598b275a6b6890,Florida Power & Light,Loop the adjacent new Butler - Plum 115 kV into Damson substation,New transmission line,"{""type"":""Point"",""coordinates"":[-80.1096175919504,26.9134488422923]}","26.913449, -80.109618",NA,hifld_substation_point,https://services1.arcgis.com/CD5mKowwN6nIaqd8/ArcGIS/rest/services/project_renewable_us_substations_2022/FeatureServer/10 | matched: PLUMOSUS,medium,Loop the adjacent new Butler,Plum,230,0,Transmission Facilities for the Caladium Solar Energy Center in Highlands County; Caladium Solar Energy Center in Highlands County,NA,NA,2029,0,NA,Loop the adjacent new Butler; Plum; Transmission Facilities for the Caladium Solar Energy Center in Highlands County; Caladium Solar Energy Center in Highlands County; Highlands County; Condor,FPL - Ten-Year Site Plan,https://www.fpl.com/content/dam/fplgp/us/en/about/pdf/ten-year-site-plan.pdf,"Loop the adjacent new Butler - Plum 115 kV into Damson substation. No additional upgrades are expected to be necessary at this time. Florida Power & Light Company 180 III.E.84 Transmission Facilities for the Caladium Solar Energy Center in Highlands County The work required to connect the approximate 74.5 MW (nameplate, AC) Caladium Solar Energy Center in Highlands County in the 3rd Quarter of 2029 is projected to be: I. Construct a new single bus, two (2) breaker 230 kV substation (Condor) on the project site, adjacent to the Avon - Waterway 230 kV line. Add one 230/34.5 kV main step-up transformer (85 MVA) with a 230 kV breaker to connect PV inverter array at Condor substation. Construct 34.5 kV bus to connect the PV array to Condor 230 kV substation. Add relays and other protective equipment. Breaker replacements: None II.",2026-09-26T16:50:05+00:00,2026-09-26T20:29:57+00:00,yes
d8abc4af685b4d870b61,Florida Power & Light,Loop the adjacent new Doorfield - Avon 230 kV into Dove substation,New transmission line,"{""type"":""Point"",""coordinates"":[-81.4932778438485,27.5789816261146]}","27.578982, -81.493278",NA,hifld_substation_point,https://services1.arcgis.com/CD5mKowwN6nIaqd8/ArcGIS/rest/services/project_renewable_us_substations_2022/FeatureServer/10 | matched: AVON PARK,medium,Loop the adjacent new Doorfield,Avon,500,0,Transmission Facilities for the Spoonbill Solar Energy Center in Collier County; Spoonbill Solar Energy Center in Collier County,NA,NA,2029,0,NA,Loop the adjacent new Doorfield; Avon; Transmission Facilities for the Spoonbill Solar Energy Center in Collier County; Spoonbill Solar Energy Center in Collier County; Collier County; Boardwalk,FPL - Ten-Year Site Plan,https://www.fpl.com/content/dam/fplgp/us/en/about/pdf/ten-year-site-plan.pdf,"Loop the adjacent new Doorfield - Avon 230 kV into Dove substation. No additional upgrades are expected to be necessary at this time. Florida Power & Light Company 177 III.E.81 Transmission Facilities for the Spoonbill Solar Energy Center in Collier County The work required to connect the approximate 74.5 MW (nameplate, AC) Spoonbill Solar Energy Center in Collier County in the 1st Quarter of 2029 is projected to be: I. Extend 500 kV bus at Boardwalk substation and interconnect the 500/34.5kV transformer through a 500kV breaker. Construct 34.5 kV bus to connect the PV array to Boardwalk 500 kV Substation. Add relays and other protective equipment. Breaker replacements: None II. No additional upgrades are expected to be necessary at this time.",2026-09-26T16:50:05+00:00,2026-09-26T20:29:57+00:00,yes
6814c3a28d4f806ce275,Florida Power & Light,None II. Construct approximately 8.0 miles string bus from Stallion 230 kV to Tern substation,New transmission line,NA,NA,NA,NA,NA,none,miles string bus from Stallion 230 kV to Tern,I. Extend the existing 34.5 kV bus at Tern,230,8,Transmission Facilities for the Ladybug Battery Energy Storage System Center in DeSoto County; Ladybug Battery Energy Storage System Center in DeSoto County,NA,NA,2029,0,NA,miles string bus from Stallion 230 kV to Tern; I. Extend the existing 34.5 kV bus at Tern; Transmission Facilities for the Ladybug Battery Energy Storage System Center in DeSoto County; Ladybug Battery Energy Storage System Center in DeSoto County; Stallion; Tern; DeSoto County; Tern Substation,FPL - Ten-Year Site Plan,https://www.fpl.com/content/dam/fplgp/us/en/about/pdf/ten-year-site-plan.pdf,"Breaker replacements: None II. Construct approximately 8.0 miles string bus from Stallion 230 kV to Tern substation. No additional upgrades are expected to be necessary at this time. Florida Power & Light Company 171 III.E.75 Transmission Facilities for the Ladybug Battery Energy Storage System Center in DeSoto County The work required to connect the approximate 74.5 MW (nameplate, AC) Ladybug Battery Energy Storage System Center in DeSoto County in the 1st Quarter of 2029 is projected to be: I. Extend the existing 34.5 kV bus at Tern Substation to connect the BESS. Add relays and other protective equipment. Breaker replacements: None II. No additional transmission work is required.",2026-09-26T16:50:05+00:00,2026-09-26T20:29:57+00:00,yes
3a2d7063ad5a7a74251c,Florida Power & Light,None II. Loop the adjacent new Butler - Plum 115 kV into Damson substation,New transmission line,"{""type"":""Point"",""coordinates"":[-80.1096175919504,26.9134488422923]}","26.913449, -80.109618",NA,hifld_substation_point,https://services1.arcgis.com/CD5mKowwN6nIaqd8/ArcGIS/rest/services/project_renewable_us_substations_2022/FeatureServer/10 | matched: PLUMOSUS,medium,None II. Loop the adjacent new Butler,Plum,230,0,Transmission Facilities for the Caladium Solar Energy Center in Highlands County; Caladium Solar Energy Center in Highlands County,NA,NA,2029,0,NA,None II. Loop the adjacent new Butler; Plum; Transmission Facilities for the Caladium Solar Energy Center in Highlands County; Caladium Solar Energy Center in Highlands County; Highlands County; Condor,FPL - Ten-Year Site Plan,https://www.fpl.com/content/dam/fplgp/us/en/about/pdf/ten-year-site-plan.pdf,"Breaker replacements: None II. Loop the adjacent new Butler - Plum 115 kV into Damson substation. No additional upgrades are expected to be necessary at this time. Florida Power & Light Company 180 III.E.84 Transmission Facilities for the Caladium Solar Energy Center in Highlands County The work required to connect the approximate 74.5 MW (nameplate, AC) Caladium Solar Energy Center in Highlands County in the 3rd Quarter of 2029 is projected to be: I. Construct a new single bus, two (2) breaker 230 kV substation (Condor) on the project site, adjacent to the Avon - Waterway 230 kV line. Add one 230/34.5 kV main step-up transformer (85 MVA) with a 230 kV breaker to connect PV inverter array at Condor substation. Construct 34.5 kV bus to connect the PV array to Condor 230 kV substation. Add relays and other protective equipment.",2026-09-26T16:50:05+00:00,2026-09-26T20:29:57+00:00,yes
8ec4bdef6550c5876c82,Florida Power & Light,None II. Loop the adjacent new Doorfield - Avon 230 kV into Dove substation,New transmission line,"{""type"":""Point"",""coordinates"":[-81.4932778438485,27.5789816261146]}","27.578982, -81.493278",NA,hifld_substation_point,https://services1.arcgis.com/CD5mKowwN6nIaqd8/ArcGIS/rest/services/project_renewable_us_substations_2022/FeatureServer/10 | matched: AVON PARK,medium,None II. Loop the adjacent new Doorfield,Avon,500,0,Transmission Facilities for the Spoonbill Solar Energy Center in Collier County; Spoonbill Solar Energy Center in Collier County,NA,NA,2029,0,NA,None II. Loop the adjacent new Doorfield; Avon; Transmission Facilities for the Spoonbill Solar Energy Center in Collier County; Spoonbill Solar Energy Center in Collier County; Collier County; Boardwalk,FPL - Ten-Year Site Plan,https://www.fpl.com/content/dam/fplgp/us/en/about/pdf/ten-year-site-plan.pdf,"Breaker replacements: None II. Loop the adjacent new Doorfield - Avon 230 kV into Dove substation. No additional upgrades are expected to be necessary at this time. Florida Power & Light Company 177 III.E.81 Transmission Facilities for the Spoonbill Solar Energy Center in Collier County The work required to connect the approximate 74.5 MW (nameplate, AC) Spoonbill Solar Energy Center in Collier County in the 1st Quarter of 2029 is projected to be: I. Extend 500 kV bus at Boardwalk substation and interconnect the 500/34.5kV transformer through a 500kV breaker. Construct 34.5 kV bus to connect the PV array to Boardwalk 500 kV Substation. Add relays and other protective equipment. Breaker replacements: None II.",2026-09-26T16:50:05+00:00,2026-09-26T20:29:57+00:00,yes
9b74e77c3cea9efa9696,Florida Power & Light,two (2) breaker 115 kV substation,New transmission line,"{""type"":""LineString"",""coordinates"":[[-82.3440038159786,30.0212182304143],[-80.1096175919504,26.9134488422923]]}","28.467334, -81.226811",NA,hifld_substation_endpoints,https://services1.arcgis.com/CD5mKowwN6nIaqd8/ArcGIS/rest/services/project_renewable_us_substations_2022/FeatureServer/10 | matched: LAKE BUTLER; PLUMOSUS,medium,adjacent to the Butler,Plum,115,0,Transmission Facilities for the New River Solar Energy Center in Union County; New River Solar Energy Center in Union County,NA,NA,2029,0,NA,adjacent to the Butler; Plum; Transmission Facilities for the New River Solar Energy Center in Union County; New River Solar Energy Center in Union County; Union County; Damson,FPL - Ten-Year Site Plan,https://www.fpl.com/content/dam/fplgp/us/en/about/pdf/ten-year-site-plan.pdf,"Add relays and other protective equipment. Breaker replacements: None II. No additional upgrades are expected to be necessary at this time. Florida Power & Light Company 179 III.E.83 Transmission Facilities for the New River Solar Energy Center in Union County The work required to connect the approximate 74.5 MW (nameplate, AC) New River Solar Energy Center in Union County in the 3rd Quarter of 2029 is projected to be: I. Construct a new single bus, two (2) breaker 115 kV substation Damson on the project site, adjacent to the Butler - Plum 115 kV line. Add one 115/34.5 kV main step-up transformer (85 MVA) with a 115 kV breaker to connect PV inverter array at Damson substation. Construct 34.5 kV bus to connect the PV array to Damson 115 kV substation. Add relays and other protective equipment.",2026-09-26T16:50:05+00:00,2026-09-26T20:29:57+00:00,yes
bf1871f0e35a79716107,Florida Power & Light,two (2) breaker 230 kV substation,New transmission line,"{""type"":""Point"",""coordinates"":[-81.4933512146939,27.5811447471278]}","27.581145, -81.493351",NA,hifld_substation_point,https://services1.arcgis.com/CD5mKowwN6nIaqd8/ArcGIS/rest/services/project_renewable_us_substations_2022/FeatureServer/10 | matched: AVON PARK,medium,adjacent to the new Doorfield,Avon,230,0,Transmission Facilities for the Dove Solar Energy Center in DeSoto County; Dove Solar Energy Center in DeSoto County,NA,NA,2029,0,NA,adjacent to the new Doorfield; Avon; Transmission Facilities for the Dove Solar Energy Center in DeSoto County; Dove Solar Energy Center in DeSoto County; DeSoto County; Dove,FPL - Ten-Year Site Plan,https://www.fpl.com/content/dam/fplgp/us/en/about/pdf/ten-year-site-plan.pdf,"Breaker replacements: None II. No additional transmission work is required. No upgrades are expected to be necessary at this time. Florida Power & Light Company 176 III.E.80 Transmission Facilities for the Dove Solar Energy Center in DeSoto County The work required to connect the approximate 74.5 MW (nameplate, AC) Dove Solar Energy Center in DeSoto County in the 1st Quarter of 2029 is projected to be: I. Construct a new single bus, two (2) breaker 230 kV substation Dove on the project site, adjacent to the new Doorfield - Avon 230 kV line. Add one 230/34.5 kV main step-up transformer (85 MVA) with a 230 kV breaker to connect PV inverter array at Dove substation. Construct 34.5 kV bus to connect the PV array to Dove 230 kV substation. Add relays and other protective equipment.",2026-09-26T16:50:05+00:00,2026-09-26T20:29:57+00:00,yes
d6e59f641aba2cfb04e5,Florida Power & Light,two (2) breaker 230 kV substation,New transmission line,NA,NA,NA,NA,NA,none,adjacent to the Avon,Waterway,230,0,Transmission Facilities for the Caladium Solar Energy Center in Highlands County; Caladium Solar Energy Center in Highlands County,NA,NA,2029,0,NA,adjacent to the Avon; Waterway; Transmission Facilities for the Caladium Solar Energy Center in Highlands County; Caladium Solar Energy Center in Highlands County; Highlands County; Condor,FPL - Ten-Year Site Plan,https://www.fpl.com/content/dam/fplgp/us/en/about/pdf/ten-year-site-plan.pdf,"No additional upgrades are expected to be necessary at this time. Florida Power & Light Company 180 III.E.84 Transmission Facilities for the Caladium Solar Energy Center in Highlands County The work required to connect the approximate 74.5 MW (nameplate, AC) Caladium Solar Energy Center in Highlands County in the 3rd Quarter of 2029 is projected to be: I. Construct a new single bus, two (2) breaker 230 kV substation (Condor) on the project site, adjacent to the Avon - Waterway 230 kV line. Add one 230/34.5 kV main step-up transformer (85 MVA) with a 230 kV breaker to connect PV inverter array at Condor substation. Construct 34.5 kV bus to connect the PV array to Condor 230 kV substation. Add relays and other protective equipment. Breaker replacements: None II. Loop the adjacent new Avon - Waterway 230 kV into Condor substation.",2026-09-26T16:50:05+00:00,2026-09-26T20:29:57+00:00,yes
ed844aeb9de2c0610618,Florida Power & Light,FPL - Ten-Year Site Plan: Commercial In-service date: 2030 (5) Fuel a. Primary Fuel Solar b. Alternate Fuel Not Applicable (6) Air Pollution,New transmission line,NA,NA,NA,NA,NA,none,NA,NA,0,0,NA,NA,NA,2030,0,35 years,NA,FPL - Ten-Year Site Plan,https://www.fpl.com/content/dam/fplgp/us/en/about/pdf/ten-year-site-plan.pdf,"Commercial In-service date: 2030 (5) Fuel a. Primary Fuel Solar b. Alternate Fuel Not Applicable (6) Air Pollution and Control Strategy: Not Applicable (7) Cooling Method: Not Applicable (8) Total Site Area: TBD Acres (9) Construction Status: P (Planned Unit) (10) Certification Status: --- (11) Status with Federal Agencies: --- (12) Projected Unit Performance Data: Planned Outage Factor (POF): Not Applicable Forced Outage Factor (FOF): Not Applicable Equivalent Availability Factor (EAF): Not Applicable Resulting Capacity Factor (%): TBD (First Full Year Operation) Average Net Operating Heat Rate (ANOHR): Not Applicable Base Operation 75F,100% Average Net Incremental Heat Rate (ANIHR): Not Applicable Peak Operation 75F,100% (13) Projected Unit Financial Data * Book Life (Years): 35 years Total Installed Cost (2030 $/kW): TBD Direct Construction Cost ($/kW): TBD AFUDC Amount (2030 $/kW): TBD Escalation ($/kW): TBD Fixed O&M ($/kW-Yr.): (2030 $) TBD (First Full Year Operation) Variable O&M ($/MWH): (2030 $) TBD K Factor: TBD * $/kW values are based on nameplate capacity. Note: Total installed cost includes transmission interconnection and AFUDC. 1/ The value shown represents FPL’s current projection of the firm capacity of this amount of incremental PV assuming the planned PV additions in prior years. As the amount of PV on FPL’s system increases, the remaining Summer load not served by solar is altered so that the remaining Summer peak load moves to later in the day. Because the amount of solar energy diminishes in these later hours, the firm capacity value of the incremental solar is decreased. 2/ FPL will continue to analyze the projected impacts of increasing amounts of PV in its on-going resource planning work.",2026-09-26T16:50:05+00:00,2026-09-26T20:29:57+00:00,yes
d2a4e389302b077fba80,Florida Power & Light,FPL - Ten-Year Site Plan: Commercial In-service date: 2031 (5) Fuel a. Primary Fuel Not Applicable b. Alternate Fuel Not Applicable (6) Air,New transmission line,NA,NA,NA,NA,NA,none,NA,NA,0,0,NA,NA,NA,2031,0,20 years,NA,FPL - Ten-Year Site Plan,https://www.fpl.com/content/dam/fplgp/us/en/about/pdf/ten-year-site-plan.pdf,"Commercial In-service date: 2031 (5) Fuel a. Primary Fuel Not Applicable b. Alternate Fuel Not Applicable (6) Air Pollution and Control Strategy: Not Applicable (7) Cooling Method: Not Applicable (8) Total Site Area: TBD Acres (9) Construction Status: P (Planned Unit) (10) Certification Status: --- (11) Status with Federal Agencies: --- (12) Projected Unit Performance Data: Planned Outage Factor (POF): Not Applicable Forced Outage Factor (FOF): Not Applicable Equivalent Availability Factor (EAF): Not Applicable Round-Trip Efficiency: TBD (First Full Year Operation) Average Net Operating Heat Rate (ANOHR): Not Applicable Base Operation 75F,100% Average Net Incremental Heat Rate (ANIHR): Not Applicable Peak Operation 75F,100% (13) Projected Unit Financial Data * Book Life (Years): 20 years Total Installed Cost (2031 $/kW): TBD Direct Construction Cost ($/kW): TBD AFUDC Amount (2031 $/kW): TBD Escalation ($/kW): TBD Fixed O&M ($/kW-Yr.): (2031 $) TBD (First Full Year Operation) Variable O&M ($/MWH): (2031 $) TBD K Factor: TBD * $/kW values are based on nameplate capacity. Note: Total installed cost includes transmission interconnection and AFUDC. 1/ The value shown represents FPL’s current projection of the firm capacity of this battery storage after the net load of the system and other battery storage being discharged. Because battery storage ""flattens"" the peak period, the firm capacity value of storage decreases as more battery storage is added to the system. 2/ FPL will continue to analyze the projected impacts of increasing amounts of battery storage in its on-going resource planning work. Florida Power & Light Company 305 Page 91 of 100 Schedule 9 Schedule 9 Status Report and Specifications of Proposed Generating Facilities Status Report and Specifications of Propose",2026-09-26T16:50:05+00:00,2026-09-26T20:29:57+00:00,yes
be0548aa0ab9e5f0c99d,Florida Power & Light,FPL - Ten-Year Site Plan: Commercial In-service date: 2032 (5) Fuel a. Primary Fuel Natural Gas b. Alternate Fuel Not Applicable (6) Air,New transmission line,NA,NA,NA,NA,NA,none,NA,NA,0,0,NA,NA,NA,2032,0,50 years,NA,FPL - Ten-Year Site Plan,https://www.fpl.com/content/dam/fplgp/us/en/about/pdf/ten-year-site-plan.pdf,"Commercial In-service date: 2032 (5) Fuel a. Primary Fuel Natural Gas b. Alternate Fuel Not Applicable (6) Air Pollution and Control Strategy: Not Applicable (7) Cooling Method: Not Applicable (8) Total Site Area: TBD Acres (9) Construction Status: P (Planned Unit) (10) Certification Status: --- (11) Status with Federal Agencies: --- (12) Projected Unit Performance Data: Planned Outage Factor (POF): Not Applicable Forced Outage Factor (FOF): Not Applicable Equivalent Availability Factor (EAF): Not Applicable Resulting Capacity Factor (%): TBD (First Full Year Operation) Average Net Operating Heat Rate (ANOHR): Not Applicable Base Operation 75F,100% Average Net Incremental Heat Rate (ANIHR): Not Applicable Peak Operation 75F,100% (13) Projected Unit Financial Data * Book Life (Years): 50 years Total Installed Cost (2032 $/kW): TBD Direct Construction Cost ($/kW): TBD AFUDC Amount (2032 $/kW): TBD Escalation ($/kW): TBD Fixed O&M ($/kW-Yr.): (2032 $) TBD (First Full Year Operation) Variable O&M ($/MWH): (2032 $) TBD K Factor: TBD * $/kW values are based on nameplate capacity. Note: Total installed cost includes transmission interconnection and AFUDC. 1/ The value shown represents FPL’s current projection of the firm capacity of this amount of incremental PV assuming the planned PV additions in prior years. As the amount of PV on FPL’s system increases, the remaining Summer load not served by solar is altered so that the remaining Summer peak load moves to later in the day. Because the amount of solar energy diminishes in these later hours, the firm capacity value of the incremental solar is decreased. 2/ FPL will continue to analyze the projected impacts of increasing amounts of PV in its on-going resource planning work.",2026-09-26T16:50:05+00:00,2026-09-26T20:29:57+00:00,yes
ce0d83cb0aaa010e0bfb,Florida Power & Light,FPL - Ten-Year Site Plan: Commercial In-service date: 2032 (5) Fuel a. Primary Fuel Not Applicable b. Alternate Fuel Not Applicable (6) Air,New transmission line,NA,NA,NA,NA,NA,none,NA,NA,0,0,NA,NA,NA,2032,0,20 years,NA,FPL - Ten-Year Site Plan,https://www.fpl.com/content/dam/fplgp/us/en/about/pdf/ten-year-site-plan.pdf,"Commercial In-service date: 2032 (5) Fuel a. Primary Fuel Not Applicable b. Alternate Fuel Not Applicable (6) Air Pollution and Control Strategy: Not Applicable (7) Cooling Method: Not Applicable (8) Total Site Area: TBD Acres (9) Construction Status: P (Planned Unit) (10) Certification Status: --- (11) Status with Federal Agencies: --- (12) Projected Unit Performance Data: Planned Outage Factor (POF): Not Applicable Forced Outage Factor (FOF): Not Applicable Equivalent Availability Factor (EAF): Not Applicable Round-Trip Efficiency: TBD (First Full Year Operation) Average Net Operating Heat Rate (ANOHR): Not Applicable Base Operation 75F,100% Average Net Incremental Heat Rate (ANIHR): Not Applicable Peak Operation 75F,100% (13) Projected Unit Financial Data * Book Life (Years): 20 years Total Installed Cost (2032 $/kW): TBD Direct Construction Cost ($/kW): TBD AFUDC Amount (2032 $/kW): TBD Escalation ($/kW): TBD Fixed O&M ($/kW-Yr.): (2032 $) TBD (First Full Year Operation) Variable O&M ($/MWH): (2032 $) TBD K Factor: TBD * $/kW values are based on nameplate capacity. Note: Total installed cost includes transmission interconnection and AFUDC. 1/ The value show n represents FPL’s current projection of the firm capacity of this battery storage after the net load of the system and other battery storage being discharged. Because battery storage ""flattens"" the peak period, the firm capacity value of storage decreases as more battery storage is added to the system. 2/ FPL w ill continue to analyze the projected impacts of increasing amounts of battery storage in its on-going resource planning w ork. Florida Power & Light Company 307 Page 93 of 100 Schedule 9 Schedule 9 Status Report and Specifications of Proposed Generating Facilities Status Report and Specifications of Prop",2026-09-26T16:50:05+00:00,2026-09-26T20:29:57+00:00,yes
f1bbe9c84e2fd93b45a1,Florida Power & Light,FPL - Ten-Year Site Plan: Commercial In-service date: 2033 (5) Fuel a. Primary Fuel Natural Gas b. Alternate Fuel Not Applicable (6) Air,New transmission line,NA,NA,NA,NA,NA,none,NA,NA,0,0,NA,NA,NA,2033,0,50 years,NA,FPL - Ten-Year Site Plan,https://www.fpl.com/content/dam/fplgp/us/en/about/pdf/ten-year-site-plan.pdf,"Commercial In-service date: 2033 (5) Fuel a. Primary Fuel Natural Gas b. Alternate Fuel Not Applicable (6) Air Pollution and Control Strategy: Not Applicable (7) Cooling Method: Not Applicable (8) Total Site Area: TBD Acres (9) Construction Status: P (Planned Unit) (10) Certification Status: --- (11) Status with Federal Agencies: --- (12) Projected Unit Performance Data: Planned Outage Factor (POF): Not Applicable Forced Outage Factor (FOF): Not Applicable Equivalent Availability Factor (EAF): Not Applicable Resulting Capacity Factor (%): TBD (First Full Year Operation) Average Net Operating Heat Rate (ANOHR): Not Applicable Base Operation 75F,100% Average Net Incremental Heat Rate (ANIHR): Not Applicable Peak Operation 75F,100% (13) Projected Unit Financial Data * Book Life (Years): 50 years Total Installed Cost (2033 $/kW): TBD Direct Construction Cost ($/kW): TBD AFUDC Amount (2033 $/kW): TBD Escalation ($/kW): TBD Fixed O&M ($/kW-Yr.): (2033 $) TBD (First Full Year Operation) Variable O&M ($/MWH): (2033 $) TBD K Factor: TBD * $/kW values are based on nameplate capacity. Note: Total installed cost includes transmission interconnection and AFUDC. 1/ The value shown represents FPL’s current projection of the firm capacity of this amount of incremental PV assuming the planned PV additions in prior years. As the amount of PV on FPL’s system increases, the remaining Summer load not served by solar is altered so that the remaining Summer peak load moves to later in the day. Because the amount of solar energy diminishes in these later hours, the firm capacity value of the incremental solar is decreased. 2/ FPL will continue to analyze the projected impacts of increasing amounts of PV in its on-going resource planning work.",2026-09-26T16:50:05+00:00,2026-09-26T20:29:57+00:00,yes
d44c413edc0ab4ff42f5,Florida Power & Light,FPL - Ten-Year Site Plan: Commercial In-service date: 2033 (5) Fuel a. Primary Fuel Not Applicable b. Alternate Fuel Not Applicable (6) Air,New transmission line,NA,NA,NA,NA,NA,none,NA,NA,0,0,NA,NA,NA,2033,0,20 years,NA,FPL - Ten-Year Site Plan,https://www.fpl.com/content/dam/fplgp/us/en/about/pdf/ten-year-site-plan.pdf,"Commercial In-service date: 2033 (5) Fuel a. Primary Fuel Not Applicable b. Alternate Fuel Not Applicable (6) Air Pollution and Control Strategy: Not Applicable (7) Cooling Method: Not Applicable (8) Total Site Area: TBD Acres (9) Construction Status: P (Planned Unit) (10) Certification Status: --- (11) Status with Federal Agencies: --- (12) Projected Unit Performance Data: Planned Outage Factor (POF): Not Applicable Forced Outage Factor (FOF): Not Applicable Equivalent Availability Factor (EAF): Not Applicable Round-Trip Efficiency: TBD (First Full Year Operation) Average Net Operating Heat Rate (ANOHR): Not Applicable Base Operation 75F,100% Average Net Incremental Heat Rate (ANIHR): Not Applicable Peak Operation 75F,100% (13) Projected Unit Financial Data * Book Life (Years): 20 years Total Installed Cost (2033 $/kW): TBD Direct Construction Cost ($/kW): TBD AFUDC Amount (2033 $/kW): TBD Escalation ($/kW): TBD Fixed O&M ($/kW-Yr.): (2033 $) TBD (First Full Year Operation) Variable O&M ($/MWH): (2033 $) TBD K Factor: TBD * $/kW values are based on nameplate capacity. Note: Total installed cost includes transmission interconnection and AFUDC. 1/ The value show n represents FPL’s current projection of the firm capacity of this battery storage after the net load of the system and other battery storage being discharged. Because battery storage ""flattens"" the peak period, the firm capacity value of storage decreases as more battery storage is added to the system. 2/ FPL w ill continue to analyze the projected impacts of increasing amounts of battery storage in its on-going resource planning w ork. Florida Power & Light Company 309 Page 95 of 100 Schedule 9 Schedule 9 Status Report and Specifications of Proposed Generating Facilities Status Report and Specifications of Prop",2026-09-26T16:50:05+00:00,2026-09-26T20:29:57+00:00,yes
2483e0ee3598b5fdf697,Florida Power & Light,One 500kV transmission line,New transmission line,NA,NA,NA,NA,NA,none,s existing Quarry,to the planned Oasis,500,0,NA,NA,NA,2033,0,NA,s existing Quarry; to the planned Oasis; FPL,FPL - Transmission Projects,https://www.fpl.com/reliability/andytown-oasis-project.html,"One 500kV transmission line from FPL’s existing Quarry substation to the planned Oasis substation. One 230kV transmission line from FPL’s planned Oasis substation to the existing Levee substation. One 230kV transmission line from FPL’s planned Oasis substation to the existing Quarry substation. FPL evaluated various potential routes for the new transmission line corridor, some of which include existing rights-of-ways, and identified a preliminary preferred corridor. FPL is committed to keeping the community informed throughout the process and we will provide additional information as the project progresses. FPL has filed an application under the Florida’s Electric Transmission Line Siting Act. FPL will work safely and respectfully and abide by applicable environmental and governmental regulations. FPL plans to complete the projects in 2033.",2026-09-26T16:50:05+00:00,2026-09-26T20:29:57+00:00,yes
3e824dbe99402aeda741,Florida Power & Light,FPL - Ten-Year Site Plan: Commercial In-service date: 2034 (5) Fuel a. Primary Fuel Natural Gas b. Alternate Fuel Not Applicable (6) Air,New transmission line,NA,NA,NA,NA,NA,none,NA,NA,0,0,NA,NA,NA,2034,0,50 years,NA,FPL - Ten-Year Site Plan,https://www.fpl.com/content/dam/fplgp/us/en/about/pdf/ten-year-site-plan.pdf,"Commercial In-service date: 2034 (5) Fuel a. Primary Fuel Natural Gas b. Alternate Fuel Not Applicable (6) Air Pollution and Control Strategy: Not Applicable (7) Cooling Method: Not Applicable (8) Total Site Area: TBD Acres (9) Construction Status: P (Planned Unit) (10) Certification Status: --- (11) Status with Federal Agencies: --- (12) Projected Unit Performance Data: Planned Outage Factor (POF): Not Applicable Forced Outage Factor (FOF): Not Applicable Equivalent Availability Factor (EAF): Not Applicable Resulting Capacity Factor (%): TBD (First Full Year Operation) Average Net Operating Heat Rate (ANOHR): Not Applicable Base Operation 75F,100% Average Net Incremental Heat Rate (ANIHR): Not Applicable Peak Operation 75F,100% (13) Projected Unit Financial Data * Book Life (Years): 50 years Total Installed Cost (2034 $/kW): TBD Direct Construction Cost ($/kW): TBD AFUDC Amount (2034 $/kW): TBD Escalation ($/kW): TBD Fixed O&M ($/kW-Yr.): (2034 $) TBD (First Full Year Operation) Variable O&M ($/MWH): (2034 $) TBD K Factor: TBD * $/kW values are based on nameplate capacity. Note: Total installed cost includes transmission interconnection and AFUDC. 1/ The value shown represents FPL’s current projection of the firm capacity of this amount of incremental PV assuming the planned PV additions in prior years. As the amount of PV on FPL’s system increases, the remaining Summer load not served by solar is altered so that the remaining Summer peak load moves to later in the day. Because the amount of solar energy diminishes in these later hours, the firm capacity value of the incremental solar is decreased. 2/ FPL will continue to analyze the projected impacts of increasing amounts of PV in its on-going resource planning work.",2026-09-26T16:50:05+00:00,2026-09-26T20:29:57+00:00,yes
690a1b36cb65b4fb8eeb,Florida Power & Light,FPL - Ten-Year Site Plan: Commercial In-service date: 2034 (5) Fuel a. Primary Fuel Not Applicable b. Alternate Fuel Not Applicable (6) Air,New transmission line,NA,NA,NA,NA,NA,none,NA,NA,0,0,NA,NA,NA,2034,0,20 years,NA,FPL - Ten-Year Site Plan,https://www.fpl.com/content/dam/fplgp/us/en/about/pdf/ten-year-site-plan.pdf,"Commercial In-service date: 2034 (5) Fuel a. Primary Fuel Not Applicable b. Alternate Fuel Not Applicable (6) Air Pollution and Control Strategy: Not Applicable (7) Cooling Method: Not Applicable (8) Total Site Area: TBD Acres (9) Construction Status: P (Planned Unit) (10) Certification Status: --- (11) Status with Federal Agencies: --- (12) Projected Unit Performance Data: Planned Outage Factor (POF): Not Applicable Forced Outage Factor (FOF): Not Applicable Equivalent Availability Factor (EAF): Not Applicable Round-Trip Efficiency: TBD (First Full Year Operation) Average Net Operating Heat Rate (ANOHR): Not Applicable Base Operation 75F,100% Average Net Incremental Heat Rate (ANIHR): Not Applicable Peak Operation 75F,100% (13) Projected Unit Financial Data * Book Life (Years): 20 years Total Installed Cost (2034 $/kW): TBD Direct Construction Cost ($/kW): TBD AFUDC Amount (2034 $/kW): TBD Escalation ($/kW): TBD Fixed O&M ($/kW-Yr.): (2034 $) TBD (First Full Year Operation) Variable O&M ($/MWH): (2034 $) TBD K Factor: TBD * $/kW values are based on nameplate capacity. Note: Total installed cost includes transmission interconnection and AFUDC. 1/ The value show n represents FPL’s current projection of the firm capacity of this battery storage after the net load of the system and other battery storage being discharged. Because battery storage ""flattens"" the peak period, the firm capacity value of storage decreases as more battery storage is added to the system. 2/ FPL w ill continue to analyze the projected impacts of increasing amounts of battery storage in its on-going resource planning w ork. Florida Power & Light Company 312 Page 98 of 100 Schedule 9 Schedule 9 Status Report and Specifications of Proposed Generating Facilities Status Report and Specifications of Prop",2026-09-26T16:50:05+00:00,2026-09-26T20:29:57+00:00,yes
8e0c44f4ed30c51d36f4,Florida Power & Light,FPL - Ten-Year Site Plan: Commercial In-service date: 2035 (5) Fuel a. Primary Fuel Natural Gas b. Alternate Fuel Not Applicable (6) Air,New transmission line,NA,NA,NA,NA,NA,none,NA,NA,0,0,NA,NA,NA,2035,0,50 years,NA,FPL - Ten-Year Site Plan,https://www.fpl.com/content/dam/fplgp/us/en/about/pdf/ten-year-site-plan.pdf,"Commercial In-service date: 2035 (5) Fuel a. Primary Fuel Natural Gas b. Alternate Fuel Not Applicable (6) Air Pollution and Control Strategy: Not Applicable (7) Cooling Method: Not Applicable (8) Total Site Area: TBD Acres (9) Construction Status: P (Planned Unit) (10) Certification Status: --- (11) Status with Federal Agencies: --- (12) Projected Unit Performance Data: Planned Outage Factor (POF): Not Applicable Forced Outage Factor (FOF): Not Applicable Equivalent Availability Factor (EAF): Not Applicable Resulting Capacity Factor (%): TBD (First Full Year Operation) Average Net Operating Heat Rate (ANOHR): Not Applicable Base Operation 75F,100% Average Net Incremental Heat Rate (ANIHR): Not Applicable Peak Operation 75F,100% (13) Projected Unit Financial Data * Book Life (Years): 50 years Total Installed Cost (2035 $/kW): TBD Direct Construction Cost ($/kW): TBD AFUDC Amount (2035 $/kW): TBD Escalation ($/kW): TBD Fixed O&M ($/kW-Yr.): (2035 $) TBD (First Full Year Operation) Variable O&M ($/MWH): (2035 $) TBD K Factor: TBD * $/kW values are based on nameplate capacity. Note: Total installed cost includes transmission interconnection and AFUDC. 1/ The value shown represents FPL’s current projection of the firm capacity of this amount of incremental PV assuming the planned PV additions in prior years. As the amount of PV on FPL’s system increases, the remaining Summer load not served by solar is altered so that the remaining Summer peak load moves to later in the day. Because the amount of solar energy diminishes in these later hours, the firm capacity value of the incremental solar is decreased. 2/ FPL will continue to analyze the projected impacts of increasing amounts of PV in its on-going resource planning work.",2026-09-26T16:50:05+00:00,2026-09-26T20:29:57+00:00,yes
75ae37cd7c2dcbf6e39b,Florida Power & Light,FPL - Ten-Year Site Plan: Commercial In-service date: 2035 (5) Fuel a. Primary Fuel Not Applicable b. Alternate Fuel Not Applicable (6) Air,New transmission line,NA,NA,NA,NA,NA,none,NA,NA,0,0,NA,NA,NA,2035,0,20 years,NA,FPL - Ten-Year Site Plan,https://www.fpl.com/content/dam/fplgp/us/en/about/pdf/ten-year-site-plan.pdf,"Commercial In-service date: 2035 (5) Fuel a. Primary Fuel Not Applicable b. Alternate Fuel Not Applicable (6) Air Pollution and Control Strategy: Not Applicable (7) Cooling Method: Not Applicable (8) Total Site Area: TBD Acres (9) Construction Status: P (Planned Unit) (10) Certification Status: --- (11) Status with Federal Agencies: --- (12) Projected Unit Performance Data: Planned Outage Factor (POF): Not Applicable Forced Outage Factor (FOF): Not Applicable Equivalent Availability Factor (EAF): Not Applicable Round-Trip Efficiency: TBD (First Full Year Operation) Average Net Operating Heat Rate (ANOHR): Not Applicable Base Operation 75F,100% Average Net Incremental Heat Rate (ANIHR): Not Applicable Peak Operation 75F,100% (13) Projected Unit Financial Data * Book Life (Years): 20 years Total Installed Cost (2035 $/kW): TBD Direct Construction Cost ($/kW): TBD AFUDC Amount (2035 $/kW): TBD Escalation ($/kW): TBD Fixed O&M ($/kW-Yr.): (2035 $) TBD (First Full Year Operation) Variable O&M ($/MWH): (2035 $) TBD K Factor: TBD * $/kW values are based on nameplate capacity. Note: Total installed cost includes transmission interconnection and AFUDC. 1/ The value show n represents FPL’s current projection of the firm capacity of this battery storage after the net load of the system and other battery storage being discharged. Because battery storage ""flattens"" the peak period, the firm capacity value of storage decreases as more battery storage is added to the system. 2/ FPL w ill continue to analyze the projected impacts of increasing amounts of battery storage in its on-going resource planning w ork. Florida Power & Light Company 315 Page 1 of 84 Schedule 10 Status Report and Specifications of Proposed Transmission Lines Clover Solar Energy Center (St.",2026-09-26T16:50:05+00:00,2026-09-26T20:29:57+00:00,yes
fc2fee07e9174cab9c40,Florida Power & Light,FPL - Ten-Year Site Plan: Commercial In-service date: 2035 (5) Fuel a. Primary Fuel Solar b. Alternate Fuel Not Applicable (6) Air Pollution,New transmission line,NA,NA,NA,NA,NA,none,NA,NA,0,0,NA,NA,NA,2035,0,35 years,NA,FPL - Ten-Year Site Plan,https://www.fpl.com/content/dam/fplgp/us/en/about/pdf/ten-year-site-plan.pdf,"Commercial In-service date: 2035 (5) Fuel a. Primary Fuel Solar b. Alternate Fuel Not Applicable (6) Air Pollution and Control Strategy: Not Applicable (7) Cooling Method: Not Applicable (8) Total Site Area: TBD Acres (9) Construction Status: P (Planned Unit) (10) Certification Status: --- (11) Status with Federal Agencies: --- (12) Projected Unit Performance Data: Planned Outage Factor (POF): Not Applicable Forced Outage Factor (FOF): Not Applicable Equivalent Availability Factor (EAF): Not Applicable Resulting Capacity Factor (%): TBD (First Full Year Operation) Average Net Operating Heat Rate (ANOHR): Not Applicable Base Operation 75F,100% Average Net Incremental Heat Rate (ANIHR): Not Applicable Peak Operation 75F,100% (13) Projected Unit Financial Data * Book Life (Years): 35 years Total Installed Cost (2035 $/kW): TBD Direct Construction Cost ($/kW): TBD AFUDC Amount (2035 $/kW): TBD Escalation ($/kW): TBD Fixed O&M ($/kW-Yr.): (2035 $) TBD (First Full Year Operation) Variable O&M ($/MWH): (2035 $) TBD K Factor: TBD * $/kW values are based on nameplate capacity. Note: Total installed cost includes transmission interconnection and AFUDC. 1/ The value show n represents FPL’s current projection of the firm capacity of this amount of incremental PV assuming the planned PV additions in prior years. As the amount of PV on FPL’s system increases, the remaining Summer load not served by solar is altered so that the remaining Summer peak load moves to later in the day. Because the amount of solar energy diminishes in these later hours, the firm capacity value of the incremental solar is decreased. 2/ FPL w ill continue to analyze the projected impacts of increasing amounts of PV in its on-going resource planning w ork.",2026-09-26T16:50:05+00:00,2026-09-26T20:29:57+00:00,yes
d402a94dacae6f7adecf,Florida Power & Light,"FPL - Ten-Year Site Plan: In terms of the resource additions in this Site Plan, all planned battery storage will still be eligible",Transmission project,NA,NA,NA,NA,NA,none,NA,NA,0,0,NA,NA,NA,2035,0,NA,NWFL; FPL,FPL - Ten-Year Site Plan,https://www.fpl.com/content/dam/fplgp/us/en/about/pdf/ten-year-site-plan.pdf,"In terms of the resource additions in this Site Plan, all planned battery storage will still be eligible for the 30% ITC through 2035. FPL’s resource plan presented in this Site Plan accounts for the effects of these tax credits and the impact of the OBBBA. Factor # 2: The critical need to maintain a balance between load and generating capacity in specific regions of FPL’s service area, such as in NWFL and Southeastern Florida (Miami -Dade and Broward Counties). This balance has both reliability and economic implications for FPL’s system and customers, and it is a key reason that FPL has expanded generation and transmission in specific areas in the past. Factor # 3: The desire to maintain/enhance fuel diversity in the FPL system while considering system economics and reliability. Diversity is sought in terms of the types of fuel that FPL utilizes and how these fuels are transported to the locations of FPL’s generation units. The objective of fuel diversity is considered in light of economic impacts to FPL customers. For example, FPL is projecting the addition of significant amounts of cost-effective PV generation throughout the ten-year reporting period of this Site Plan.",2026-09-26T16:50:05+00:00,2026-09-26T20:29:57+00:00,yes
da35315be7267a9e9bff,Florida Power & Light,"FPL - Ten-Year Site Plan: The battery storage ITC has also been affected by the OBBBA, but the associated impacts occur on a",Transmission project,NA,NA,NA,NA,NA,none,NA,NA,0,0,NA,NA,NA,2035,0,NA,Northwest Florida,FPL - Ten-Year Site Plan,https://www.fpl.com/content/dam/fplgp/us/en/about/pdf/ten-year-site-plan.pdf,"The battery storage ITC has also been affected by the OBBBA, but the associated impacts occur on a different timeline. In terms of the resource additions in this Site Plan , all planned battery storage will still be eligible for the 30% ITC through 2035. FPL’s resource plan presented in this Site Plan accounts for the effects of these tax credits and the impact of the OBBBA. The critical need to maintain a balance between load and generating capacity in specific regions of FPL’s service area, such as in Northwest Florida and Southeastern Florida (Miami-Dade and Broward counties): This balance has both reliability and economic implications for FPL’s system and customers, and it is a key reason that FPL has expanded generation and transmission in specific areas in the past. The desire to maintain/enhance fuel diversity in the FPL system while considering system economics and reliability: In 2025, FPL used natural gas to generate approximately 68% of the total electricity it delivered to its customers. By 2035, due largely to significant solar additions, the percentage of electricity generated by natural gas for FPL’s system is projected to decrease to approximately 57% based on the resource plan presented in this Site Plan. Due to this reliance on natural gas, opportunities to economically maintain and enhance fuel diversity are continually sought, with due consideration given to system economics. For example, FPL is projecting the addition of cost-effective solar generation throughout the ten -year reporting pe riod of this document.",2026-09-26T16:50:05+00:00,2026-09-26T20:29:57+00:00,yes
b7d38edc12e1d1a9d457,Multiple Florida Utilities,Appeal accompanied by applicable filing fees also must be filed with the appropriate District Court of Appeal. Transmission Line,Transmission project,NA,"30.476027, -84.360086","3900 COMMONWEALTH BLVD, TALLAHASSEE, FL, 32303",address_geocode,U.S. Census Geocoder,medium,NA,NA,0,0,NA,NA,NA,0,0,NA,Section; Rule; Process,Florida DEP - Siting Coordination Office,https://floridadep.gov/water/siting-coordination-office/content/opportunities-public-involvement,"Challenge the Siting Board’s Final Order within 30 days if you are a party. Any parties to the proceeding has the right to seek judicial review of the Final Order pursuant to Section 120.68, F.S., by filing a Notice of Appeal pursuant to Rule 9.110 with the Clerk of the Florida Department of Environmental Protection in the Office of General Counsel, 3900 Commonwealth Boulevard, MS 35, Tallahassee, Florida 32399-3000. A copy of the Notice of Appeal accompanied by applicable filing fees also must be filed with the appropriate District Court of Appeal. Transmission Line Certification Process Any citizen may: Download a copy of the application or visit the local DEP district office to view a hard copy. Many documents can be downloaded from the Applications in Process webpage. Provide comments to local government (city or county). Encourage local government to hold an informational public meeting in accordance with section 403.5272 , F.S. (the meeting must be held within 55 days after the application has been filed).",2026-09-26T16:50:05+00:00,2026-09-26T20:29:57+00:00,yes
7a8d488932b800c169fc,Multiple Florida Utilities,F.S.) Propose alternate transmission line,Transmission project,NA,NA,NA,NA,NA,none,NA,NA,0,0,NA,NA,NA,0,0,NA,Sections,Florida DEP - Siting Coordination Office,https://floridadep.gov/water/siting-coordination-office/content/opportunities-public-involvement,"( section 403.50665 , Florida Statutes (F.S.). Provide comments to their local government (city or county) and encourage local government to hold an informational public meeting. This meeting must be held within 70 days after the application has been filed. ( section 403.50663 , F.S.) Propose alternate transmission line corridors if the application allows for the opportunity pursuant to section 403.5064 (4), F.S., no later than 165 days before the Certification Hearing. Legal counsel may be needed if seeking to become a party to the case as defined in section 403.508 (2)(e), F.S. Further, timely filings with the Division of Administrative Hearings will be required. Be aware that there are expenses associated with proposing an alternate corridor. Appropriate fees, public notices and filings will be required pursuant to Sections 403.518 (6) and 403.5115 (7)(a), F.S.",2026-09-26T16:50:05+00:00,2026-09-26T20:29:57+00:00,yes
a1bcc19cf561247349d0,Multiple Florida Utilities,"Florida DEP - Siting Coordination Office: Certification is a comprehensive state license which includes any regulatory activity applicable under state, regional, and local regulations",New transmission line,NA,NA,NA,NA,NA,none,NA,NA,0,0,NA,NA,NA,0,0,NA,DEP,Florida DEP - Siting Coordination Office,https://floridadep.gov/water/siting-coordination-office,"Certification is a comprehensive state license which includes any regulatory activity applicable under state, regional, and local regulations for the facility. Though the Florida Department of Environmental Protection (DEP) is responsible for coordinating the certification process, the Governor and Cabinet issue siting certifications. Electric and magnetic fields (EMF) generated by electrical transmission lines are also regulated by DEP. The Siting Coordination Office reviews required compliance reports submitted by companies that construct or operate transmission lines. The Siting Coordination Office also assists county tax appraisers in determining eligibility for ad valorem tax reductions for air or water pollution control equipment. Interested in subscribing to DEP newsletters or receiving DEP updates through email? Sign Up About DEP The Florida Department of Environmental Protection is the state’s lead agency for environmental management and stewardship - protecting our air, water and land. The vision of the Florida Department of Environmental Protection is to create strong community partnerships, safeguard Florida’s natural resources and enhance its ecosystems.",2026-09-26T16:50:05+00:00,2026-09-26T20:29:57+00:00,yes
c7a953dd2789ee932851,Multiple Florida Utilities,"Florida DEP - Siting Coordination Office: Occasionally, if a voluntary purchase is not successful, utilities may use the power of eminent domain to acquire",New transmission line,NA,NA,NA,NA,NA,none,NA,NA,0,0,NA,NA,NA,0,0,NA,Chapters,Florida DEP - Siting Coordination Office,https://floridadep.gov/water/siting-coordination-office/content/rights-way-and-eminent-domain,"Occasionally, if a voluntary purchase is not successful, utilities may use the power of eminent domain to acquire private property for public use. Eminent Domain Eminent domain is the power of the state to take private property for public use with compensation to the owner. This power, given to electric utilities by the state of Florida, authorizes a utility to acquire a right-of-way even though the owner does not want to sell. Transmission lines and pipelines require a linear, continuous right-of-way, preventing the utility from simply purchasing necessary land rights from another, more willing property owner. Utilities have this option under Florida law because power lines and pipelines benefit the community at large. The eminent domain process is governed by procedures set forth in Chapters 73 and 74, Florida Statutes, and includes the right of the landowner to be represented by counsel in an appropriate proceeding. To be successful in an eminent domain process, the electric utility must first establish a need for the new facility. Then the utility must show that in its route selection it has considered and evaluated costs, safety, long-range area planning, environmental factors and alternative routes.",2026-09-26T16:50:05+00:00,2026-09-26T20:29:57+00:00,yes
8236abb57c3f20064359,Multiple Florida Utilities,Florida DEP - Siting Coordination Office: The Siting Coordination Office and Office of General Counsel (OGC) provide administrative and legal support for the certification,New transmission line,NA,NA,NA,NA,NA,none,NA,NA,0,0,NA,NA,NA,0,0,NA,DEP,Florida DEP - Siting Coordination Office,https://floridadep.gov/water/siting-coordination-office,"The Siting Coordination Office and Office of General Counsel (OGC) provide administrative and legal support for the certification process. Certification is a comprehensive state license which includes any regulatory activity applicable under state, regional, and local regulations for the facility. Though the Florida Department of Environmental Protection (DEP) is responsible for coordinating the certification process, the Governor and Cabinet issue siting certifications. Electric and magnetic fields (EMF) generated by electrical transmission lines are also regulated by DEP. The Siting Coordination Office reviews required compliance reports submitted by companies that construct or operate transmission lines. The Siting Coordination Office also assists county tax appraisers in determining eligibility for ad valorem tax reductions for air or water pollution control equipment. Interested in subscribing to DEP newsletters or receiving DEP updates through email? Sign Up About DEP The Florida Department of Environmental Protection is the state’s lead agency for environmental management and stewardship - protecting our air, water and land.",2026-09-26T16:50:05+00:00,2026-09-26T20:29:57+00:00,yes
207cb811b55e0d5c42f5,Multiple Florida Utilities,Most transmission lines conducting 230 kV or more are subject to the Transmission Line,New transmission line,NA,NA,NA,NA,NA,none,electric power over long distances from power plants to sub,stations. Distribution lines conduct less than,230,15,NA,NA,NA,0,0,NA,electric power over long distances from power plants to sub; stations. Distribution lines conduct less than,Florida DEP - Siting Coordination Office,https://floridadep.gov/water/siting-coordination-office/content/frequently-asked-questions,"Most transmission lines conducting 230 kV or more are subject to the Transmission Line Act. Exceptions: Transmission lines with construction limited to established rights-of-way, are less than 15 miles long, or that do not cross a county line are exempt from the Transmission Line Siting Act. Transmission lines certified under the Power Plant Siting Act are also exempt from the Transmission Line Siting Act. What is the difference between a transmission line and a distribution line? Transmission lines conduct 69 or more kV and deliver electric power over long distances from power plants to sub-stations. Distribution lines conduct less than 69 kV and deliver electric power from substations to residential and commercial users. Who determines that a transmission line is necessary? The utility typically determines when a new transmission line is necessary to transmit bulk power from one location to another.",2026-09-26T16:50:05+00:00,2026-09-26T20:29:57+00:00,yes
42486033041fab35760d,Multiple Florida Utilities,Pollution Control Devices Electric and Magnetic Fields Natural Gas Pipeline Siting Act Power Plant Siting Act Transmission Line,Transmission project,NA,NA,NA,NA,NA,none,NA,NA,0,0,NA,NA,NA,0,0,NA,Solid; Process Certified Facilities Information,Florida DEP - Siting Coordination Office,https://floridadep.gov/water/siting-coordination-office/content/ad-valorem-tax-assessment-pollution-control-devices,"Ad Valorem Tax Assessment of Pollution Control Devices | Florida Department of Environmental Protection Skip to main content Florida Department of Environmental Protection A-Z Index Forms News Events Contact Us MENU About DEP How Do I Toggle submenu Apply for a Permit Apply for a Job with DEP Access the DEP Business Portal Clean Up Sites Contaminated by Petroleum Contact Geographic Information Systems (GIS) Contact the GIO Dispose of Unwanted Medicine Find DEP Standard Operating Procedures Find a Permit Find a Spring Find Hurricane Information Find Parks, Trails & Recreation Areas Find Water Supply Plans Florida Beach Access Get GIS Data Get Information About the Volkswagen Settlement, Florida Mitigation Fund Get Training and Certifications Learn about Florida’s Coral Reefs Learn about Septic Tanks Learn about Sinkholes Learn about Wastewater Management Protect the Environment from Solid and Hazardous Wastes Purchase Property Receive Analytical Lab Services Report Algal Blooms Report Suspected Weather Modification Activities Research Florida Geology Review Agency Rules See Pollution Notices Submit a Nondiscrimination Complaint View DEP's Interactive Maps Divisions Toggle submenu Administrative Services Air Resource Management Cabinet Affairs Communications Ecosystems Restoration Environmental Accountability and Transparency Environmental Assessment and Restoration Florida Geological Survey General Counsel Inspector General Intergovernmental Programs Land and Recreation Law Enforcement Legislative Affairs Office of the Secretary Ombudsman and Public Services Recreation and Parks Regulatory Programs Resilience and Coastal Protection Springs State Lands Technology and Information Services Waste Management Water Policy and Ecosystems Restoration Water Resource Management Wa",2026-09-26T16:50:05+00:00,2026-09-26T20:29:57+00:00,yes
ad7069107f85d8895d67,Multiple Florida Utilities,State standards establish a maximum magnitude for both electric and magnetic fields allowed at the edge of a transmission line,New transmission line,NA,NA,NA,NA,NA,none,NA,NA,0,0,NA,NA,NA,0,0,20 years,Florida. Utilities; DEP,Florida DEP - Siting Coordination Office,https://floridadep.gov/water/siting-coordination-office/content/frequently-asked-questions,"The body of research that has been compiled over 20 years leads to the conclusion that there is no statistically significant correlation between electromagnetic fields generated by transmission lines and health effects. For more information, visit the National Institute for Environmental Health Sciences . How are electric and magnetic fields regulated? DEP regulates electric and magnetic fields for electrical transmission lines. State standards establish a maximum magnitude for both electric and magnetic fields allowed at the edge of a transmission line right-of-way. These standards apply to all new transmission lines constructed in Florida. Utilities are responsible for submitting compliance reports to the Siting Coordination Office. Last Modified: Friday, Jul 25, 2025 - 01:17pm Interested in subscribing to DEP newsletters or receiving DEP updates through email?",2026-09-26T16:50:05+00:00,2026-09-26T20:29:57+00:00,yes
6a753d4ba749a1f74077,Multiple Florida Utilities,Transmission lines certified under the Power Plant Siting Act are also exempt from the Transmission Line,New transmission line,NA,NA,NA,NA,NA,none,electric power over long distances from power plants to sub,stations. Distribution lines conduct less than,69,0,NA,NA,NA,0,0,NA,electric power over long distances from power plants to sub; stations. Distribution lines conduct less than,Florida DEP - Siting Coordination Office,https://floridadep.gov/water/siting-coordination-office/content/frequently-asked-questions,"Transmission lines certified under the Power Plant Siting Act are also exempt from the Transmission Line Siting Act. What is the difference between a transmission line and a distribution line? Transmission lines conduct 69 or more kV and deliver electric power over long distances from power plants to sub-stations. Distribution lines conduct less than 69 kV and deliver electric power from substations to residential and commercial users. Who determines that a transmission line is necessary? The utility typically determines when a new transmission line is necessary to transmit bulk power from one location to another. For projects subject to the Transmission Line Siting Act, the utility justifies the need for a new transmission line to the Florida Public Service Commission, which regulates utilities. Who regulates the location of transmission lines not subject to a Siting Act?",2026-09-26T16:50:05+00:00,2026-09-26T20:29:57+00:00,yes
2278d28695b6279e4dec,Multiple Florida Utilities,What is the difference between a transmission line,New transmission line,NA,NA,NA,NA,NA,none,electric power over long distances from power plants to sub,stations. Distribution lines conduct less than,69,0,NA,NA,NA,0,0,NA,electric power over long distances from power plants to sub; stations. Distribution lines conduct less than,Florida DEP - Siting Coordination Office,https://floridadep.gov/water/siting-coordination-office/content/frequently-asked-questions,"What is the difference between a transmission line and a distribution line? Transmission lines conduct 69 or more kV and deliver electric power over long distances from power plants to sub-stations. Distribution lines conduct less than 69 kV and deliver electric power from substations to residential and commercial users. Who determines that a transmission line is necessary? The utility typically determines when a new transmission line is necessary to transmit bulk power from one location to another. For projects subject to the Transmission Line Siting Act, the utility justifies the need for a new transmission line to the Florida Public Service Commission, which regulates utilities. Who regulates the location of transmission lines not subject to a Siting Act? The locations of transmission lines not subject to the Transmission Line Siting Act and Power Plant Siting Act are subject to any applicable local permitting requirements.",2026-09-26T16:50:05+00:00,2026-09-26T20:29:57+00:00,yes
39868c55eeec06e335e6,Multiple Florida Utilities,Which transmission lines are subject to the Transmission Line,New transmission line,NA,NA,NA,NA,NA,none,electric power over long distances from power plants to sub,stations. Distribution lines conduct less than,230,15,NA,NA,NA,0,0,NA,electric power over long distances from power plants to sub; stations. Distribution lines conduct less than,Florida DEP - Siting Coordination Office,https://floridadep.gov/water/siting-coordination-office/content/frequently-asked-questions,"Which transmission lines are subject to the Transmission Line Siting Act? Most transmission lines conducting 230 kV or more are subject to the Transmission Line Act. Exceptions: Transmission lines with construction limited to established rights-of-way, are less than 15 miles long, or that do not cross a county line are exempt from the Transmission Line Siting Act. Transmission lines certified under the Power Plant Siting Act are also exempt from the Transmission Line Siting Act. What is the difference between a transmission line and a distribution line? Transmission lines conduct 69 or more kV and deliver electric power over long distances from power plants to sub-stations. Distribution lines conduct less than 69 kV and deliver electric power from substations to residential and commercial users. Who determines that a transmission line is necessary?",2026-09-26T16:50:05+00:00,2026-09-26T20:29:57+00:00,yes
810eec99dc1531eef52f,Multiple Florida Utilities,kV and deliver electric power from substations to residential and commercial users. Who determines that a transmission line,New transmission line,NA,NA,NA,NA,NA,none,electric power over long distances from power plants to sub,stations. Distribution lines conduct less than,69,0,NA,NA,NA,0,0,NA,electric power over long distances from power plants to sub; stations. Distribution lines conduct less than,Florida DEP - Siting Coordination Office,https://floridadep.gov/water/siting-coordination-office/content/frequently-asked-questions,"Transmission lines conduct 69 or more kV and deliver electric power over long distances from power plants to sub-stations. Distribution lines conduct less than 69 kV and deliver electric power from substations to residential and commercial users. Who determines that a transmission line is necessary? The utility typically determines when a new transmission line is necessary to transmit bulk power from one location to another. For projects subject to the Transmission Line Siting Act, the utility justifies the need for a new transmission line to the Florida Public Service Commission, which regulates utilities. Who regulates the location of transmission lines not subject to a Siting Act? The locations of transmission lines not subject to the Transmission Line Siting Act and Power Plant Siting Act are subject to any applicable local permitting requirements. Utilities also will need to file for an Environmental Resource Permit with DEP.",2026-09-26T16:50:05+00:00,2026-09-26T20:29:57+00:00,yes
6921b18724ccd5515fa8,Multiple Florida Utilities,more of electric power are subject to the Power Plant Siting Act. Which transmission lines are subject to the Transmission Line,New transmission line,NA,NA,NA,NA,NA,none,NA,NA,230,15,NA,NA,NA,0,0,NA,Florida,Florida DEP - Siting Coordination Office,https://floridadep.gov/water/siting-coordination-office/content/frequently-asked-questions,"For projects subject to the Power Plant Siting Act, the need for a new facility is determined by the Florida Public Service Commission, which regulates utilities. Which power plants are subject to the Power Plant Siting Act? All power plants built after October 1, 1973, by regulated electric utilities in Florida, using solar energy or steam turbines to generate 75 MW or more of electric power are subject to the Power Plant Siting Act. Which transmission lines are subject to the Transmission Line Siting Act? Most transmission lines conducting 230 kV or more are subject to the Transmission Line Act. Exceptions: Transmission lines with construction limited to established rights-of-way, are less than 15 miles long, or that do not cross a county line are exempt from the Transmission Line Siting Act. Transmission lines certified under the Power Plant Siting Act are also exempt from the Transmission Line Siting Act. What is the difference between a transmission line and a distribution line?",2026-09-26T16:50:05+00:00,2026-09-26T20:29:57+00:00,yes
8b4b0deea8d6b522af7e,Multiple Florida Utilities,more of electric power are subject to the Power Plant Siting Act. Which transmission lines are subject to the Transmission Line,New transmission line,NA,NA,NA,NA,NA,none,electric power over long distances from power plants to sub,stations. Distribution lines conduct less than,230,15,NA,NA,NA,0,0,NA,electric power over long distances from power plants to sub; stations. Distribution lines conduct less than; Florida,Florida DEP - Siting Coordination Office,https://floridadep.gov/water/siting-coordination-office/content/frequently-asked-questions,"All power plants built after October 1, 1973, by regulated electric utilities in Florida, using solar energy or steam turbines to generate 75 MW or more of electric power are subject to the Power Plant Siting Act. Which transmission lines are subject to the Transmission Line Siting Act? Most transmission lines conducting 230 kV or more are subject to the Transmission Line Act. Exceptions: Transmission lines with construction limited to established rights-of-way, are less than 15 miles long, or that do not cross a county line are exempt from the Transmission Line Siting Act. Transmission lines certified under the Power Plant Siting Act are also exempt from the Transmission Line Siting Act. What is the difference between a transmission line and a distribution line? Transmission lines conduct 69 or more kV and deliver electric power over long distances from power plants to sub-stations. Distribution lines conduct less than 69 kV and deliver electric power from substations to residential and commercial users.",2026-09-26T16:50:05+00:00,2026-09-26T20:29:57+00:00,yes
6630f21b5010d8d402aa,Multiple Florida Utilities,one Certification Hearing will be held in the general area of the transmission line,Transmission project,NA,NA,NA,NA,NA,none,NA,NA,0,0,NA,online,NA,0,0,NA,NA,Florida DEP - Siting Coordination Office,https://floridadep.gov/water/siting-coordination-office/content/opportunities-public-involvement,"Further, the petition will require a timely filing with the Division of Administrative Hearings; look at other cases to determine the format to follow. Check the Division of Administrative Hearings' Docket online for similar cases. Attend the Certification Hearing, if held. Unless all parties stipulate otherwise, one Certification Hearing will be held in the general area of the transmission line. Any citizen may attend the Certification Hearing and provide comments, written or oral, at the discretion of the Hearing Officer. If the Hearing Officer considers such communication, all parties are given an opportunity to cross-examine, challenge or rebut the comments. Attend the Siting Board (Governor and Cabinet) meeting regarding Certification, if held. A Siting Board meeting regarding Certification will be held if a Certification Hearing was held.",2026-09-26T16:50:05+00:00,2026-09-26T20:29:57+00:00,yes
78f9861ee0eb704eb432,Multiple Florida Utilities,or that do not cross a county line are exempt from the Transmission Line,New transmission line,NA,NA,NA,NA,NA,none,electric power over long distances from power plants to sub,stations. Distribution lines conduct less than,69,15,NA,NA,NA,0,0,NA,electric power over long distances from power plants to sub; stations. Distribution lines conduct less than,Florida DEP - Siting Coordination Office,https://floridadep.gov/water/siting-coordination-office/content/frequently-asked-questions,"Exceptions: Transmission lines with construction limited to established rights-of-way, are less than 15 miles long, or that do not cross a county line are exempt from the Transmission Line Siting Act. Transmission lines certified under the Power Plant Siting Act are also exempt from the Transmission Line Siting Act. What is the difference between a transmission line and a distribution line? Transmission lines conduct 69 or more kV and deliver electric power over long distances from power plants to sub-stations. Distribution lines conduct less than 69 kV and deliver electric power from substations to residential and commercial users. Who determines that a transmission line is necessary? The utility typically determines when a new transmission line is necessary to transmit bulk power from one location to another. For projects subject to the Transmission Line Siting Act, the utility justifies the need for a new transmission line to the Florida Public Service Commission, which regulates utilities.",2026-09-26T16:50:05+00:00,2026-09-26T20:29:57+00:00,yes
3bad344cb57c40f5575d,Orlando Utilities Commission,"OUC - News / Infrastructure: In-person payments will be credited to your account Saturday evening, September 26. Careers Business Contact OUC English Español",Transmission project,NA,NA,NA,NA,NA,none,NA,NA,0,0,NA,NA,NA,2026,0,NA,My Account Pay My; Our Facilities Solar Initiatives; Our Community Community Focus; Orlando Lift Station; St. Cloud Municipal Power,OUC - News / Infrastructure,https://www.ouc.com/about/infrastructure-projects/,"In-person payments will be credited to your account Saturday evening, September 26. Careers Business Contact OUC English Español Log in My Account Pay My Bill Usage Dashboard OUC Alerts Start, Stop or Move Service My OUC Energy Coach Understanding My Bill Using myOUC Service Rates & Costs Smart Meters Solutions & Programs Saving Solutions Rebates Efficiency Delivered Conservation Audits Save Energy & Water Tips Billing Programs OUC Power Pass Budget Billing Business Solutions Development Services Economic Development District Cooling Services Indoor Lighting Services Outdoor Lighting Services Delegated Authority Power Quality & Consumption Analysis Vertical Real Estate - Attachments Portable Water Meters Solar Programs SunChoice for Business SunChoice for Home Rooftop Solar Electric Vehicle Programs EV Charging Hubs EV Benefits & Education Commercial EV Programs Preferred Contractor Network Become a Preferred Contactor Home Warranty Programs Customer Service Contact OUC Report Misuse Bill Inserts & Reports Outage Map Financial & Medical Assistance Report an Outage or Problem Weather & Safety Tips Storm Center Sustainability Sustainability Goals Sustainability at Our Facilities Solar Initiatives Caring for the Environment Electric Vehicle Initiatives Community Commitment to Our Community Community Focus Areas Water Color Project Watts Savings Project Community Requests About OUC Who We Are Our Business Locations OUC’s Commission Newsroom Careers OUC Internships Government Relations & Financials Doing Business With OUC Infrastructure Projects Electric Services Electric Demand Water Services Pay My Bills Report a Problem Start / Stop/ Move Service Business Contact Us Careers Search OUC.com Search Search Log In to myOUC Username Password Forgot Username? Register Building a",2026-09-26T16:50:05+00:00,2026-09-26T20:29:57+00:00,yes
a379aed840ea3d14c023,Tampa Electric,Power System Reliability Storm Protection Plan About Your Rates Power Generation Current Projects Cass Street Substation,New substation,NA,NA,NA,NA,NA,none,Your Rates Power Generation Current Projects Cass Street,NA,0,0,NA,NA,NA,0,0,NA,Your Rates Power Generation Current Projects Cass Street,Tampa Electric - Current Grid Projects,https://www.tampaelectric.com/company/ourpowersystem/projects/,"Economic Development Service Area and Reliability Rates & Programs Workforce Development Featured Stories Featured Stories Featured Stories All Categories Community Company News Innovation Programs & Services Weather & Safety Your Service Your Service Electric Service Electric Service Options New Customer Hub Let Us Help Report A Concern Power Outages Streetlight Out Tree Limbs Electricity Theft Outage Support Outage Map Outage Notifications Power Restoration Storm Center Rates, Charges and Service Rates Understanding Your Bill About Your Meter Retail Tariff Book Get Our e-Newsletter Outdoor Lighting Solutions Your Safety Your Safety Electric Safety Your Safety Call Before You Dig Home Safety Kids Safety Power Line Safety Power Plant Safety Employee and Contractor Safety Scam Safety Storm Center Storm Protection Storm Protection Planning Strengthening Power Lines Undergrounding Power Lines Tree Trimming Safe Work Practices and Programs Contractor Safety Energy Supply Programs Energy Supply Forms Energy Delivery SWP Contractor Orientation Our Company Our Company Our Business Our Power System Solar Solutions Power Generation Current Projects Rights of Way Sustainability Environment Environmental Leadership Coal Combustion Residual Compliance Electric Vehicles Manatee Viewing Center Florida Conservation and Technology Center Our Community Involvement Community Responsibility Share Volunteerism Featured Stories Media Center Social Media Careers Our Culture About Us Mission and Values Our Culture of Belonging Economic Contribution Compliance and Reporting Our Leadership Executive Leadership Board of Directors Business Resources Suppliers Economic Development Air Services Laboratory Services Metro-Link Our Brand Help Center Help Center Resources Understanding Your Bill About",2026-09-26T16:50:05+00:00,2026-09-26T20:29:57+00:00,yes
1997aea652af9c9ef8f8,Tampa Electric,Tampa Electric - Current Grid Projects: Current Projects For Your Home For Your Business Your Service Electric Service Electric Service Options New Customer Hub,Transmission / substation project,NA,NA,NA,NA,NA,none,NA,NA,0,0,NA,NA,NA,0,0,NA,Go Connecting Your Solar; Save Ways; Save Save Energy Energy,Tampa Electric - Current Grid Projects,https://www.tampaelectric.com/company/ourpowersystem/projects/,"Current Projects For Your Home For Your Business Your Service Electric Service Electric Service Options New Customer Hub Let Us Help Report A Concern Power Outages Streetlight Out Tree Limbs Electricity Theft Outage Support Outage Map Outage Notifications Power Restoration Storm Center Rates, Charges and Service Rates Understanding Your Bill About Your Meter Retail Tariff Book Get Our e-Newsletter Outdoor Lighting Solutions Your Safety Electric Safety Your Safety Call Before You Dig Home Safety Kids Safety Power Line Safety Power Plant Safety Employee and Contractor Safety Scam Safety Storm Center Storm Protection Storm Protection Planning Strengthening Power Lines Undergrounding Power Lines Tree Trimming Safe Work Practices and Programs Contractor Safety Energy Supply Programs Energy Supply Forms Energy Delivery SWP Contractor Orientation Our Company Our Business Our Power System Solar Solutions Power Generation Current Projects Rights of Way Sustainability Environment Environmental Leadership Coal Combustion Residual Compliance Electric Vehicles Manatee Viewing Center Florida Conservation and Technology Center Our Community Involvement Community Responsibility Share Volunteerism Featured Stories Media Center Social Media Careers Our Culture About Us Mission and Values Our Culture of Belonging Economic Contribution Compliance and Reporting Our Leadership Executive Leadership Board of Directors Business Resources Suppliers Economic Development Air Services Laboratory Services Metro-Link Our Brand Help Center Resources Understanding Your Bill About Your Meter About Your Rates Energy Calculators Check Project Status Contact Us Report an Outage Streetlight Out Glossary of Energy-related Definitions Account & Billing Payment Payment Options Auto Pay Boost Payments Pay via B",2026-09-26T16:50:05+00:00,2026-09-26T20:29:57+00:00,yes
56d8f41a17c187123da7,Tampa Electric,Tampa Electric - Current Grid Projects: Economic Development Service Area and Reliability Rates & Programs Workforce Development Featured Stories Featured Stories All Categories Community,Transmission / substation project,NA,NA,NA,NA,NA,none,NA,NA,0,0,NA,NA,NA,0,0,NA,Go Connecting Your Solar; Save Ways; Save Save Energy Energy,Tampa Electric - Current Grid Projects,https://www.tampaelectric.com/company/ourpowersystem/projects/,"Economic Development Service Area and Reliability Rates & Programs Workforce Development Featured Stories Featured Stories All Categories Community Company News Innovation Programs & Services Weather & Safety Subscribe to our newsletter for energy- and cost-saving resources and more. For Your Home For Your Business Account & Billing Account & Billing Payment Payment Options Auto Pay Boost Payments Pay via Bank Account Bank Payments Pay By Card or Digital Wallet Pay By Mail Pay In Person Payment Assistance Payment Arrangement Third Party Bill Notifications Billing Billing Options Understanding Your Bill Paperless Billing Budget Billing Due Date Plus Services Electric Service Start, Transfer, or Stop Service Deposit Options Outdoor Lighting Programs Programs Solar Solutions Solar 101 Sun Select Sun to Go Connecting Your Solar Services for Home Outdoor Lighting Zap Cap Systems Medical Watch Construction Electric Vehicles EV Benefits Charging Options Installing a Charger Ways to Save Ways to Save Ways to Save Save Energy Energy Audit Prime Time Plus Energy Planner Weatherization Education and Awareness Energy Calculators Rebates & Incentives Ductwork Ceiling Insulation Heating & Cooling Energy Star® New Construction Energy Star® Smart Thermostat Energy-Efficiency Tips Featured Stories Featured Stories Featured Stories All Categories Community Company News Innovation Programs & Services Weather & Safety Your Service Your Service Electric Service Electric Service Options New Customer Hub Let Us Help Report A Concern Power Outages Streetlight Out Tree Limbs Electricity Theft Outage Support Outage Map Outage Notifications Power Restoration Storm Center Rates, Charges and Service Rates Understanding Your Bill About Your Meter Retail Tariff Book Get Our e-Newsletter Outdoor Light",2026-09-26T16:50:05+00:00,2026-09-26T20:29:57+00:00,yes
71d41d99716e886f35bd,Tampa Electric,Tampa Electric - Current Grid Projects: Electricity Theft - Tampa Electric For Your Home For Your Business Your Service Electric Service Electric Service Options,Transmission / substation project,NA,NA,NA,NA,NA,none,NA,NA,0,0,NA,NA,NA,0,0,NA,Go Connecting Your Solar; Save Ways; Save Save Energy Energy,Tampa Electric - Current Grid Projects,https://www.tampaelectric.com/forms/residential/electricity-theft/,"Electricity Theft - Tampa Electric For Your Home For Your Business Your Service Electric Service Electric Service Options New Customer Hub Let Us Help Report A Concern Power Outages Streetlight Out Tree Limbs Electricity Theft Outage Support Outage Map Outage Notifications Power Restoration Storm Center Rates, Charges and Service Rates Understanding Your Bill About Your Meter Retail Tariff Book Get Our e-Newsletter Outdoor Lighting Solutions Your Safety Electric Safety Your Safety Call Before You Dig Home Safety Kids Safety Power Line Safety Power Plant Safety Employee and Contractor Safety Scam Safety Storm Center Storm Protection Storm Protection Planning Strengthening Power Lines Undergrounding Power Lines Tree Trimming Safe Work Practices and Programs Contractor Safety Energy Supply Programs Energy Supply Forms Energy Delivery SWP Contractor Orientation Our Company Our Business Our Power System Solar Solutions Power Generation Current Projects Rights of Way Sustainability Environment Environmental Leadership Coal Combustion Residual Compliance Electric Vehicles Manatee Viewing Center Florida Conservation and Technology Center Our Community Involvement Community Responsibility Share Volunteerism Featured Stories Media Center Social Media Careers Our Culture About Us Mission and Values Our Culture of Belonging Economic Contribution Compliance and Reporting Our Leadership Executive Leadership Board of Directors Business Resources Suppliers Economic Development Air Services Laboratory Services Metro-Link Our Brand Help Center Resources Understanding Your Bill About Your Meter About Your Rates Energy Calculators Check Project Status Contact Us Report an Outage Streetlight Out Glossary of Energy-related Definitions Account & Billing Payment Payment Options Auto Pay Boost",2026-09-26T16:50:05+00:00,2026-09-26T20:29:57+00:00,yes
0c02042b77a7296bcfe9,Tampa Electric,Tampa Electric - Current Grid Projects: For Your Home For Your Business Account & Billing Account & Billing Payment Payment Options Auto Pay Boost,Transmission / substation project,NA,NA,NA,NA,NA,none,NA,NA,0,0,NA,NA,NA,0,0,NA,Go Connecting Your Solar; Save Ways; Save Save Energy Energy,Tampa Electric - Current Grid Projects,https://www.tampaelectric.com/forms/residential/tree-limbs/,"For Your Home For Your Business Account & Billing Account & Billing Payment Payment Options Auto Pay Boost Payments Pay via Bank Account Bank Payments Pay By Card or Digital Wallet Pay By Mail Pay In Person Payment Assistance Payment Arrangement Third Party Bill Notifications Billing Billing Options Understanding Your Bill Paperless Billing Budget Billing Due Date Plus Services Electric Service Start, Transfer, or Stop Service Deposit Options Outdoor Lighting Programs Programs Solar Solutions Solar 101 Sun Select Sun to Go Connecting Your Solar Services for Home Outdoor Lighting Zap Cap Systems Medical Watch Construction Electric Vehicles EV Benefits Charging Options Installing a Charger Ways to Save Ways to Save Ways to Save Save Energy Energy Audit Prime Time Plus Energy Planner Weatherization Education and Awareness Energy Calculators Rebates & Incentives Ductwork Ceiling Insulation Heating & Cooling Energy Star® New Construction Energy Star® Smart Thermostat Energy-Efficiency Tips Featured Stories Featured Stories Featured Stories All Categories Community Company News Innovation Programs & Services Weather & Safety Your Service Your Service Electric Service Electric Service Options New Customer Hub Let Us Help Report A Concern Power Outages Streetlight Out Tree Limbs Electricity Theft Outage Support Outage Map Outage Notifications Power Restoration Storm Center Rates, Charges and Service Rates Understanding Your Bill About Your Meter Retail Tariff Book Get Our e-Newsletter Outdoor Lighting Solutions Your Safety Your Safety Electric Safety Your Safety Call Before You Dig Home Safety Kids Safety Power Line Safety Power Plant Safety Employee and Contractor Safety Scam Safety Storm Center Storm Protection Storm Protection Planning Strengthening Power Lines Undergroundin",2026-09-26T16:50:05+00:00,2026-09-26T20:29:57+00:00,yes
db42fe0c1ffb8294ae65,Tampa Electric,Tampa Electric - Current Grid Projects: Outage Notifications For Your Home For Your Business Your Service Electric Service Electric Service Options New Customer Hub,Transmission / substation project,NA,NA,NA,NA,NA,none,NA,NA,0,0,NA,NA,NA,0,0,NA,Go Connecting Your Solar; Save Ways; Save Save Energy Energy,Tampa Electric - Current Grid Projects,https://www.tampaelectric.com/poweroutages/outage-notifications/,"Outage Notifications For Your Home For Your Business Your Service Electric Service Electric Service Options New Customer Hub Let Us Help Report A Concern Power Outages Streetlight Out Tree Limbs Electricity Theft Outage Support Outage Map Outage Notifications Power Restoration Storm Center Rates, Charges and Service Rates Understanding Your Bill About Your Meter Retail Tariff Book Get Our e-Newsletter Outdoor Lighting Solutions Your Safety Electric Safety Your Safety Call Before You Dig Home Safety Kids Safety Power Line Safety Power Plant Safety Employee and Contractor Safety Scam Safety Storm Center Storm Protection Storm Protection Planning Strengthening Power Lines Undergrounding Power Lines Tree Trimming Safe Work Practices and Programs Contractor Safety Energy Supply Programs Energy Supply Forms Energy Delivery SWP Contractor Orientation Our Company Our Business Our Power System Solar Solutions Power Generation Current Projects Rights of Way Sustainability Environment Environmental Leadership Coal Combustion Residual Compliance Electric Vehicles Manatee Viewing Center Florida Conservation and Technology Center Our Community Involvement Community Responsibility Share Volunteerism Featured Stories Media Center Social Media Careers Our Culture About Us Mission and Values Our Culture of Belonging Economic Contribution Compliance and Reporting Our Leadership Executive Leadership Board of Directors Business Resources Suppliers Economic Development Air Services Laboratory Services Metro-Link Our Brand Help Center Resources Understanding Your Bill About Your Meter About Your Rates Energy Calculators Check Project Status Contact Us Report an Outage Streetlight Out Glossary of Energy-related Definitions Account & Billing Payment Payment Options Auto Pay Boost Payments Pay v",2026-09-26T16:50:05+00:00,2026-09-26T20:29:57+00:00,yes
b7ce60a309ee2701dc1b,Tampa Electric,Tampa Electric - Current Grid Projects: Power Outages For Your Home For Your Business Your Service Electric Service Electric Service Options New Customer Hub,Transmission / substation project,NA,NA,NA,NA,NA,none,NA,NA,0,0,NA,NA,NA,0,0,NA,Go Connecting Your Solar; Save Ways; Save Save Energy Energy,Tampa Electric - Current Grid Projects,https://www.tampaelectric.com/poweroutages/,"Power Outages For Your Home For Your Business Your Service Electric Service Electric Service Options New Customer Hub Let Us Help Report A Concern Power Outages Streetlight Out Tree Limbs Electricity Theft Outage Support Outage Map Outage Notifications Power Restoration Storm Center Rates, Charges and Service Rates Understanding Your Bill About Your Meter Retail Tariff Book Get Our e-Newsletter Outdoor Lighting Solutions Your Safety Electric Safety Your Safety Call Before You Dig Home Safety Kids Safety Power Line Safety Power Plant Safety Employee and Contractor Safety Scam Safety Storm Center Storm Protection Storm Protection Planning Strengthening Power Lines Undergrounding Power Lines Tree Trimming Safe Work Practices and Programs Contractor Safety Energy Supply Programs Energy Supply Forms Energy Delivery SWP Contractor Orientation Our Company Our Business Our Power System Solar Solutions Power Generation Current Projects Rights of Way Sustainability Environment Environmental Leadership Coal Combustion Residual Compliance Electric Vehicles Manatee Viewing Center Florida Conservation and Technology Center Our Community Involvement Community Responsibility Share Volunteerism Featured Stories Media Center Social Media Careers Our Culture About Us Mission and Values Our Culture of Belonging Economic Contribution Compliance and Reporting Our Leadership Executive Leadership Board of Directors Business Resources Suppliers Economic Development Air Services Laboratory Services Metro-Link Our Brand Help Center Resources Understanding Your Bill About Your Meter About Your Rates Energy Calculators Check Project Status Contact Us Report an Outage Streetlight Out Glossary of Energy-related Definitions Account & Billing Payment Payment Options Auto Pay Boost Payments Pay via Bank",2026-09-26T16:50:05+00:00,2026-09-26T20:29:57+00:00,yes
d6d5261eaf751a153efc,Tampa Electric,Tampa Electric - Current Grid Projects: Report Streetlight Out - Tampa Electric For Your Home For Your Business Your Service Electric Service Electric Service,Transmission / substation project,NA,NA,NA,NA,NA,none,NA,NA,0,0,NA,NA,NA,0,0,NA,Go Connecting Your Solar; Save Ways; Save Save Energy Energy,Tampa Electric - Current Grid Projects,https://www.tampaelectric.com/forms/residential/streetlightout/,"Report Streetlight Out - Tampa Electric For Your Home For Your Business Your Service Electric Service Electric Service Options New Customer Hub Let Us Help Report A Concern Power Outages Streetlight Out Tree Limbs Electricity Theft Outage Support Outage Map Outage Notifications Power Restoration Storm Center Rates, Charges and Service Rates Understanding Your Bill About Your Meter Retail Tariff Book Get Our e-Newsletter Outdoor Lighting Solutions Your Safety Electric Safety Your Safety Call Before You Dig Home Safety Kids Safety Power Line Safety Power Plant Safety Employee and Contractor Safety Scam Safety Storm Center Storm Protection Storm Protection Planning Strengthening Power Lines Undergrounding Power Lines Tree Trimming Safe Work Practices and Programs Contractor Safety Energy Supply Programs Energy Supply Forms Energy Delivery SWP Contractor Orientation Our Company Our Business Our Power System Solar Solutions Power Generation Current Projects Rights of Way Sustainability Environment Environmental Leadership Coal Combustion Residual Compliance Electric Vehicles Manatee Viewing Center Florida Conservation and Technology Center Our Community Involvement Community Responsibility Share Volunteerism Featured Stories Media Center Social Media Careers Our Culture About Us Mission and Values Our Culture of Belonging Economic Contribution Compliance and Reporting Our Leadership Executive Leadership Board of Directors Business Resources Suppliers Economic Development Air Services Laboratory Services Metro-Link Our Brand Help Center Resources Understanding Your Bill About Your Meter About Your Rates Energy Calculators Check Project Status Contact Us Report an Outage Streetlight Out Glossary of Energy-related Definitions Account & Billing Payment Payment Options Auto Pay B",2026-09-26T16:50:05+00:00,2026-09-26T20:29:57+00:00,yes
cd325b334bf55acea9de,Tampa Electric,Tampa Electric - Current Grid Projects: Report a Concern For Your Home For Your Business Your Service Electric Service Electric Service Options New Customer,Transmission / substation project,NA,NA,NA,NA,NA,none,NA,NA,0,0,NA,NA,NA,0,0,NA,Go Connecting Your Solar; Save Ways; Save Save Energy Energy,Tampa Electric - Current Grid Projects,https://www.tampaelectric.com/residential/report-a-concern/,"Report a Concern For Your Home For Your Business Your Service Electric Service Electric Service Options New Customer Hub Let Us Help Report A Concern Power Outages Streetlight Out Tree Limbs Electricity Theft Outage Support Outage Map Outage Notifications Power Restoration Storm Center Rates, Charges and Service Rates Understanding Your Bill About Your Meter Retail Tariff Book Get Our e-Newsletter Outdoor Lighting Solutions Your Safety Electric Safety Your Safety Call Before You Dig Home Safety Kids Safety Power Line Safety Power Plant Safety Employee and Contractor Safety Scam Safety Storm Center Storm Protection Storm Protection Planning Strengthening Power Lines Undergrounding Power Lines Tree Trimming Safe Work Practices and Programs Contractor Safety Energy Supply Programs Energy Supply Forms Energy Delivery SWP Contractor Orientation Our Company Our Business Our Power System Solar Solutions Power Generation Current Projects Rights of Way Sustainability Environment Environmental Leadership Coal Combustion Residual Compliance Electric Vehicles Manatee Viewing Center Florida Conservation and Technology Center Our Community Involvement Community Responsibility Share Volunteerism Featured Stories Media Center Social Media Careers Our Culture About Us Mission and Values Our Culture of Belonging Economic Contribution Compliance and Reporting Our Leadership Executive Leadership Board of Directors Business Resources Suppliers Economic Development Air Services Laboratory Services Metro-Link Our Brand Help Center Resources Understanding Your Bill About Your Meter About Your Rates Energy Calculators Check Project Status Contact Us Report an Outage Streetlight Out Glossary of Energy-related Definitions Account & Billing Payment Payment Options Auto Pay Boost Payments Pay via B",2026-09-26T16:50:05+00:00,2026-09-26T20:29:57+00:00,yes
50d2fbdec57fb6981dcb,Tampa Electric,Tampa Electric - Current Grid Projects: Start Service For Your Home For Your Business Your Service Electric Service Electric Service Options New Customer Hub,Transmission / substation project,NA,NA,NA,NA,NA,none,NA,NA,0,0,NA,NA,NA,0,0,NA,Go Connecting Your Solar; Save Ways; Save Save Energy Energy,Tampa Electric - Current Grid Projects,https://www.tampaelectric.com/residential/start-service/,"Start Service For Your Home For Your Business Your Service Electric Service Electric Service Options New Customer Hub Let Us Help Report A Concern Power Outages Streetlight Out Tree Limbs Electricity Theft Outage Support Outage Map Outage Notifications Power Restoration Storm Center Rates, Charges and Service Rates Understanding Your Bill About Your Meter Retail Tariff Book Get Our e-Newsletter Outdoor Lighting Solutions Your Safety Electric Safety Your Safety Call Before You Dig Home Safety Kids Safety Power Line Safety Power Plant Safety Employee and Contractor Safety Scam Safety Storm Center Storm Protection Storm Protection Planning Strengthening Power Lines Undergrounding Power Lines Tree Trimming Safe Work Practices and Programs Contractor Safety Energy Supply Programs Energy Supply Forms Energy Delivery SWP Contractor Orientation Our Company Our Business Our Power System Solar Solutions Power Generation Current Projects Rights of Way Sustainability Environment Environmental Leadership Coal Combustion Residual Compliance Electric Vehicles Manatee Viewing Center Florida Conservation and Technology Center Our Community Involvement Community Responsibility Share Volunteerism Featured Stories Media Center Social Media Careers Our Culture About Us Mission and Values Our Culture of Belonging Economic Contribution Compliance and Reporting Our Leadership Executive Leadership Board of Directors Business Resources Suppliers Economic Development Air Services Laboratory Services Metro-Link Our Brand Help Center Resources Understanding Your Bill About Your Meter About Your Rates Energy Calculators Check Project Status Contact Us Report an Outage Streetlight Out Glossary of Energy-related Definitions Account & Billing Payment Payment Options Auto Pay Boost Payments Pay via Bank",2026-09-26T16:50:05+00:00,2026-09-26T20:29:57+00:00,yes
0e749d6758e5b10edf5e,Tampa Electric,Tampa Electric - Current Grid Projects: Tampa Electric For Your Home For Your Business Your Service Electric Service Electric Service Options New Customer Hub,Transmission / substation project,NA,NA,NA,NA,NA,none,NA,NA,0,0,NA,NA,NA,0,0,NA,Go Connecting Your Solar; Save Ways; Save Save Energy Energy,Tampa Electric - Current Grid Projects,https://www.tampaelectric.com/,"Tampa Electric For Your Home For Your Business Your Service Electric Service Electric Service Options New Customer Hub Let Us Help Report A Concern Power Outages Streetlight Out Tree Limbs Electricity Theft Outage Support Outage Map Outage Notifications Power Restoration Storm Center Rates, Charges and Service Rates Understanding Your Bill About Your Meter Retail Tariff Book Get Our e-Newsletter Outdoor Lighting Solutions Your Safety Electric Safety Your Safety Call Before You Dig Home Safety Kids Safety Power Line Safety Power Plant Safety Employee and Contractor Safety Scam Safety Storm Center Storm Protection Storm Protection Planning Strengthening Power Lines Undergrounding Power Lines Tree Trimming Safe Work Practices and Programs Contractor Safety Energy Supply Programs Energy Supply Forms Energy Delivery SWP Contractor Orientation Our Company Our Business Our Power System Solar Solutions Power Generation Current Projects Rights of Way Sustainability Environment Environmental Leadership Coal Combustion Residual Compliance Electric Vehicles Manatee Viewing Center Florida Conservation and Technology Center Our Community Involvement Community Responsibility Share Volunteerism Featured Stories Media Center Social Media Careers Our Culture About Us Mission and Values Our Culture of Belonging Economic Contribution Compliance and Reporting Our Leadership Executive Leadership Board of Directors Business Resources Suppliers Economic Development Air Services Laboratory Services Metro-Link Our Brand Help Center Resources Understanding Your Bill About Your Meter About Your Rates Energy Calculators Check Project Status Contact Us Report an Outage Streetlight Out Glossary of Energy-related Definitions Account & Billing Payment Payment Options Auto Pay Boost Payments Pay via Ban",2026-09-26T16:50:05+00:00,2026-09-26T20:29:57+00:00,yes
71c738e14f826904657e,Tampa Electric,Tampa Electric - Current Grid Projects: Tree Limbs - Tampa Electric For Your Home For Your Business Your Service Electric Service Electric Service Options,Transmission / substation project,NA,NA,NA,NA,NA,none,NA,NA,0,0,NA,NA,NA,0,0,NA,Go Connecting Your Solar; Save Ways; Save Save Energy Energy,Tampa Electric - Current Grid Projects,https://www.tampaelectric.com/forms/residential/tree-limbs/,"Tree Limbs - Tampa Electric For Your Home For Your Business Your Service Electric Service Electric Service Options New Customer Hub Let Us Help Report A Concern Power Outages Streetlight Out Tree Limbs Electricity Theft Outage Support Outage Map Outage Notifications Power Restoration Storm Center Rates, Charges and Service Rates Understanding Your Bill About Your Meter Retail Tariff Book Get Our e-Newsletter Outdoor Lighting Solutions Your Safety Electric Safety Your Safety Call Before You Dig Home Safety Kids Safety Power Line Safety Power Plant Safety Employee and Contractor Safety Scam Safety Storm Center Storm Protection Storm Protection Planning Strengthening Power Lines Undergrounding Power Lines Tree Trimming Safe Work Practices and Programs Contractor Safety Energy Supply Programs Energy Supply Forms Energy Delivery SWP Contractor Orientation Our Company Our Business Our Power System Solar Solutions Power Generation Current Projects Rights of Way Sustainability Environment Environmental Leadership Coal Combustion Residual Compliance Electric Vehicles Manatee Viewing Center Florida Conservation and Technology Center Our Community Involvement Community Responsibility Share Volunteerism Featured Stories Media Center Social Media Careers Our Culture About Us Mission and Values Our Culture of Belonging Economic Contribution Compliance and Reporting Our Leadership Executive Leadership Board of Directors Business Resources Suppliers Economic Development Air Services Laboratory Services Metro-Link Our Brand Help Center Resources Understanding Your Bill About Your Meter About Your Rates Energy Calculators Check Project Status Contact Us Report an Outage Streetlight Out Glossary of Energy-related Definitions Account & Billing Payment Payment Options Auto Pay Boost Payment",2026-09-26T16:50:05+00:00,2026-09-26T20:29:57+00:00,yes
006cc097ac3c12c9eba3,Tampa Electric,Tampa Electric - Current Grid Projects: Welcome to Tampa Electric For Your Home For Your Business Your Service Electric Service Electric Service Options New,Transmission / substation project,NA,NA,NA,NA,NA,none,NA,NA,0,0,NA,NA,NA,0,0,NA,Tampa Electric For Your; Go Connecting Your Solar; Save Ways; Save Save Energy Energy,Tampa Electric - Current Grid Projects,https://www.tampaelectric.com/welcome/,"Welcome to Tampa Electric For Your Home For Your Business Your Service Electric Service Electric Service Options New Customer Hub Let Us Help Report A Concern Power Outages Streetlight Out Tree Limbs Electricity Theft Outage Support Outage Map Outage Notifications Power Restoration Storm Center Rates, Charges and Service Rates Understanding Your Bill About Your Meter Retail Tariff Book Get Our e-Newsletter Outdoor Lighting Solutions Your Safety Electric Safety Your Safety Call Before You Dig Home Safety Kids Safety Power Line Safety Power Plant Safety Employee and Contractor Safety Scam Safety Storm Center Storm Protection Storm Protection Planning Strengthening Power Lines Undergrounding Power Lines Tree Trimming Safe Work Practices and Programs Contractor Safety Energy Supply Programs Energy Supply Forms Energy Delivery SWP Contractor Orientation Our Company Our Business Our Power System Solar Solutions Power Generation Current Projects Rights of Way Sustainability Environment Environmental Leadership Coal Combustion Residual Compliance Electric Vehicles Manatee Viewing Center Florida Conservation and Technology Center Our Community Involvement Community Responsibility Share Volunteerism Featured Stories Media Center Social Media Careers Our Culture About Us Mission and Values Our Culture of Belonging Economic Contribution Compliance and Reporting Our Leadership Executive Leadership Board of Directors Business Resources Suppliers Economic Development Air Services Laboratory Services Metro-Link Our Brand Help Center Resources Understanding Your Bill About Your Meter About Your Rates Energy Calculators Check Project Status Contact Us Report an Outage Streetlight Out Glossary of Energy-related Definitions Account & Billing Payment Payment Options Auto Pay Boost Payments",2026-09-26T16:50:05+00:00,2026-09-26T20:29:57+00:00,yes
